checklist_id,story_headline,story_lane,date,start_time,end_time,borough,route_or_location,editorial_priority,news_desk_status,confidence,assignment_score,permit_event_id,field_desk_link,coordinate_status
tvpp-9vvx:936942@2026-07-16,World Cup Activation,pop_up_street_activation,2026-07-16,08:00,20:00,Bronx,Lou Gehrig Plaza: Lou Gehrig Plaza E. 161st Street between Walton Ave and Grand Concourse,highest,unchecked,permit_confirmed,580,936942,https://setoxxx.github.io/nycif-field-desk/?v=civic-people-facing-v01&resetFilters=1&feeds=main&mode=all&assignment=1&date=2026-07-16&borough=Bronx,map_ready
tvpp-9vvx:936942@2026-07-17,World Cup Activation,pop_up_street_activation,2026-07-17,08:00,20:00,Bronx,Lou Gehrig Plaza: Lou Gehrig Plaza E. 161st Street between Walton Ave and Grand Concourse,highest,unchecked,permit_confirmed,580,936942,https://setoxxx.github.io/nycif-field-desk/?v=civic-people-facing-v01&resetFilters=1&feeds=main&mode=all&assignment=1&date=2026-07-17&borough=Bronx,map_ready
tvpp-9vvx:936942@2026-07-18,World Cup Activation,pop_up_street_activation,2026-07-18,08:00,20:00,Bronx,Lou Gehrig Plaza: Lou Gehrig Plaza E. 161st Street between Walton Ave and Grand Concourse,highest,unchecked,permit_confirmed,580,936942,https://setoxxx.github.io/nycif-field-desk/?v=civic-people-facing-v01&resetFilters=1&feeds=main&mode=all&assignment=1&date=2026-07-18&borough=Bronx,map_ready
tvpp-9vvx:936942@2026-07-19,World Cup Activation,pop_up_street_activation,2026-07-19,08:00,20:00,Bronx,Lou Gehrig Plaza: Lou Gehrig Plaza E. 161st Street between Walton Ave and Grand Concourse,highest,unchecked,permit_confirmed,580,936942,https://setoxxx.github.io/nycif-field-desk/?v=civic-people-facing-v01&resetFilters=1&feeds=main&mode=all&assignment=1&date=2026-07-19&borough=Bronx,map_ready
tvpp-9vvx:957666@2026-07-28,Rally-Demonstration,parade_march,2026-07-28,13:00,15:00,Manhattan,Dag Hammarskjold Plaza: First Avenue Plaza,highest,unchecked,permit_confirmed,520,957666,https://setoxxx.github.io/nycif-field-desk/?v=civic-people-facing-v01&resetFilters=1&feeds=main&mode=all&assignment=1&date=2026-07-28&borough=Manhattan,map_ready
tvpp-9vvx:933766@2026-07-29,High School Choir Concert and Block Party,pop_up_street_activation,2026-07-29,16:00,18:00,Brooklyn,Irving Square Park: Plaza,highest,unchecked,permit_confirmed,510,933766,https://setoxxx.github.io/nycif-field-desk/?v=civic-people-facing-v01&resetFilters=1&feeds=main&mode=all&assignment=1&date=2026-07-29&borough=Brooklyn,map_ready
tvpp-9vvx:944905@2026-08-04,CDP Democratic Marathon Protests,fan_zone_major_civic,2026-08-04,17:30,15:00,Manhattan,Dag Hammarskjold Plaza: First Avenue Plaza,highest,unchecked,permit_confirmed,490,944905,https://setoxxx.github.io/nycif-field-desk/?v=civic-people-facing-v01&resetFilters=1&feeds=main&mode=all&assignment=1&date=2026-08-04&borough=Manhattan,map_ready
tvpp-9vvx:952988@2026-07-16,FIFA NYSE EVENT,parade_march,2026-07-16,11:30,14:30,Manhattan,BROAD STREET between WALL STREET and EXCHANGE PLACE,highest,unchecked,permit_confirmed,420,952988,https://setoxxx.github.io/nycif-field-desk/?v=civic-people-facing-v01&resetFilters=1&feeds=main&mode=all&assignment=1&date=2026-07-16&borough=Manhattan,map_ready
tvpp-9vvx:955017@2026-07-18,Ranger Games: Nature World Cup,parade_march,2026-07-18,13:00,15:00,Bronx,Pelham Bay Park and Orchard Beach: Orchard Beach Nature Center,highest,unchecked,permit_confirmed,420,955017,https://setoxxx.github.io/nycif-field-desk/?v=civic-people-facing-v01&resetFilters=1&feeds=main&mode=all&assignment=1&date=2026-07-18&borough=Bronx,map_ready
tvpp-9vvx:923368@2026-07-18,FIFA Match Blackout Date,parade_march,2026-07-18,08:00,22:00,Manhattan,St. Nicholas Park: West 135th Street James Baldwin Lawn,highest,unchecked,permit_confirmed,420,923368,https://setoxxx.github.io/nycif-field-desk/?v=civic-people-facing-v01&resetFilters=1&feeds=main&mode=all&assignment=1&date=2026-07-18&borough=Manhattan,map_ready
tvpp-9vvx:931521@2026-07-19,World Cup Family fun on 9th St,parade_march,2026-07-19,12:00,18:00,Brooklyn,9 STREET between 5 AVENUE and 6 AVENUE,highest,unchecked,permit_confirmed,420,931521,https://setoxxx.github.io/nycif-field-desk/?v=civic-people-facing-v01&resetFilters=1&feeds=main&mode=all&assignment=1&date=2026-07-19&borough=Brooklyn,map_ready
tvpp-9vvx:923368@2026-07-19,FIFA Match Blackout Date,parade_march,2026-07-19,08:00,22:00,Manhattan,St. Nicholas Park: West 135th Street James Baldwin Lawn,highest,unchecked,permit_confirmed,420,923368,https://setoxxx.github.io/nycif-field-desk/?v=civic-people-facing-v01&resetFilters=1&feeds=main&mode=all&assignment=1&date=2026-07-19&borough=Manhattan,map_ready
tvpp-9vvx:940298@2026-07-19,FIFA 2026,parade_march,2026-07-19,12:00,18:00,Staten Island,Franklin D Roosevelt Boardwalk and Beach: Parking Lot 7 ? Soccer Field,highest,unchecked,permit_confirmed,420,940298,https://setoxxx.github.io/nycif-field-desk/?v=civic-people-facing-v01&resetFilters=1&feeds=main&mode=all&assignment=1&date=2026-07-19&borough=Staten%20Island,map_ready
tvpp-9vvx:954837@2026-07-17,4th Annual Pride Ball on the Highbridge,fan_zone_major_civic,2026-07-17,18:00,17:00,Manhattan,Highbridge Park: Water Tower Terrace,highest,unchecked,permit_confirmed,400,954837,https://setoxxx.github.io/nycif-field-desk/?v=civic-people-facing-v01&resetFilters=1&feeds=main&mode=all&assignment=1&date=2026-07-17&borough=Manhattan,map_ready
tvpp-9vvx:949240@2026-07-18,Disability Pride Month: Accessible Nature Hike,fan_zone_major_civic,2026-07-18,17:00,14:00,Bronx,Van Cortlandt Park: Nature Center Garden,highest,unchecked,permit_confirmed,400,949240,https://setoxxx.github.io/nycif-field-desk/?v=civic-people-facing-v01&resetFilters=1&feeds=main&mode=all&assignment=1&date=2026-07-18&borough=Bronx,map_ready
tvpp-9vvx:929631@2026-07-18,Brownsville Old Timer's Parade,parade_march,2026-07-18,12:00,16:30,Brooklyn,"PITKIN AVENUE between SARATOGA AVENUE and GRAFTON STREET,  PITKIN AVENUE between MOTHER GASTON BOULEVARD and SARATOGA AVENUE,  MOTHER GASTON BOULEVARD between NEW LOTS AVENUE and PITKIN AVENUE,  NEW LOTS AVENUE between SACKMAN STREET and MOTHER GASTON BOULEVARD,  SACKMAN STREET between NEW LOTS AVENUE and HEGEMAN AVENUE, Brownsville Recreation Center Playground: Brownsville Playground ,Brownsville Recreation Center Playground: Brownsville Playground",highest,unchecked,permit_confirmed,400,929631,https://setoxxx.github.io/nycif-field-desk/?v=civic-people-facing-v01&resetFilters=1&feeds=main&mode=all&assignment=1&date=2026-07-18&borough=Brooklyn,map_ready
tvpp-9vvx:957082@2026-07-18,15th Annual Trans Latina March,parade_march,2026-07-18,18:00,19:00,Queens,"ROOSEVELT AVENUE between NATIONAL STREET and 104 STREET,  ROOSEVELT AVENUE between NATIONAL STREET and 97 STREET,  97 STREET between ROOSEVELT AVENUE and 37 AVENUE,  37 AVENUE between 97 STREET and JUNCTION BOULEVARD,  JUNCTION BOULEVARD between 37 AVENUE and ROOSEVELT AVENUE,  ROOSEVELT AVENUE between JUNCTION BOULEVARD and NATIONAL STREET,  ROOSEVELT AVENUE between NATIONAL STREET and 104 STREET",highest,unchecked,permit_confirmed,400,957082,https://setoxxx.github.io/nycif-field-desk/?v=civic-people-facing-v01&resetFilters=1&feeds=main&mode=all&assignment=1&date=2026-07-18&borough=Queens,map_ready
tvpp-9vvx:944360@2026-07-18,Community March,parade_march,2026-07-18,16:30,18:00,Queens,"150-15 116 DRIVE, SUTPHIN BOULEVARD between FOCH BOULEVARD and 116 DRIVE, 150-15 116 DRIVE, FOCH BOULEVARD between SUTPHIN BOULEVARD and 155 STREET",highest,unchecked,permit_confirmed,400,944360,https://setoxxx.github.io/nycif-field-desk/?v=civic-people-facing-v01&resetFilters=1&feeds=main&mode=all&assignment=1&date=2026-07-18&borough=Queens,map_ready
tvpp-9vvx:906192@2026-07-18,Prayer Vigil - Religious event - July 1 - July 18 - July 25,parade_march,2026-07-18,16:30,23:30,Queens,Flushing Meadows Corona Park: Vatican Pavillion,highest,unchecked,permit_confirmed,400,906192,https://setoxxx.github.io/nycif-field-desk/?v=civic-people-facing-v01&resetFilters=1&feeds=main&mode=all&assignment=1&date=2026-07-18&borough=Queens,map_ready
tvpp-9vvx:940630@2026-07-19,HARVEST CEREMONY,parade_march,2026-07-19,11:00,18:00,Brooklyn,ELTON STREET between GLENMORE AVENUE and LIBERTY AVENUE,highest,unchecked,permit_confirmed,400,940630,https://setoxxx.github.io/nycif-field-desk/?v=civic-people-facing-v01&resetFilters=1&feeds=main&mode=all&assignment=1&date=2026-07-19&borough=Brooklyn,map_ready
tvpp-9vvx:932591@2026-07-19,July Falun Dafa Parade,parade_march,2026-07-19,13:00,15:00,Manhattan,"MOTT STREET between GRAND STREET and HESTER STREET,  MOTT STREET between HESTER STREET and WORTH STREET,  CHATHAM SQUARE between MOTT STREET and EAST BROADWAY,  EAST BROADWAY between CHATHAM SQUARE and ELDRIDGE STREET,  ELDRIDGE STREET between EAST BROADWAY and HESTER STREET,  HESTER STREET between ELDRIDGE STREET and ALLEN STREET",highest,unchecked,permit_confirmed,400,932591,https://setoxxx.github.io/nycif-field-desk/?v=civic-people-facing-v01&resetFilters=1&feeds=main&mode=all&assignment=1&date=2026-07-19&borough=Manhattan,map_ready
tvpp-9vvx:947399@2026-07-24,Wedding ceremony,parade_march,2026-07-24,14:00,12:00,Manhattan,Central Park: Ladies' Pavilion,highest,unchecked,permit_confirmed,400,947399,https://setoxxx.github.io/nycif-field-desk/?v=civic-people-facing-v01&resetFilters=1&feeds=main&mode=all&assignment=1&date=2026-07-24&borough=Manhattan,map_ready
tvpp-9vvx:945819@2026-07-25,Ol Dirty Bastard Street Co-Naming ceremony,street_co_naming,2026-07-25,12:00,14:00,Brooklyn,CLAVER PLACE between JEFFERSON AVENUE and PUTNAM AVENUE,highest,unchecked,permit_confirmed,400,945819,https://setoxxx.github.io/nycif-field-desk/?v=civic-people-facing-v01&resetFilters=1&feeds=main&mode=all&assignment=1&date=2026-07-25&borough=Brooklyn,map_ready
tvpp-9vvx:937150@2026-07-25,Wedding Ceremony,parade_march,2026-07-25,14:00,11:00,Manhattan,Central Park: Ladies' Pavilion,highest,unchecked,permit_confirmed,400,937150,https://setoxxx.github.io/nycif-field-desk/?v=civic-people-facing-v01&resetFilters=1&feeds=main&mode=all&assignment=1&date=2026-07-25&borough=Manhattan,map_ready
tvpp-9vvx:906192@2026-07-25,Prayer Vigil - Religious event - July 1 - July 18 - July 25,parade_march,2026-07-25,16:30,23:30,Queens,Flushing Meadows Corona Park: Vatican Pavillion,highest,unchecked,permit_confirmed,400,906192,https://setoxxx.github.io/nycif-field-desk/?v=civic-people-facing-v01&resetFilters=1&feeds=main&mode=all&assignment=1&date=2026-07-25&borough=Queens,map_ready
tvpp-9vvx:934705@2026-07-26,Colombian Day Parade,heritage_cultural_parade,2026-07-26,12:00,15:00,Queens,"69 STREET between NORTHERN BOULEVARD and 35 AVENUE,  NORTHERN BOULEVARD between 69 STREET and 87 STREET,  87 STREET between NORTHERN BOULEVARD and 32 AVENUE,  NORTHERN BOULEVARD between 85 STREET and 86 STREET",highest,unchecked,permit_confirmed,400,934705,https://setoxxx.github.io/nycif-field-desk/?v=civic-people-facing-v01&resetFilters=1&feeds=main&mode=all&assignment=1&date=2026-07-26&borough=Queens,map_ready
tvpp-9vvx:932306@2026-07-28,Bronx Anti-Stigma March,parade_march,2026-07-28,10:00,12:00,Bronx,"EAST  149 STREET between BROOK AVENUE and BERGEN AVENUE,  GRAND CONCOURSE between EAST  149 STREET AND BROOK AVE and 161ST AND GRANDCONCOURSE, Joyce Kilmer Park: Picnic or Passive Event/Open Lawn",highest,unchecked,permit_confirmed,400,932306,https://setoxxx.github.io/nycif-field-desk/?v=civic-people-facing-v01&resetFilters=1&feeds=main&mode=all&assignment=1&date=2026-07-28&borough=Bronx,map_ready
tvpp-9vvx:929369@2026-08-01,Anti Gun Violence Rally,parade_march,2026-08-01,16:00,18:00,Brooklyn,Prospect Park: Park Circle Lawn Southeast,highest,unchecked,permit_confirmed,400,929369,https://setoxxx.github.io/nycif-field-desk/?v=civic-people-facing-v01&resetFilters=1&feeds=main&mode=all&assignment=1&date=2026-08-01&borough=Brooklyn,map_ready
tvpp-9vvx:926288@2026-08-01,Wedding ceremony,parade_march,2026-08-01,20:00,18:00,Manhattan,Central Park: Cop Cot,highest,unchecked,permit_confirmed,400,926288,https://setoxxx.github.io/nycif-field-desk/?v=civic-people-facing-v01&resetFilters=1&feeds=main&mode=all&assignment=1&date=2026-08-01&borough=Manhattan,map_ready
tvpp-9vvx:959625@2026-08-01,Parade,parade_march,2026-08-01,16:00,18:30,Queens,"46-16 ROBINSON STREET, ROBINSON STREET between HOLLY AVENUE and LABURNUM AVENUE,  LABURNUM AVENUE between ROBINSON STREET and KISSENA BOULEVARD,  KISSENA BOULEVARD between LABURNUM AVENUE and 45 AVENUE,  45 AVENUE between KISSENA BOULEVARD and SMART STREET,  SMART STREET between 45 AVENUE and HOLLY AVENUE,  HOLLY AVENUE between SMART STREET and ROBINSON STREET,  ROBINSON STREET between HOLLY AVENUE and LABURNUM AVENUE,  ROBINSON STREET between HOLLY AVENUE and LABURNUM AVENUE",highest,unchecked,permit_confirmed,400,959625,https://setoxxx.github.io/nycif-field-desk/?v=civic-people-facing-v01&resetFilters=1&feeds=main&mode=all&assignment=1&date=2026-08-01&borough=Queens,map_ready
tvpp-9vvx:906193@2026-08-01,Prayer Vigil - Religious event - August 1. Note time 1p to 11:30p,parade_march,2026-08-01,23:00,22:30,Queens,Flushing Meadows Corona Park: Vatican Pavillion,highest,unchecked,permit_confirmed,400,906193,https://setoxxx.github.io/nycif-field-desk/?v=civic-people-facing-v01&resetFilters=1&feeds=main&mode=all&assignment=1&date=2026-08-01&borough=Queens,map_ready
tvpp-9vvx:932603@2026-08-02,Ecuadorian Parade,parade_march,2026-08-02,12:00,15:00,Queens,"69 STREET between NORTHERN BLVD and 35 AVENUE,  NORTHERN BOULEVARD between 69 STREET and 87 STREET,  87 STREET between NORTHERN BOULEVARD and 32 AVENUE,  NORTHERN BOULEVARD between 85 STREET and 86 STREET",highest,unchecked,permit_confirmed,400,932603,https://setoxxx.github.io/nycif-field-desk/?v=civic-people-facing-v01&resetFilters=1&feeds=main&mode=all&assignment=1&date=2026-08-02&borough=Queens,map_ready
tvpp-9vvx:941529@2026-08-05,Rasuli Lewis Annual Childrens March for Peace,parade_march,2026-08-05,12:00,13:00,Manhattan,"134 STREET between ADAM CLAYTON POWELL JR BOULEVARD and FREDERICK DOUGLASS BLVD,  ADAM CLAYTON POWELL JR BOULEVARD between WEST  134 STREET and WEST  135 STREET,  ADAM CLAYTON POWELL JR BOULEVARD between WEST  135 STREET and WEST  136 STREET,  WEST  136 STREET between ADAM CLAYTON POWELL JR BOULEVARD and MALCOLM X BOULEVARD,  MALCOLM X BOULEVARD between WEST  137 STREET and WEST  138 STREET,  MALCOLM X BOULEVARD between WEST  138 STREET and WEST  139 STREET,  MALCOLM X BOULEVARD between WEST  139 STREET and WEST  140 STREET,  MALCOLM X BOULEVARD between WEST  140 STREET and WEST  141 STREET,  MALCOLM X BOULEVARD between WEST  141 STREET and WEST  142 STREET,  WEST  142 STREET between MALCOLM X BOULEVARD and 5 AVENUE,  MALCOLM X BOULEVARD between WEST  136 STREET and WEST  137 STREET,  WEST  134 STREET between FREDERICK DOUGLASS BOULEVARD and ST NICHOLAS AVENUE",highest,unchecked,permit_confirmed,400,941529,https://setoxxx.github.io/nycif-field-desk/?v=civic-people-facing-v01&resetFilters=1&feeds=main&mode=all&assignment=1&date=2026-08-05&borough=Manhattan,map_ready
tvpp-9vvx:906790@2026-08-08,Jamaica Rising Day Parade,parade_march,2026-08-08,11:00,17:00,Brooklyn,"FLATBUSH AVENUE between CHURCH AVENUE and MARTENSE STREET,  FLATBUSH AVENUE between MARTENSE STREET and EMPIRE BOULEVARD,  EMPIRE BOULEVARD between FLATBUSH AVENUE and WASHINGTON AVENUE,  WASHINGTON AVENUE between EMPIRE BOULEVARD and MONTGOMERY STREET,  WASHINGTON AVENUE between MONTGOMERY STREET and PRESIDENT STREET,  MONTGOMERY STREET between WASHINGTON AVENUE and FRANKLIN AVENUE",highest,unchecked,permit_confirmed,400,906790,https://setoxxx.github.io/nycif-field-desk/?v=civic-people-facing-v01&resetFilters=1&feeds=main&mode=all&assignment=1&date=2026-08-08&borough=Brooklyn,map_ready
tvpp-9vvx:906194@2026-08-08,Prayer Vigil - Religious event - August 8 - August 15 - August 22,parade_march,2026-08-08,16:30,23:30,Queens,Flushing Meadows Corona Park: Vatican Pavillion,highest,unchecked,permit_confirmed,400,906194,https://setoxxx.github.io/nycif-field-desk/?v=civic-people-facing-v01&resetFilters=1&feeds=main&mode=all&assignment=1&date=2026-08-08&borough=Queens,map_ready
tvpp-9vvx:878952@2026-08-09,Grace American Peace Parade,parade_march,2026-08-09,14:00,18:00,Manhattan,"FREDERICK DOUGLASS BOULEVARD between WEST  123 STREET and WEST  126 STREET,  WEST  125 STREET between FREDERICK DOUGLASS BOULEVARD and MALCOLM X BOULEVARD,  MALCOLM X BOULEVARD between WEST  125 STREET and CENTRAL PARK NORTH,  CENTRAL PARK NORTH between MALCOLM X BOULEVARD and ADAM CLAYTON POWELL BOULEVARD,  ADAM CLAYTON POWELL JR BOULEVARD between CENTRAL PARK NORTH and WEST  116 STREET,  ST NICHOLAS AVENUE between WEST  116 STREET and FREDERICK DOUGLASS BOULEVARD,  FREDERICK DOUGLASS BOULEVARD between WEST  121 STREET and WEST  124 STREET, 2320 FREDERICK DOUGLASS BOULEVARD,2320 FREDERICK DOUGLASS BOULEVARD",highest,unchecked,permit_confirmed,400,878952,https://setoxxx.github.io/nycif-field-desk/?v=civic-people-facing-v01&resetFilters=1&feeds=main&mode=all&assignment=1&date=2026-08-09&borough=Manhattan,map_ready
tvpp-9vvx:931406@2026-08-09,SOUTH ASIAN UNITY PARADE,parade_march,2026-08-09,11:00,13:00,Queens,"69TH ST between 37 AVE and 35 AVE,  37 AVENUE between 69 STREET and 87 STREET,  87 STREET  between 37 AVE and 35 AVE,  37 AVENUE between 86 STREET and 87 STREET",highest,unchecked,permit_confirmed,400,931406,https://setoxxx.github.io/nycif-field-desk/?v=civic-people-facing-v01&resetFilters=1&feeds=main&mode=all&assignment=1&date=2026-08-09&borough=Queens,map_ready
tvpp-9vvx:932997@2026-08-15,Religious Ceremony,parade_march,2026-08-15,13:00,17:00,Manhattan,Columbus Park: Pavilion Seating Area,highest,unchecked,permit_confirmed,400,932997,https://setoxxx.github.io/nycif-field-desk/?v=civic-people-facing-v01&resetFilters=1&feeds=main&mode=all&assignment=1&date=2026-08-15&borough=Manhattan,map_ready
tvpp-9vvx:927590@2026-08-15,MARCH FOR JESUS,parade_march,2026-08-15,15:00,14:00,Queens,"Phil ""Scooter"" Rizzuto Park / Smokey Oval: Phil ""Scooter"" Rizzuto Park   ,Phil ""Scooter"" Rizzuto Park / Smokey Oval: Basketball-02 ,Phil ""Scooter"" Rizzuto Park / Smokey Oval: Basketball-02",highest,unchecked,permit_confirmed,400,927590,https://setoxxx.github.io/nycif-field-desk/?v=civic-people-facing-v01&resetFilters=1&feeds=main&mode=all&assignment=1&date=2026-08-15&borough=Queens,map_ready
tvpp-9vvx:930860@2026-08-22,Wedding Vows Renewal Ceremony,parade_march,2026-08-22,15:00,12:00,Manhattan,Central Park: Belvedere Castle Terrace,highest,unchecked,permit_confirmed,400,930860,https://setoxxx.github.io/nycif-field-desk/?v=civic-people-facing-v01&resetFilters=1&feeds=main&mode=all&assignment=1&date=2026-08-22&borough=Manhattan,map_ready
tvpp-9vvx:941491@2026-07-17,Citywide Soccer Festival,pop_up_street_activation,2026-07-17,17:30,19:30,Bronx,"Reverend T. Wendell Foster Park: Reverend T. Wendell Foster   ,Reverend T. Wendell Foster Park: Soccer-01 ,Reverend T. Wendell Foster Park: Soccer-02",highest,unchecked,permit_confirmed,380,941491,https://setoxxx.github.io/nycif-field-desk/?v=civic-people-facing-v01&resetFilters=1&feeds=main&mode=all&assignment=1&date=2026-07-17&borough=Bronx,map_ready
tvpp-9vvx:934225@2026-07-17,GTC Festival Part 2,pop_up_street_activation,2026-07-17,17:00,21:00,Queens,Rockaway Beach and Boardwalk: Beach 94th Street,highest,unchecked,permit_confirmed,380,934225,https://setoxxx.github.io/nycif-field-desk/?v=civic-people-facing-v01&resetFilters=1&feeds=main&mode=all&assignment=1&date=2026-07-17&borough=Queens,map_ready
tvpp-9vvx:946096@2026-07-18,Ambassadors of Christ Street Fair,pop_up_street_activation,2026-07-18,13:00,17:30,Bronx,Van Nest Park: Van Nest Park,highest,unchecked,permit_confirmed,380,946096,https://setoxxx.github.io/nycif-field-desk/?v=civic-people-facing-v01&resetFilters=1&feeds=main&mode=all&assignment=1&date=2026-07-18&borough=Bronx,map_ready
tvpp-9vvx:933833@2026-07-18,Hope festival outreach.,pop_up_street_activation,2026-07-18,11:00,15:00,Bronx,Bronx Park: Comras Mall,highest,unchecked,permit_confirmed,380,933833,https://setoxxx.github.io/nycif-field-desk/?v=civic-people-facing-v01&resetFilters=1&feeds=main&mode=all&assignment=1&date=2026-07-18&borough=Bronx,map_ready
tvpp-9vvx:1110076@2026-07-18,The 15th Annual Bronx Pride Festival And Health Fair,pop_up_street_activation,2026-07-18,11:00,,Bronx,Crotona Park Amphitheater in Crotona Park,highest,unchecked,permit_confirmed,380,1110076,https://setoxxx.github.io/nycif-field-desk/?v=civic-people-facing-v01&resetFilters=1&feeds=main&mode=all&assignment=1&date=2026-07-18&borough=Bronx,map_ready
tvpp-9vvx:942854@2026-07-18,Citywide Soccer Festival,pop_up_street_activation,2026-07-18,12:00,15:00,Brooklyn,"Glenwood Playground: Adult Fitness Area   ,Glenwood Playground: Soccer-01",highest,unchecked,permit_confirmed,380,942854,https://setoxxx.github.io/nycif-field-desk/?v=civic-people-facing-v01&resetFilters=1&feeds=main&mode=all&assignment=1&date=2026-07-18&borough=Brooklyn,map_ready
tvpp-9vvx:912342@2026-07-18,Community festival 2026,pop_up_street_activation,2026-07-18,11:00,17:00,Manhattan,"Jacob H. Schiff Playground: Soccer-01   ,Jacob H. Schiff Playground: Softball-01",highest,unchecked,permit_confirmed,380,912342,https://setoxxx.github.io/nycif-field-desk/?v=civic-people-facing-v01&resetFilters=1&feeds=main&mode=all&assignment=1&date=2026-07-18&borough=Manhattan,map_ready
tvpp-9vvx:932833@2026-07-18,St. Catherine of Genoa Festival,pop_up_street_activation,2026-07-18,10:00,17:00,Manhattan,WEST  153 STREET between BROADWAY and AMSTERDAM AVENUE,highest,unchecked,permit_confirmed,380,932833,https://setoxxx.github.io/nycif-field-desk/?v=civic-people-facing-v01&resetFilters=1&feeds=main&mode=all&assignment=1&date=2026-07-18&borough=Manhattan,map_ready
tvpp-9vvx:2195486@2026-07-18,The 15th Annual Bronx Pride Festival And Health Fair,pop_up_street_activation,2026-07-18,11:00,,Multi-borough,Crotona Park Amphitheater (in Crotona Park),highest,unchecked,permit_confirmed,380,2195486,https://setoxxx.github.io/nycif-field-desk/?v=civic-people-facing-v01&resetFilters=1&feeds=main&mode=all&assignment=1&date=2026-07-18,map_ready
tvpp-9vvx:923900@2026-07-18,Goodhaven Percussion Festival featuringYowana Sari Gamelan Ensemble.,pop_up_street_activation,2026-07-18,15:00,19:00,Queens,Forest Park: Bandshell and Seating,highest,unchecked,permit_confirmed,380,923900,https://setoxxx.github.io/nycif-field-desk/?v=civic-people-facing-v01&resetFilters=1&feeds=main&mode=all&assignment=1&date=2026-07-18&borough=Queens,map_ready
tvpp-9vvx:935158@2026-07-19,Our Lady of Mt. Carmel Feast 2026,religious_procession_feast,2026-07-19,13:30,14:30,Bronx,"627 EAST  187 STREET, EAST  187 STREET between BELMONT AVENUE and HUGHES AVENUE,  EAST  187 STREET between HUGHES AVENUE and ARTHUR AVENUE,  ARTHUR AVENUE between EAST  187 STREET and CRESCENT AVENUE,  ARTHUR AVENUE between CRESCENT AVENUE and QUARRY ROAD,  EAST  182 STREET between HUGHES AVENUE and BELMONT AVENUE,  BELMONT AVENUE between EAST  183 STREET and CRESCENT AVENUE,  CRESCENT AVENUE between EAST  187 STREET and ARTHUR AVENUE,  EAST  187 STREET between CAMBRELENG AVENUE and BELMONT AVENUE, 627 EAST  187 STREET",highest,unchecked,permit_confirmed,380,935158,https://setoxxx.github.io/nycif-field-desk/?v=civic-people-facing-v01&resetFilters=1&feeds=main&mode=all&assignment=1&date=2026-07-19&borough=Bronx,map_ready
tvpp-9vvx:923904@2026-07-19,Rain Date -Goodhaven Percussion Festival featuringYowana Sari Gamelan Ensemble.,pop_up_street_activation,2026-07-19,15:00,19:00,Queens,Forest Park: Bandshell and Seating,highest,unchecked,permit_confirmed,380,923904,https://setoxxx.github.io/nycif-field-desk/?v=civic-people-facing-v01&resetFilters=1&feeds=main&mode=all&assignment=1&date=2026-07-19&borough=Queens,map_ready
tvpp-9vvx:948755@2026-07-20,Thai SELECT Cultural Festival,pop_up_street_activation,2026-07-20,00:01,23:59,Manhattan,EAST   42 STREET between PARK AVENUE and LEXINGTON AVENUE,highest,unchecked,permit_confirmed,380,948755,https://setoxxx.github.io/nycif-field-desk/?v=civic-people-facing-v01&resetFilters=1&feeds=main&mode=all&assignment=1&date=2026-07-20&borough=Manhattan,map_ready
tvpp-9vvx:941396@2026-07-24,Citywide Soccer Festival Series,pop_up_street_activation,2026-07-24,16:00,20:00,Manhattan,Chelsea Park: Soccer-01,highest,unchecked,permit_confirmed,380,941396,https://setoxxx.github.io/nycif-field-desk/?v=civic-people-facing-v01&resetFilters=1&feeds=main&mode=all&assignment=1&date=2026-07-24&borough=Manhattan,map_ready
tvpp-9vvx:958899@2026-07-24,2026 Queensboro Dance Festival,pop_up_street_activation,2026-07-24,18:00,19:00,Queens,Flushing Meadows Corona Park: Around the Unisphere,highest,unchecked,permit_confirmed,380,958899,https://setoxxx.github.io/nycif-field-desk/?v=civic-people-facing-v01&resetFilters=1&feeds=main&mode=all&assignment=1&date=2026-07-24&borough=Queens,map_ready
tvpp-9vvx:901610@2026-07-25,Fort Greene Park Jazz Festival,pop_up_street_activation,2026-07-25,15:00,19:00,Brooklyn,Fort Greene Park: Monument Plaza,highest,unchecked,permit_confirmed,380,901610,https://setoxxx.github.io/nycif-field-desk/?v=civic-people-facing-v01&resetFilters=1&feeds=main&mode=all&assignment=1&date=2026-07-25&borough=Brooklyn,map_ready
tvpp-9vvx:906547@2026-07-25,Downtown Jamaica Riddim and Jazz festival,pop_up_street_activation,2026-07-25,12:00,20:00,Queens,Rufus King Park: Event Area,highest,unchecked,permit_confirmed,380,906547,https://setoxxx.github.io/nycif-field-desk/?v=civic-people-facing-v01&resetFilters=1&feeds=main&mode=all&assignment=1&date=2026-07-25&borough=Queens,map_ready
tvpp-9vvx:930752@2026-07-25,Prayer Walk and Festival,pop_up_street_activation,2026-07-25,12:00,19:00,Queens,Baisley Pond Park: Large Lawn Area Zone 04,highest,unchecked,permit_confirmed,380,930752,https://setoxxx.github.io/nycif-field-desk/?v=civic-people-facing-v01&resetFilters=1&feeds=main&mode=all&assignment=1&date=2026-07-25&borough=Queens,map_ready
tvpp-9vvx:937267@2026-07-26,Bangladesh Festival (Rain Date),pop_up_street_activation,2026-07-26,10:00,21:00,Queens,Archie Spigner Park: Archie Spigner Park,highest,unchecked,permit_confirmed,380,937267,https://setoxxx.github.io/nycif-field-desk/?v=civic-people-facing-v01&resetFilters=1&feeds=main&mode=all&assignment=1&date=2026-07-26&borough=Queens,map_ready
tvpp-9vvx:955268@2026-07-26,St. Irene Feast Annual celebration,religious_procession_feast,2026-07-26,11:30,13:00,Queens,"3607 23 AVENUE, 23 AVENUE between 36 STREET and 33 STREET,  33 STREET between 23 AVENUE and DITMARS BOULEVARD,  DITMARS BOULEVARD between 33 STREET and 36 STREET,  36 STREET between DITMARS BOULEVARD and 23 AVENUE, 3607 23 AVENUE",highest,unchecked,permit_confirmed,380,955268,https://setoxxx.github.io/nycif-field-desk/?v=civic-people-facing-v01&resetFilters=1&feeds=main&mode=all&assignment=1&date=2026-07-26&borough=Queens,map_ready
tvpp-9vvx:923415@2026-08-01,Brooklyn Beach Sports Festival,pop_up_street_activation,2026-08-01,00:00,19:00,Brooklyn,Coney Island Beach & Boardwalk: Stillwell Avenue Area,highest,unchecked,permit_confirmed,380,923415,https://setoxxx.github.io/nycif-field-desk/?v=civic-people-facing-v01&resetFilters=1&feeds=main&mode=all&assignment=1&date=2026-08-01&borough=Brooklyn,map_ready
tvpp-9vvx:950710@2026-08-01,187 Block Party,pop_up_street_activation,2026-08-01,12:00,18:00,Manhattan,WEST  187 STREET between AMSTERDAM AVENUE and LAUREL HILL TERRACE,highest,unchecked,permit_confirmed,380,950710,https://setoxxx.github.io/nycif-field-desk/?v=civic-people-facing-v01&resetFilters=1&feeds=main&mode=all&assignment=1&date=2026-08-01&borough=Manhattan,map_ready
tvpp-9vvx:894545@2026-08-01,L0UBENGUELA FESTiVAL,pop_up_street_activation,2026-08-01,15:00,19:00,Manhattan,Marcus Garvey Park: Amphitheater,highest,unchecked,permit_confirmed,380,894545,https://setoxxx.github.io/nycif-field-desk/?v=civic-people-facing-v01&resetFilters=1&feeds=main&mode=all&assignment=1&date=2026-08-01&borough=Manhattan,map_ready
tvpp-9vvx:914700@2026-08-01,2026 Queensboro Dance Festival,pop_up_street_activation,2026-08-01,17:00,18:00,Queens,Queensbridge Park: Purple 1,highest,unchecked,permit_confirmed,380,914700,https://setoxxx.github.io/nycif-field-desk/?v=civic-people-facing-v01&resetFilters=1&feeds=main&mode=all&assignment=1&date=2026-08-01&borough=Queens,map_ready
tvpp-9vvx:901682@2026-08-02,Puerto Plata Festival,pop_up_street_activation,2026-08-02,10:00,20:00,Manhattan,"Randall's Island Park: Flagpole Plaza and Lawns   ,Randall's Island Park: Harlem River Event Area",highest,unchecked,permit_confirmed,380,901682,https://setoxxx.github.io/nycif-field-desk/?v=civic-people-facing-v01&resetFilters=1&feeds=main&mode=all&assignment=1&date=2026-08-02&borough=Manhattan,map_ready
tvpp-9vvx:946580@2026-08-08,Dominican Festival - AM Dilan,heritage_cultural_parade,2026-08-08,15:00,19:00,Queens,Highland Park: Amphitheatre/Spray Shower,highest,unchecked,permit_confirmed,380,946580,https://setoxxx.github.io/nycif-field-desk/?v=civic-people-facing-v01&resetFilters=1&feeds=main&mode=all&assignment=1&date=2026-08-08&borough=Queens,map_ready
tvpp-9vvx:946581@2026-08-09,Dominican Festival - AM Dilan RAIN DATE,heritage_cultural_parade,2026-08-09,15:00,19:00,Queens,Highland Park: Amphitheatre/Spray Shower,highest,unchecked,permit_confirmed,380,946581,https://setoxxx.github.io/nycif-field-desk/?v=civic-people-facing-v01&resetFilters=1&feeds=main&mode=all&assignment=1&date=2026-08-09&borough=Queens,map_ready
tvpp-9vvx:886772@2026-08-21,Rubyboo Entertainment Music Festival,pop_up_street_activation,2026-08-21,15:00,20:00,Manhattan,Central Park: Bandshell Plaza,highest,unchecked,permit_confirmed,380,886772,https://setoxxx.github.io/nycif-field-desk/?v=civic-people-facing-v01&resetFilters=1&feeds=main&mode=all&assignment=1&date=2026-08-21&borough=Manhattan,map_ready
tvpp-9vvx:910948@2026-08-22,Mid-Autumn Festival,pop_up_street_activation,2026-08-22,10:00,15:00,Manhattan,Columbus Park: Pavilion Seating Area,highest,unchecked,permit_confirmed,380,910948,https://setoxxx.github.io/nycif-field-desk/?v=civic-people-facing-v01&resetFilters=1&feeds=main&mode=all&assignment=1&date=2026-08-22&borough=Manhattan,map_ready
tvpp-9vvx:892846@2026-10-31,THE OTHER NYC MARATHON ROCKAWAY OCEAN MARATHON,fan_zone_major_civic,2026-10-31,13:00,13:00,Queens,Rockaway Beach and Boardwalk: Beach 94th Street,highest,unchecked,permit_confirmed,120,892846,https://setoxxx.github.io/nycif-field-desk/?v=civic-people-facing-v01&resetFilters=1&feeds=main&mode=all&assignment=1&date=2026-10-31&borough=Queens,map_ready
title:nypd field intel: world cup fan zone - hudson yards / javits area@2026-07-16@manhattan,NYPD Field Intel: World Cup Fan Zone - Hudson Yards / Javits Area,street_co_naming,2026-07-16,,,Manhattan,Hudson Yards / Javits Fan Zone,highest,unchecked,strongly_supported,98,,https://setoxxx.github.io/nycif-field-desk/?v=civic-people-facing-v01&resetFilters=1&feeds=main&mode=all&assignment=1&date=2026-07-16&borough=Manhattan,map_ready
tvpp-9vvx:957121@2026-08-08,East Harlem Sant' Antonio Procession,religious_procession_feast,2026-08-08,08:00,23:00,Manhattan,Brigadier General Charles Young Playground: Football/Soccer-01,highest,unchecked,permit_confirmed,0,957121,https://setoxxx.github.io/nycif-field-desk/?v=civic-people-facing-v01&resetFilters=1&feeds=main&mode=all&assignment=1&date=2026-08-08&borough=Manhattan,map_ready
anchor:india-day-parade@2026-08-16,India Day Parade,heritage_cultural_parade,2026-08-16,,,Manhattan,Madison Avenue corridor,highest,unchecked,strongly_supported,0,,https://setoxxx.github.io/nycif-field-desk/?v=civic-people-facing-v01&resetFilters=1&feeds=main&mode=all&assignment=1&date=2026-08-16&borough=Manhattan,list_only
anchor:jouvert@2026-09-07,J'Ouvert,fan_zone_major_civic,2026-09-07,,,Brooklyn,,highest,unchecked,strongly_supported,0,,https://setoxxx.github.io/nycif-field-desk/?v=civic-people-facing-v01&resetFilters=1&feeds=main&mode=all&assignment=1&date=2026-09-07&borough=Brooklyn,list_only
anchor:west-indian-day-parade@2026-09-07,West Indian American Day Carnival Parade,fan_zone_major_civic,2026-09-07,,,Brooklyn,Eastern Parkway,highest,unchecked,strongly_supported,0,,https://setoxxx.github.io/nycif-field-desk/?v=civic-people-facing-v01&resetFilters=1&feeds=main&mode=all&assignment=1&date=2026-09-07&borough=Brooklyn,list_only
anchor:columbus-day-parade@2026-10-12,Columbus Day Parade,parade_march,2026-10-12,,,Manhattan,Fifth Avenue,highest,unchecked,strongly_supported,0,,https://setoxxx.github.io/nycif-field-desk/?v=civic-people-facing-v01&resetFilters=1&feeds=main&mode=all&assignment=1&date=2026-10-12&borough=Manhattan,list_only
anchor:diwali-times-square@2026-10-24,Diwali at Times Square,religious_procession_feast,2026-10-24,12:00,23:00,Manhattan,Times Square,highest,unchecked,provisional,0,,https://setoxxx.github.io/nycif-field-desk/?v=civic-people-facing-v01&resetFilters=1&feeds=main&mode=all&assignment=1&date=2026-10-24&borough=Manhattan,list_only
anchor:village-halloween-parade@2026-10-31,Village Halloween Parade,parade_march,2026-10-31,,,Manhattan,Sixth Avenue,highest,unchecked,strongly_supported,0,,https://setoxxx.github.io/nycif-field-desk/?v=civic-people-facing-v01&resetFilters=1&feeds=main&mode=all&assignment=1&date=2026-10-31&borough=Manhattan,list_only
anchor:macys-balloon-inflation@2026-11-25,Macy's Thanksgiving Eve Balloon Inflation,fan_zone_major_civic,2026-11-25,,,Manhattan,Central Park West / American Museum of Natural History area,highest,unchecked,strongly_supported,0,,https://setoxxx.github.io/nycif-field-desk/?v=civic-people-facing-v01&resetFilters=1&feeds=main&mode=all&assignment=1&date=2026-11-25&borough=Manhattan,list_only
anchor:macys-thanksgiving-parade@2026-11-26,Macy's Thanksgiving Day Parade,parade_march,2026-11-26,08:30,12:00,Manhattan,Central Park West to Herald Square,highest,unchecked,strongly_supported,0,,https://setoxxx.github.io/nycif-field-desk/?v=civic-people-facing-v01&resetFilters=1&feeds=main&mode=all&assignment=1&date=2026-11-26&borough=Manhattan,list_only
anchor:times-square-nye@2026-12-31,Times Square New Year's Eve celebration and ball drop,fan_zone_major_civic,2026-12-31,,00:00,Manhattan,Times Square,highest,unchecked,confirmed,0,,https://setoxxx.github.io/nycif-field-desk/?v=civic-people-facing-v01&resetFilters=1&feeds=main&mode=all&assignment=1&date=2026-12-31&borough=Manhattan,list_only
tvpp-9vvx:906712@2026-11-25,UConn Marching Band,parade_march,2026-11-25,15:00,15:00,Manhattan,Central Park: Bandshell Plaza,high,unchecked,permit_confirmed,430,906712,https://setoxxx.github.io/nycif-field-desk/?v=civic-people-facing-v01&resetFilters=1&feeds=main&mode=all&assignment=1&date=2026-11-25&borough=Manhattan,map_ready
tvpp-9vvx:922552@2026-10-03,Fall Festival,pop_up_street_activation,2026-10-03,13:00,16:00,Queens,Fort Totten Park,high,unchecked,permit_confirmed,410,922552,https://setoxxx.github.io/nycif-field-desk/?v=civic-people-facing-v01&resetFilters=1&feeds=main&mode=all&assignment=1&date=2026-10-03&borough=Queens,map_ready
tvpp-9vvx:944907@2026-09-01,CDP Democratic Marathon Protests,fan_zone_major_civic,2026-09-01,17:30,15:00,Manhattan,Dag Hammarskjold Plaza: First Avenue Plaza,high,unchecked,permit_confirmed,375,944907,https://setoxxx.github.io/nycif-field-desk/?v=civic-people-facing-v01&resetFilters=1&feeds=main&mode=all&assignment=1&date=2026-09-01&borough=Manhattan,map_ready
tvpp-9vvx:944908@2026-10-06,CDP Democratic Marathon Protests,fan_zone_major_civic,2026-10-06,17:30,15:00,Manhattan,Dag Hammarskjold Plaza: First Avenue Plaza,high,unchecked,permit_confirmed,375,944908,https://setoxxx.github.io/nycif-field-desk/?v=civic-people-facing-v01&resetFilters=1&feeds=main&mode=all&assignment=1&date=2026-10-06&borough=Manhattan,map_ready
tvpp-9vvx:944912@2026-11-03,CDP Democratic Marathon Protests,fan_zone_major_civic,2026-11-03,18:30,15:00,Manhattan,Dag Hammarskjold Plaza: First Avenue Plaza,high,unchecked,permit_confirmed,375,944912,https://setoxxx.github.io/nycif-field-desk/?v=civic-people-facing-v01&resetFilters=1&feeds=main&mode=all&assignment=1&date=2026-11-03&borough=Manhattan,map_ready
tvpp-9vvx:944917@2026-12-01,CDP Democratic Marathon Protests,fan_zone_major_civic,2026-12-01,18:30,15:00,Manhattan,Dag Hammarskjold Plaza: First Avenue Plaza,high,unchecked,permit_confirmed,375,944917,https://setoxxx.github.io/nycif-field-desk/?v=civic-people-facing-v01&resetFilters=1&feeds=main&mode=all&assignment=1&date=2026-12-01&borough=Manhattan,map_ready
tvpp-9vvx:910825@2026-07-18,Miles for the Future 5K,parade_march,2026-07-18,12:00,11:00,Bronx,"Van Cortlandt Park: Cross Country Parade Ground Broadway 2   ,Van Cortlandt Park: Cross Country Parade Ground East Side 1",high,unchecked,permit_confirmed,370,910825,https://setoxxx.github.io/nycif-field-desk/?v=civic-people-facing-v01&resetFilters=1&feeds=main&mode=all&assignment=1&date=2026-07-18&borough=Bronx,map_ready
tvpp-9vvx:913537@2026-07-19,Only in Harlem 5K,fan_zone_major_civic,2026-07-19,13:00,11:00,Manhattan,"Randall's Island Park: Flagpole Plaza and Lawns   ,Randall's Island Park: Asphalt Pad ,Randall's Island Park: Park Paths and Roadways ,Randall's Island Park: Harlem River Event Area",high,unchecked,permit_confirmed,370,913537,https://setoxxx.github.io/nycif-field-desk/?v=civic-people-facing-v01&resetFilters=1&feeds=main&mode=all&assignment=1&date=2026-07-19&borough=Manhattan,map_ready
tvpp-9vvx:931373@2026-07-23,Summer Series Cross Country 5K Race 3,parade_march,2026-07-23,17:00,21:00,Bronx,Van Cortlandt Park: Cross Country Parade Ground Broadway 2,high,unchecked,permit_confirmed,370,931373,https://setoxxx.github.io/nycif-field-desk/?v=civic-people-facing-v01&resetFilters=1&feeds=main&mode=all&assignment=1&date=2026-07-23&borough=Bronx,map_ready
tvpp-9vvx:921150@2026-07-26,Bedstuy HERITAGE 5k,fan_zone_major_civic,2026-07-26,08:30,11:00,Brooklyn,"CHAUNCEY STREET between STUYVESANT AVENUE and LEWIS AVENUE,  CHAUNCEY STREET between STUYVESANT AVENUE and LEWIS AVENUE,  CHAUNCEY STREET between STUYVESANT AVENUE and LEWIS AVENUE",high,unchecked,permit_confirmed,370,921150,https://setoxxx.github.io/nycif-field-desk/?v=civic-people-facing-v01&resetFilters=1&feeds=main&mode=all&assignment=1&date=2026-07-26&borough=Brooklyn,map_ready
tvpp-9vvx:931638@2026-07-26,Bayside 5K,fan_zone_major_civic,2026-07-26,08:00,09:00,Queens,"BELL BOULEVARD between 41 AVENUE and 42 AVENUE,  BELL BOULEVARD between 41 AVENUE and 35 AVENUE,  35 AVENUE between BELL BOULEVARD and CORBETT ROAD,  BELL BOULEVARD between 41 AVENUE and 42 AVENUE",high,unchecked,permit_confirmed,370,931638,https://setoxxx.github.io/nycif-field-desk/?v=civic-people-facing-v01&resetFilters=1&feeds=main&mode=all&assignment=1&date=2026-07-26&borough=Queens,map_ready
tvpp-9vvx:931373@2026-07-30,Summer Series Cross Country 5K Race 3,parade_march,2026-07-30,17:00,21:00,Bronx,Van Cortlandt Park: Cross Country Parade Ground Broadway 2,high,unchecked,permit_confirmed,370,931373,https://setoxxx.github.io/nycif-field-desk/?v=civic-people-facing-v01&resetFilters=1&feeds=main&mode=all&assignment=1&date=2026-07-30&borough=Bronx,map_ready
tvpp-9vvx:906402@2026-08-08,2026 Percy Sutton Harlem 5K,fan_zone_major_civic,2026-08-08,03:30,12:00,Manhattan,"EDGECOMBE AVENUE between WEST  135 STREET and WEST  136 STREET,  WEST  136 STREET between EDGECOMBE AVENUE and FREDERICK DOUGLASS BOULEVARD,  WEST  135 STREET between EDGECOMB AVENUE and FREDERICK DOUGLAS BOULEVARD,  EDGECOMBE AVENUE between WEST  136 STREET and WEST  139 STREET,  WEST  139 STREET between EDGECOMBE AVENUE and ST NICHOLAS AVENUE,  ST NICHOLAS AVENUE between WEST  135 STREET and WEST  155 STREET,  WEST  141 STREET between ST NICHOLAS AVENUE and CONVENT AVENUE,  CONVENT AVENUE between WEST  141 STREET and WEST  135 STREET,  WEST  135 STREET between ST NICHOLAS TERRACE and CONVENT AVENUE,  WEST  127 STREET between ST NICHOLAS TERRACE and ST NICHOLAS AVENUE,  ST NICHOLAS AVENUE between WEST  127 STREET and WEST  138 STREET,  ST NICHOLAS TERRACE between WEST  135 STREET and WEST  127 STREET,  ST NICHOLAS AVENUE between WEST  138 STREET and WEST  139 STREET",high,unchecked,permit_confirmed,370,906402,https://setoxxx.github.io/nycif-field-desk/?v=civic-people-facing-v01&resetFilters=1&feeds=main&mode=all&assignment=1&date=2026-08-08&borough=Manhattan,map_ready
tvpp-9vvx:886928@2026-08-22,"RUN ROCKAWAY BEACH END OF SUMMER HALF MARATHON, MARATHON AND 5K",fan_zone_major_civic,2026-08-22,09:00,11:00,Queens,Rockaway Beach and Boardwalk: Beach 94th Street,high,unchecked,permit_confirmed,370,886928,https://setoxxx.github.io/nycif-field-desk/?v=civic-people-facing-v01&resetFilters=1&feeds=main&mode=all&assignment=1&date=2026-08-22&borough=Queens,map_ready
tvpp-9vvx:956461@2026-10-25,Halloween Dog Costume Parade,parade_march,2026-10-25,17:00,16:00,Manhattan,Stuyvesant Square: Flagpole Plaza East,high,unchecked,permit_confirmed,360,956461,https://setoxxx.github.io/nycif-field-desk/?v=civic-people-facing-v01&resetFilters=1&feeds=main&mode=all&assignment=1&date=2026-10-25&borough=Manhattan,map_ready
tvpp-9vvx:1045136@2026-08-16,Crown Heights 5K Run\/Walk and Street Festival,pop_up_street_activation,2026-08-16,08:00,,Brooklyn,Lincoln Terrace \/ (Arthur S. Somers Park): Central Pedestrian Walkway  Brooklyn,high,unchecked,permit_confirmed,350,1045136,https://setoxxx.github.io/nycif-field-desk/?v=civic-people-facing-v01&resetFilters=1&feeds=main&mode=all&assignment=1&date=2026-08-16&borough=Brooklyn,list_only
tvpp-9vvx:914495@2026-07-16,HHFM Mt. Eden Market,parade_march,2026-07-16,07:00,16:00,Bronx,Mount Eden Malls: Mount Eden Malls,high,unchecked,permit_confirmed,340,914495,https://setoxxx.github.io/nycif-field-desk/?v=civic-people-facing-v01&resetFilters=1&feeds=main&mode=all&assignment=1&date=2026-07-16&borough=Bronx,map_ready
tvpp-9vvx:911549@2026-07-16,Borough Park Greenmarket Thursday,pop_up_street_activation,2026-07-16,08:00,16:00,Brooklyn,14 AVENUE between 49 STREET and 50 STREET,high,unchecked,permit_confirmed,340,911549,https://setoxxx.github.io/nycif-field-desk/?v=civic-people-facing-v01&resetFilters=1&feeds=main&mode=all&assignment=1&date=2026-07-16&borough=Brooklyn,map_ready
tvpp-9vvx:911545@2026-07-16,175 street Greenmarket Thursday,pop_up_street_activation,2026-07-16,08:00,17:00,Manhattan,WEST  175 STREET between BROADWAY and WADSWORTH AVENUE,high,unchecked,permit_confirmed,340,911545,https://setoxxx.github.io/nycif-field-desk/?v=civic-people-facing-v01&resetFilters=1&feeds=main&mode=all&assignment=1&date=2026-07-16&borough=Manhattan,map_ready
tvpp-9vvx:898922@2026-07-16,Columbia Thursday Sunday Greenmarket,pop_up_street_activation,2026-07-16,08:00,18:00,Manhattan,BROADWAY between WEST  113 STREET and WEST  116 STREET,high,unchecked,permit_confirmed,340,898922,https://setoxxx.github.io/nycif-field-desk/?v=civic-people-facing-v01&resetFilters=1&feeds=main&mode=all&assignment=1&date=2026-07-16&borough=Manhattan,map_ready
tvpp-9vvx:928822@2026-07-16,Columbus Circle Food Market,parade_march,2026-07-16,09:30,21:00,Manhattan,Central Park: Merchants' Gate,high,unchecked,permit_confirmed,340,928822,https://setoxxx.github.io/nycif-field-desk/?v=civic-people-facing-v01&resetFilters=1&feeds=main&mode=all&assignment=1&date=2026-07-16&borough=Manhattan,map_ready
tvpp-9vvx:922413@2026-07-16,Farmers Market,pop_up_street_activation,2026-07-16,08:00,20:00,Manhattan,Richard Tucker Square: Richard Tucker Square,high,unchecked,permit_confirmed,340,922413,https://setoxxx.github.io/nycif-field-desk/?v=civic-people-facing-v01&resetFilters=1&feeds=main&mode=all&assignment=1&date=2026-07-16&borough=Manhattan,map_ready
tvpp-9vvx:887399@2026-07-16,Green Market,parade_march,2026-07-16,00:00,23:55,Manhattan,Bowling Green: Subway Plaza (Cobblestone),high,unchecked,permit_confirmed,340,887399,https://setoxxx.github.io/nycif-field-desk/?v=civic-people-facing-v01&resetFilters=1&feeds=main&mode=all&assignment=1&date=2026-07-16&borough=Manhattan,map_ready
tvpp-9vvx:914367@2026-07-16,HHFM East Harlem Market,parade_march,2026-07-16,08:00,15:00,Manhattan,EAST  104 STREET between THIRD AVENUE and SECOND AVENUE,high,unchecked,permit_confirmed,340,914367,https://setoxxx.github.io/nycif-field-desk/?v=civic-people-facing-v01&resetFilters=1&feeds=main&mode=all&assignment=1&date=2026-07-16&borough=Manhattan,map_ready
tvpp-9vvx:941637@2026-07-16,NYP Youth Market - Audubon,parade_march,2026-07-16,09:00,14:00,Manhattan,AUDUBON AVENUE between WEST  166 STREET and WEST  167 STREET,high,unchecked,permit_confirmed,340,941637,https://setoxxx.github.io/nycif-field-desk/?v=civic-people-facing-v01&resetFilters=1&feeds=main&mode=all&assignment=1&date=2026-07-16&borough=Manhattan,map_ready
tvpp-9vvx:914332@2026-07-17,HHFM Jacobi Hospital Market,parade_march,2026-07-17,08:00,15:00,Bronx,PELHAM PARKWAY SOUTH between WILSON AVENUE and EASTCHESTER ROAD,high,unchecked,permit_confirmed,340,914332,https://setoxxx.github.io/nycif-field-desk/?v=civic-people-facing-v01&resetFilters=1&feeds=main&mode=all&assignment=1&date=2026-07-17&borough=Bronx,map_ready
tvpp-9vvx:911516@2026-07-17,Lincoln Hospital Greenmarket Tues  Friday,pop_up_street_activation,2026-07-17,08:00,17:00,Bronx,EAST  149 STREET between MORRIS AVENUE and PARK AVENUE,high,unchecked,permit_confirmed,340,911516,https://setoxxx.github.io/nycif-field-desk/?v=civic-people-facing-v01&resetFilters=1&feeds=main&mode=all&assignment=1&date=2026-07-17&borough=Bronx,map_ready
tvpp-9vvx:898931@2026-07-17,97 Street Greenmarket Friday,pop_up_street_activation,2026-07-17,08:00,17:00,Manhattan,WEST   97 STREET between COLUMBUS AVENUE and AMSTERDAM AVENUE,high,unchecked,permit_confirmed,340,898931,https://setoxxx.github.io/nycif-field-desk/?v=civic-people-facing-v01&resetFilters=1&feeds=main&mode=all&assignment=1&date=2026-07-17&borough=Manhattan,map_ready
tvpp-9vvx:928822@2026-07-17,Columbus Circle Food Market,parade_march,2026-07-17,09:30,21:00,Manhattan,Central Park: Merchants' Gate,high,unchecked,permit_confirmed,340,928822,https://setoxxx.github.io/nycif-field-desk/?v=civic-people-facing-v01&resetFilters=1&feeds=main&mode=all&assignment=1&date=2026-07-17&borough=Manhattan,map_ready
tvpp-9vvx:914361@2026-07-17,HHFM Harlem Hospital Market,parade_march,2026-07-17,08:00,15:00,Manhattan,LENOX AVENUE between WEST  136 STREET and WEST  137 STREET,high,unchecked,permit_confirmed,340,914361,https://setoxxx.github.io/nycif-field-desk/?v=civic-people-facing-v01&resetFilters=1&feeds=main&mode=all&assignment=1&date=2026-07-17&borough=Manhattan,map_ready
tvpp-9vvx:914469@2026-07-17,HHFM Metropolitan Market,parade_march,2026-07-17,08:00,15:00,Manhattan,SECOND AVENUE between EAST   97 STREET and EAST   99 STREET,high,unchecked,permit_confirmed,340,914469,https://setoxxx.github.io/nycif-field-desk/?v=civic-people-facing-v01&resetFilters=1&feeds=main&mode=all&assignment=1&date=2026-07-17&borough=Manhattan,map_ready
tvpp-9vvx:887418@2026-07-17,Union Square Greenmarket,pop_up_street_activation,2026-07-17,05:00,20:00,Manhattan,Union Square Park: North Plaza,high,unchecked,permit_confirmed,340,887418,https://setoxxx.github.io/nycif-field-desk/?v=civic-people-facing-v01&resetFilters=1&feeds=main&mode=all&assignment=1&date=2026-07-17&borough=Manhattan,map_ready
tvpp-9vvx:911518@2026-07-17,Corona Greenmarket  Friday,pop_up_street_activation,2026-07-17,08:00,17:00,Queens,ROOSEVELT AVENUE between 103 STREET and 104 STREET,high,unchecked,permit_confirmed,340,911518,https://setoxxx.github.io/nycif-field-desk/?v=civic-people-facing-v01&resetFilters=1&feeds=main&mode=all&assignment=1&date=2026-07-17&borough=Queens,map_ready
tvpp-9vvx:911543@2026-07-18,4th Avenue Sunset Park Greenmarket Saturday,pop_up_street_activation,2026-07-18,08:00,17:00,Brooklyn,60 STREET between 3 AVENUE and 4 AVENUE,high,unchecked,permit_confirmed,340,911543,https://setoxxx.github.io/nycif-field-desk/?v=civic-people-facing-v01&resetFilters=1&feeds=main&mode=all&assignment=1&date=2026-07-18&borough=Brooklyn,map_ready
tvpp-9vvx:930759@2026-07-18,East New York Farmers Market,pop_up_street_activation,2026-07-18,07:00,17:00,Brooklyn,SCHENCK AVENUE between NEW LOTS AVENUE and LIVONIA AVENUE,high,unchecked,permit_confirmed,340,930759,https://setoxxx.github.io/nycif-field-desk/?v=civic-people-facing-v01&resetFilters=1&feeds=main&mode=all&assignment=1&date=2026-07-18&borough=Brooklyn,map_ready
tvpp-9vvx:923923@2026-07-18,RiseBoro Farmers Markets at Maria Hernandez Park,pop_up_street_activation,2026-07-18,08:00,15:00,Brooklyn,KNICKERBOCKER AVENUE between STARR STREET and SUYDAM STREET,high,unchecked,permit_confirmed,340,923923,https://setoxxx.github.io/nycif-field-desk/?v=civic-people-facing-v01&resetFilters=1&feeds=main&mode=all&assignment=1&date=2026-07-18&borough=Brooklyn,map_ready
tvpp-9vvx:911522@2026-07-18,57 Street Saturday Greenmarket,pop_up_street_activation,2026-07-18,08:00,18:00,Manhattan,10 AVENUE between WEST   57 STREET and WEST   58 STREET,high,unchecked,permit_confirmed,340,911522,https://setoxxx.github.io/nycif-field-desk/?v=civic-people-facing-v01&resetFilters=1&feeds=main&mode=all&assignment=1&date=2026-07-18&borough=Manhattan,map_ready
tvpp-9vvx:897894@2026-07-18,82 Street Greenmarket Saturday,pop_up_street_activation,2026-07-18,08:00,17:00,Manhattan,EAST   82 STREET between 1 AVENUE and YORK AVENUE,high,unchecked,permit_confirmed,340,897894,https://setoxxx.github.io/nycif-field-desk/?v=civic-people-facing-v01&resetFilters=1&feeds=main&mode=all&assignment=1&date=2026-07-18&borough=Manhattan,map_ready
tvpp-9vvx:928822@2026-07-18,Columbus Circle Food Market,parade_march,2026-07-18,09:30,21:00,Manhattan,Central Park: Merchants' Gate,high,unchecked,permit_confirmed,340,928822,https://setoxxx.github.io/nycif-field-desk/?v=civic-people-facing-v01&resetFilters=1&feeds=main&mode=all&assignment=1&date=2026-07-18&borough=Manhattan,map_ready
tvpp-9vvx:893707@2026-07-18,Down to Earth Chelsea Farmers Market,pop_up_street_activation,2026-07-18,06:00,18:00,Manhattan,WEST   23 STREET between 8 AVENUE and 9 AVENUE,high,unchecked,permit_confirmed,340,893707,https://setoxxx.github.io/nycif-field-desk/?v=civic-people-facing-v01&resetFilters=1&feeds=main&mode=all&assignment=1&date=2026-07-18&borough=Manhattan,map_ready
tvpp-9vvx:922413@2026-07-18,Farmers Market,pop_up_street_activation,2026-07-18,08:00,20:00,Manhattan,Richard Tucker Square: Richard Tucker Square,high,unchecked,permit_confirmed,340,922413,https://setoxxx.github.io/nycif-field-desk/?v=civic-people-facing-v01&resetFilters=1&feeds=main&mode=all&assignment=1&date=2026-07-18&borough=Manhattan,map_ready
tvpp-9vvx:930120@2026-07-18,HHFM Lenox Avenue Market,parade_march,2026-07-18,08:00,15:00,Manhattan,LENOX AVENUE between WEST  117 STREET and WEST  118 STREET,high,unchecked,permit_confirmed,340,930120,https://setoxxx.github.io/nycif-field-desk/?v=civic-people-facing-v01&resetFilters=1&feeds=main&mode=all&assignment=1&date=2026-07-18&borough=Manhattan,map_ready
tvpp-9vvx:898914@2026-07-18,Inwood Greenmarket Saturday,pop_up_street_activation,2026-07-18,06:00,17:00,Manhattan,ISHAM STREET between SEAMAN AVENUE and COOPER STREET,high,unchecked,permit_confirmed,340,898914,https://setoxxx.github.io/nycif-field-desk/?v=civic-people-facing-v01&resetFilters=1&feeds=main&mode=all&assignment=1&date=2026-07-18&borough=Manhattan,map_ready
tvpp-9vvx:887418@2026-07-18,Union Square Greenmarket,pop_up_street_activation,2026-07-18,05:00,20:00,Manhattan,Union Square Park: North Plaza,high,unchecked,permit_confirmed,340,887418,https://setoxxx.github.io/nycif-field-desk/?v=civic-people-facing-v01&resetFilters=1&feeds=main&mode=all&assignment=1&date=2026-07-18&borough=Manhattan,map_ready
tvpp-9vvx:912769@2026-07-18,Uptown Good Food Farmers Market,pop_up_street_activation,2026-07-18,08:00,16:00,Manhattan,St. Nicholas Park: Paths 128 - 141st Street,high,unchecked,permit_confirmed,340,912769,https://setoxxx.github.io/nycif-field-desk/?v=civic-people-facing-v01&resetFilters=1&feeds=main&mode=all&assignment=1&date=2026-07-18&borough=Manhattan,map_ready
tvpp-9vvx:912768@2026-07-19,Bronx Park East Farmers Market,pop_up_street_activation,2026-07-19,08:00,17:00,Bronx,Bronx Park: Brady Avenue Entrance,high,unchecked,permit_confirmed,340,912768,https://setoxxx.github.io/nycif-field-desk/?v=civic-people-facing-v01&resetFilters=1&feeds=main&mode=all&assignment=1&date=2026-07-19&borough=Bronx,map_ready
tvpp-9vvx:898942@2026-07-19,Carroll Gardens Greenmarket Sunday,pop_up_street_activation,2026-07-19,08:00,17:00,Brooklyn,CARROLL STREET between SMITH STREET and COURT STREET,high,unchecked,permit_confirmed,340,898942,https://setoxxx.github.io/nycif-field-desk/?v=civic-people-facing-v01&resetFilters=1&feeds=main&mode=all&assignment=1&date=2026-07-19&borough=Brooklyn,map_ready
tvpp-9vvx:898937@2026-07-19,Cortelyou Greenmarket Sunday,pop_up_street_activation,2026-07-19,08:00,17:00,Brooklyn,CORTELYOU ROAD between RUGBY ROAD and ARGYLE ROAD,high,unchecked,permit_confirmed,340,898937,https://setoxxx.github.io/nycif-field-desk/?v=civic-people-facing-v01&resetFilters=1&feeds=main&mode=all&assignment=1&date=2026-07-19&borough=Brooklyn,map_ready
tvpp-9vvx:893705@2026-07-19,Down to Earth Park Slope Farmers Market,pop_up_street_activation,2026-07-19,06:00,18:00,Brooklyn,4 STREET between 5 AVENUE and DEAD END,high,unchecked,permit_confirmed,340,893705,https://setoxxx.github.io/nycif-field-desk/?v=civic-people-facing-v01&resetFilters=1&feeds=main&mode=all&assignment=1&date=2026-07-19&borough=Brooklyn,map_ready
tvpp-9vvx:923926@2026-07-19,RiseBoro Farmers Markets at Irving Square Park,pop_up_street_activation,2026-07-19,09:00,15:00,Brooklyn,"KNICKERBOCKER AVENUE between STARR STREET and SUYDAM STREET,  KNICKERBOCKER AVENUE between WEIRFIELD STREET and HALSEY STREET",high,unchecked,permit_confirmed,340,923926,https://setoxxx.github.io/nycif-field-desk/?v=civic-people-facing-v01&resetFilters=1&feeds=main&mode=all&assignment=1&date=2026-07-19&borough=Brooklyn,map_ready
tvpp-9vvx:898922@2026-07-19,Columbia Thursday Sunday Greenmarket,pop_up_street_activation,2026-07-19,08:00,18:00,Manhattan,BROADWAY between WEST  113 STREET and WEST  116 STREET,high,unchecked,permit_confirmed,340,898922,https://setoxxx.github.io/nycif-field-desk/?v=civic-people-facing-v01&resetFilters=1&feeds=main&mode=all&assignment=1&date=2026-07-19&borough=Manhattan,map_ready
tvpp-9vvx:899826@2026-07-19,Murray Hill Farmers Market,pop_up_street_activation,2026-07-19,05:30,19:30,Manhattan,2 AVENUE between EAST   32 STREET and EAST   33 STREET,high,unchecked,permit_confirmed,340,899826,https://setoxxx.github.io/nycif-field-desk/?v=civic-people-facing-v01&resetFilters=1&feeds=main&mode=all&assignment=1&date=2026-07-19&borough=Manhattan,map_ready
tvpp-9vvx:898918@2026-07-19,Forest Hills Greenmarket Sunday,pop_up_street_activation,2026-07-19,08:00,17:00,Queens,QUEENS BOULEVARD between 69 ROAD and 70 AVENUE,high,unchecked,permit_confirmed,340,898918,https://setoxxx.github.io/nycif-field-desk/?v=civic-people-facing-v01&resetFilters=1&feeds=main&mode=all&assignment=1&date=2026-07-19&borough=Queens,map_ready
tvpp-9vvx:898910@2026-07-19,Jackson Heights Greenmarket Sunday,pop_up_street_activation,2026-07-19,08:00,17:00,Queens,79 STREET between NORTHERN BOULEVARD and 34 AVENUE,high,unchecked,permit_confirmed,340,898910,https://setoxxx.github.io/nycif-field-desk/?v=civic-people-facing-v01&resetFilters=1&feeds=main&mode=all&assignment=1&date=2026-07-19&borough=Queens,map_ready
tvpp-9vvx:887418@2026-07-20,Union Square Greenmarket,pop_up_street_activation,2026-07-20,05:00,20:00,Manhattan,Union Square Park: North Plaza,high,unchecked,permit_confirmed,340,887418,https://setoxxx.github.io/nycif-field-desk/?v=civic-people-facing-v01&resetFilters=1&feeds=main&mode=all&assignment=1&date=2026-07-20&borough=Manhattan,map_ready
tvpp-9vvx:944282@2026-07-21,HHFM McKinley Square Market,parade_march,2026-07-21,07:00,16:00,Bronx,McKinley Square: McKinley Square,high,unchecked,permit_confirmed,340,944282,https://setoxxx.github.io/nycif-field-desk/?v=civic-people-facing-v01&resetFilters=1&feeds=main&mode=all&assignment=1&date=2026-07-21&borough=Bronx,map_ready
tvpp-9vvx:914495@2026-07-21,HHFM Mt. Eden Market,parade_march,2026-07-21,07:00,16:00,Bronx,Mount Eden Malls: Mount Eden Malls,high,unchecked,permit_confirmed,340,914495,https://setoxxx.github.io/nycif-field-desk/?v=civic-people-facing-v01&resetFilters=1&feeds=main&mode=all&assignment=1&date=2026-07-21&borough=Bronx,map_ready
tvpp-9vvx:911516@2026-07-21,Lincoln Hospital Greenmarket Tues  Friday,pop_up_street_activation,2026-07-21,08:00,17:00,Bronx,EAST  149 STREET between MORRIS AVENUE and PARK AVENUE,high,unchecked,permit_confirmed,340,911516,https://setoxxx.github.io/nycif-field-desk/?v=civic-people-facing-v01&resetFilters=1&feeds=main&mode=all&assignment=1&date=2026-07-21&borough=Bronx,map_ready
tvpp-9vvx:911528@2026-07-21,Poe Park Greenmarket Tuesday,pop_up_street_activation,2026-07-21,08:00,17:00,Bronx,EAST  192 STREET between GRAND CONCOURSE and VALENTINE AVENUE,high,unchecked,permit_confirmed,340,911528,https://setoxxx.github.io/nycif-field-desk/?v=civic-people-facing-v01&resetFilters=1&feeds=main&mode=all&assignment=1&date=2026-07-21&borough=Bronx,map_ready
tvpp-9vvx:911525@2026-07-21,Ft Washington Greenmarket Tuesday,pop_up_street_activation,2026-07-21,08:00,18:00,Manhattan,FT WASHINGTON AVENUE between WEST  168 STREET and WEST  169 STREET,high,unchecked,permit_confirmed,340,911525,https://setoxxx.github.io/nycif-field-desk/?v=civic-people-facing-v01&resetFilters=1&feeds=main&mode=all&assignment=1&date=2026-07-21&borough=Manhattan,map_ready
tvpp-9vvx:887399@2026-07-21,Green Market,parade_march,2026-07-21,00:00,23:55,Manhattan,Bowling Green: Subway Plaza (Cobblestone),high,unchecked,permit_confirmed,340,887399,https://setoxxx.github.io/nycif-field-desk/?v=civic-people-facing-v01&resetFilters=1&feeds=main&mode=all&assignment=1&date=2026-07-21&borough=Manhattan,map_ready
tvpp-9vvx:911520@2026-07-21,Elmhurst Greenmarket Tuesday,pop_up_street_activation,2026-07-21,08:00,17:00,Queens,41 AVENUE between 80 STREET and 81 STREET,high,unchecked,permit_confirmed,340,911520,https://setoxxx.github.io/nycif-field-desk/?v=civic-people-facing-v01&resetFilters=1&feeds=main&mode=all&assignment=1&date=2026-07-21&borough=Queens,map_ready
tvpp-9vvx:911512@2026-07-22,Mount Sinai Greenmarket Wednesday,pop_up_street_activation,2026-07-22,08:00,17:00,Manhattan,MADISON AVENUE between EAST   98 STREET and EAST   99 STREET,high,unchecked,permit_confirmed,340,911512,https://setoxxx.github.io/nycif-field-desk/?v=civic-people-facing-v01&resetFilters=1&feeds=main&mode=all&assignment=1&date=2026-07-22&borough=Manhattan,map_ready
tvpp-9vvx:887418@2026-07-22,Union Square Greenmarket,pop_up_street_activation,2026-07-22,05:00,20:00,Manhattan,Union Square Park: North Plaza,high,unchecked,permit_confirmed,340,887418,https://setoxxx.github.io/nycif-field-desk/?v=civic-people-facing-v01&resetFilters=1&feeds=main&mode=all&assignment=1&date=2026-07-22&borough=Manhattan,map_ready
tvpp-9vvx:914495@2026-07-23,HHFM Mt. Eden Market,parade_march,2026-07-23,07:00,16:00,Bronx,Mount Eden Malls: Mount Eden Malls,high,unchecked,permit_confirmed,340,914495,https://setoxxx.github.io/nycif-field-desk/?v=civic-people-facing-v01&resetFilters=1&feeds=main&mode=all&assignment=1&date=2026-07-23&borough=Bronx,map_ready
tvpp-9vvx:911549@2026-07-23,Borough Park Greenmarket Thursday,pop_up_street_activation,2026-07-23,08:00,16:00,Brooklyn,14 AVENUE between 49 STREET and 50 STREET,high,unchecked,permit_confirmed,340,911549,https://setoxxx.github.io/nycif-field-desk/?v=civic-people-facing-v01&resetFilters=1&feeds=main&mode=all&assignment=1&date=2026-07-23&borough=Brooklyn,map_ready
tvpp-9vvx:911545@2026-07-23,175 street Greenmarket Thursday,pop_up_street_activation,2026-07-23,08:00,17:00,Manhattan,WEST  175 STREET between BROADWAY and WADSWORTH AVENUE,high,unchecked,permit_confirmed,340,911545,https://setoxxx.github.io/nycif-field-desk/?v=civic-people-facing-v01&resetFilters=1&feeds=main&mode=all&assignment=1&date=2026-07-23&borough=Manhattan,map_ready
tvpp-9vvx:898922@2026-07-23,Columbia Thursday Sunday Greenmarket,pop_up_street_activation,2026-07-23,08:00,18:00,Manhattan,BROADWAY between WEST  113 STREET and WEST  116 STREET,high,unchecked,permit_confirmed,340,898922,https://setoxxx.github.io/nycif-field-desk/?v=civic-people-facing-v01&resetFilters=1&feeds=main&mode=all&assignment=1&date=2026-07-23&borough=Manhattan,map_ready
tvpp-9vvx:928822@2026-07-23,Columbus Circle Food Market,parade_march,2026-07-23,09:30,21:00,Manhattan,Central Park: Merchants' Gate,high,unchecked,permit_confirmed,340,928822,https://setoxxx.github.io/nycif-field-desk/?v=civic-people-facing-v01&resetFilters=1&feeds=main&mode=all&assignment=1&date=2026-07-23&borough=Manhattan,map_ready
tvpp-9vvx:922413@2026-07-23,Farmers Market,pop_up_street_activation,2026-07-23,08:00,20:00,Manhattan,Richard Tucker Square: Richard Tucker Square,high,unchecked,permit_confirmed,340,922413,https://setoxxx.github.io/nycif-field-desk/?v=civic-people-facing-v01&resetFilters=1&feeds=main&mode=all&assignment=1&date=2026-07-23&borough=Manhattan,map_ready
tvpp-9vvx:887399@2026-07-23,Green Market,parade_march,2026-07-23,00:00,23:55,Manhattan,Bowling Green: Subway Plaza (Cobblestone),high,unchecked,permit_confirmed,340,887399,https://setoxxx.github.io/nycif-field-desk/?v=civic-people-facing-v01&resetFilters=1&feeds=main&mode=all&assignment=1&date=2026-07-23&borough=Manhattan,map_ready
tvpp-9vvx:911516@2026-07-24,Lincoln Hospital Greenmarket Tues  Friday,pop_up_street_activation,2026-07-24,08:00,17:00,Bronx,EAST  149 STREET between MORRIS AVENUE and PARK AVENUE,high,unchecked,permit_confirmed,340,911516,https://setoxxx.github.io/nycif-field-desk/?v=civic-people-facing-v01&resetFilters=1&feeds=main&mode=all&assignment=1&date=2026-07-24&borough=Bronx,map_ready
tvpp-9vvx:898931@2026-07-24,97 Street Greenmarket Friday,pop_up_street_activation,2026-07-24,08:00,17:00,Manhattan,WEST   97 STREET between COLUMBUS AVENUE and AMSTERDAM AVENUE,high,unchecked,permit_confirmed,340,898931,https://setoxxx.github.io/nycif-field-desk/?v=civic-people-facing-v01&resetFilters=1&feeds=main&mode=all&assignment=1&date=2026-07-24&borough=Manhattan,map_ready
tvpp-9vvx:928822@2026-07-24,Columbus Circle Food Market,parade_march,2026-07-24,09:30,21:00,Manhattan,Central Park: Merchants' Gate,high,unchecked,permit_confirmed,340,928822,https://setoxxx.github.io/nycif-field-desk/?v=civic-people-facing-v01&resetFilters=1&feeds=main&mode=all&assignment=1&date=2026-07-24&borough=Manhattan,map_ready
tvpp-9vvx:914361@2026-07-24,HHFM Harlem Hospital Market,parade_march,2026-07-24,08:00,15:00,Manhattan,LENOX AVENUE between WEST  136 STREET and WEST  137 STREET,high,unchecked,permit_confirmed,340,914361,https://setoxxx.github.io/nycif-field-desk/?v=civic-people-facing-v01&resetFilters=1&feeds=main&mode=all&assignment=1&date=2026-07-24&borough=Manhattan,map_ready
tvpp-9vvx:887418@2026-07-24,Union Square Greenmarket,pop_up_street_activation,2026-07-24,05:00,20:00,Manhattan,Union Square Park: North Plaza,high,unchecked,permit_confirmed,340,887418,https://setoxxx.github.io/nycif-field-desk/?v=civic-people-facing-v01&resetFilters=1&feeds=main&mode=all&assignment=1&date=2026-07-24&borough=Manhattan,map_ready
tvpp-9vvx:911518@2026-07-24,Corona Greenmarket  Friday,pop_up_street_activation,2026-07-24,08:00,17:00,Queens,ROOSEVELT AVENUE between 103 STREET and 104 STREET,high,unchecked,permit_confirmed,340,911518,https://setoxxx.github.io/nycif-field-desk/?v=civic-people-facing-v01&resetFilters=1&feeds=main&mode=all&assignment=1&date=2026-07-24&borough=Queens,map_ready
tvpp-9vvx:911543@2026-07-25,4th Avenue Sunset Park Greenmarket Saturday,pop_up_street_activation,2026-07-25,08:00,17:00,Brooklyn,60 STREET between 3 AVENUE and 4 AVENUE,high,unchecked,permit_confirmed,340,911543,https://setoxxx.github.io/nycif-field-desk/?v=civic-people-facing-v01&resetFilters=1&feeds=main&mode=all&assignment=1&date=2026-07-25&borough=Brooklyn,map_ready
tvpp-9vvx:911522@2026-07-25,57 Street Saturday Greenmarket,pop_up_street_activation,2026-07-25,08:00,18:00,Manhattan,10 AVENUE between WEST   57 STREET and WEST   58 STREET,high,unchecked,permit_confirmed,340,911522,https://setoxxx.github.io/nycif-field-desk/?v=civic-people-facing-v01&resetFilters=1&feeds=main&mode=all&assignment=1&date=2026-07-25&borough=Manhattan,map_ready
tvpp-9vvx:897894@2026-07-25,82 Street Greenmarket Saturday,pop_up_street_activation,2026-07-25,08:00,17:00,Manhattan,EAST   82 STREET between 1 AVENUE and YORK AVENUE,high,unchecked,permit_confirmed,340,897894,https://setoxxx.github.io/nycif-field-desk/?v=civic-people-facing-v01&resetFilters=1&feeds=main&mode=all&assignment=1&date=2026-07-25&borough=Manhattan,map_ready
tvpp-9vvx:928822@2026-07-25,Columbus Circle Food Market,parade_march,2026-07-25,09:30,21:00,Manhattan,Central Park: Merchants' Gate,high,unchecked,permit_confirmed,340,928822,https://setoxxx.github.io/nycif-field-desk/?v=civic-people-facing-v01&resetFilters=1&feeds=main&mode=all&assignment=1&date=2026-07-25&borough=Manhattan,map_ready
tvpp-9vvx:922413@2026-07-25,Farmers Market,pop_up_street_activation,2026-07-25,08:00,20:00,Manhattan,Richard Tucker Square: Richard Tucker Square,high,unchecked,permit_confirmed,340,922413,https://setoxxx.github.io/nycif-field-desk/?v=civic-people-facing-v01&resetFilters=1&feeds=main&mode=all&assignment=1&date=2026-07-25&borough=Manhattan,map_ready
tvpp-9vvx:898914@2026-07-25,Inwood Greenmarket Saturday,pop_up_street_activation,2026-07-25,06:00,17:00,Manhattan,ISHAM STREET between SEAMAN AVENUE and COOPER STREET,high,unchecked,permit_confirmed,340,898914,https://setoxxx.github.io/nycif-field-desk/?v=civic-people-facing-v01&resetFilters=1&feeds=main&mode=all&assignment=1&date=2026-07-25&borough=Manhattan,map_ready
tvpp-9vvx:887418@2026-07-25,Union Square Greenmarket,pop_up_street_activation,2026-07-25,05:00,20:00,Manhattan,Union Square Park: North Plaza,high,unchecked,permit_confirmed,340,887418,https://setoxxx.github.io/nycif-field-desk/?v=civic-people-facing-v01&resetFilters=1&feeds=main&mode=all&assignment=1&date=2026-07-25&borough=Manhattan,map_ready
tvpp-9vvx:912769@2026-07-25,Uptown Good Food Farmers Market,pop_up_street_activation,2026-07-25,08:00,16:00,Manhattan,St. Nicholas Park: Paths 128 - 141st Street,high,unchecked,permit_confirmed,340,912769,https://setoxxx.github.io/nycif-field-desk/?v=civic-people-facing-v01&resetFilters=1&feeds=main&mode=all&assignment=1&date=2026-07-25&borough=Manhattan,map_ready
tvpp-9vvx:912768@2026-07-26,Bronx Park East Farmers Market,pop_up_street_activation,2026-07-26,08:00,17:00,Bronx,Bronx Park: Brady Avenue Entrance,high,unchecked,permit_confirmed,340,912768,https://setoxxx.github.io/nycif-field-desk/?v=civic-people-facing-v01&resetFilters=1&feeds=main&mode=all&assignment=1&date=2026-07-26&borough=Bronx,map_ready
tvpp-9vvx:898942@2026-07-26,Carroll Gardens Greenmarket Sunday,pop_up_street_activation,2026-07-26,08:00,17:00,Brooklyn,CARROLL STREET between SMITH STREET and COURT STREET,high,unchecked,permit_confirmed,340,898942,https://setoxxx.github.io/nycif-field-desk/?v=civic-people-facing-v01&resetFilters=1&feeds=main&mode=all&assignment=1&date=2026-07-26&borough=Brooklyn,map_ready
tvpp-9vvx:898937@2026-07-26,Cortelyou Greenmarket Sunday,pop_up_street_activation,2026-07-26,08:00,17:00,Brooklyn,CORTELYOU ROAD between RUGBY ROAD and ARGYLE ROAD,high,unchecked,permit_confirmed,340,898937,https://setoxxx.github.io/nycif-field-desk/?v=civic-people-facing-v01&resetFilters=1&feeds=main&mode=all&assignment=1&date=2026-07-26&borough=Brooklyn,map_ready
tvpp-9vvx:923926@2026-07-26,RiseBoro Farmers Markets at Irving Square Park,pop_up_street_activation,2026-07-26,09:00,15:00,Brooklyn,"KNICKERBOCKER AVENUE between STARR STREET and SUYDAM STREET,  KNICKERBOCKER AVENUE between WEIRFIELD STREET and HALSEY STREET",high,unchecked,permit_confirmed,340,923926,https://setoxxx.github.io/nycif-field-desk/?v=civic-people-facing-v01&resetFilters=1&feeds=main&mode=all&assignment=1&date=2026-07-26&borough=Brooklyn,map_ready
tvpp-9vvx:898922@2026-07-26,Columbia Thursday Sunday Greenmarket,pop_up_street_activation,2026-07-26,08:00,18:00,Manhattan,BROADWAY between WEST  113 STREET and WEST  116 STREET,high,unchecked,permit_confirmed,340,898922,https://setoxxx.github.io/nycif-field-desk/?v=civic-people-facing-v01&resetFilters=1&feeds=main&mode=all&assignment=1&date=2026-07-26&borough=Manhattan,map_ready
tvpp-9vvx:898918@2026-07-26,Forest Hills Greenmarket Sunday,pop_up_street_activation,2026-07-26,08:00,17:00,Queens,QUEENS BOULEVARD between 69 ROAD and 70 AVENUE,high,unchecked,permit_confirmed,340,898918,https://setoxxx.github.io/nycif-field-desk/?v=civic-people-facing-v01&resetFilters=1&feeds=main&mode=all&assignment=1&date=2026-07-26&borough=Queens,map_ready
tvpp-9vvx:898910@2026-07-26,Jackson Heights Greenmarket Sunday,pop_up_street_activation,2026-07-26,08:00,17:00,Queens,79 STREET between NORTHERN BOULEVARD and 34 AVENUE,high,unchecked,permit_confirmed,340,898910,https://setoxxx.github.io/nycif-field-desk/?v=civic-people-facing-v01&resetFilters=1&feeds=main&mode=all&assignment=1&date=2026-07-26&borough=Queens,map_ready
tvpp-9vvx:887418@2026-07-27,Union Square Greenmarket,pop_up_street_activation,2026-07-27,05:00,20:00,Manhattan,Union Square Park: North Plaza,high,unchecked,permit_confirmed,340,887418,https://setoxxx.github.io/nycif-field-desk/?v=civic-people-facing-v01&resetFilters=1&feeds=main&mode=all&assignment=1&date=2026-07-27&borough=Manhattan,map_ready
tvpp-9vvx:944282@2026-07-28,HHFM McKinley Square Market,parade_march,2026-07-28,07:00,16:00,Bronx,McKinley Square: McKinley Square,high,unchecked,permit_confirmed,340,944282,https://setoxxx.github.io/nycif-field-desk/?v=civic-people-facing-v01&resetFilters=1&feeds=main&mode=all&assignment=1&date=2026-07-28&borough=Bronx,map_ready
tvpp-9vvx:914495@2026-07-28,HHFM Mt. Eden Market,parade_march,2026-07-28,07:00,16:00,Bronx,Mount Eden Malls: Mount Eden Malls,high,unchecked,permit_confirmed,340,914495,https://setoxxx.github.io/nycif-field-desk/?v=civic-people-facing-v01&resetFilters=1&feeds=main&mode=all&assignment=1&date=2026-07-28&borough=Bronx,map_ready
tvpp-9vvx:911516@2026-07-28,Lincoln Hospital Greenmarket Tues  Friday,pop_up_street_activation,2026-07-28,08:00,17:00,Bronx,EAST  149 STREET between MORRIS AVENUE and PARK AVENUE,high,unchecked,permit_confirmed,340,911516,https://setoxxx.github.io/nycif-field-desk/?v=civic-people-facing-v01&resetFilters=1&feeds=main&mode=all&assignment=1&date=2026-07-28&borough=Bronx,map_ready
tvpp-9vvx:911528@2026-07-28,Poe Park Greenmarket Tuesday,pop_up_street_activation,2026-07-28,08:00,17:00,Bronx,EAST  192 STREET between GRAND CONCOURSE and VALENTINE AVENUE,high,unchecked,permit_confirmed,340,911528,https://setoxxx.github.io/nycif-field-desk/?v=civic-people-facing-v01&resetFilters=1&feeds=main&mode=all&assignment=1&date=2026-07-28&borough=Bronx,map_ready
tvpp-9vvx:911525@2026-07-28,Ft Washington Greenmarket Tuesday,pop_up_street_activation,2026-07-28,08:00,18:00,Manhattan,FT WASHINGTON AVENUE between WEST  168 STREET and WEST  169 STREET,high,unchecked,permit_confirmed,340,911525,https://setoxxx.github.io/nycif-field-desk/?v=civic-people-facing-v01&resetFilters=1&feeds=main&mode=all&assignment=1&date=2026-07-28&borough=Manhattan,map_ready
tvpp-9vvx:887399@2026-07-28,Green Market,parade_march,2026-07-28,00:00,23:55,Manhattan,Bowling Green: Subway Plaza (Cobblestone),high,unchecked,permit_confirmed,340,887399,https://setoxxx.github.io/nycif-field-desk/?v=civic-people-facing-v01&resetFilters=1&feeds=main&mode=all&assignment=1&date=2026-07-28&borough=Manhattan,map_ready
tvpp-9vvx:911520@2026-07-28,Elmhurst Greenmarket Tuesday,pop_up_street_activation,2026-07-28,08:00,17:00,Queens,41 AVENUE between 80 STREET and 81 STREET,high,unchecked,permit_confirmed,340,911520,https://setoxxx.github.io/nycif-field-desk/?v=civic-people-facing-v01&resetFilters=1&feeds=main&mode=all&assignment=1&date=2026-07-28&borough=Queens,map_ready
tvpp-9vvx:911512@2026-07-29,Mount Sinai Greenmarket Wednesday,pop_up_street_activation,2026-07-29,08:00,17:00,Manhattan,MADISON AVENUE between EAST   98 STREET and EAST   99 STREET,high,unchecked,permit_confirmed,340,911512,https://setoxxx.github.io/nycif-field-desk/?v=civic-people-facing-v01&resetFilters=1&feeds=main&mode=all&assignment=1&date=2026-07-29&borough=Manhattan,map_ready
tvpp-9vvx:887418@2026-07-29,Union Square Greenmarket,pop_up_street_activation,2026-07-29,05:00,20:00,Manhattan,Union Square Park: North Plaza,high,unchecked,permit_confirmed,340,887418,https://setoxxx.github.io/nycif-field-desk/?v=civic-people-facing-v01&resetFilters=1&feeds=main&mode=all&assignment=1&date=2026-07-29&borough=Manhattan,map_ready
tvpp-9vvx:914495@2026-07-30,HHFM Mt. Eden Market,parade_march,2026-07-30,07:00,16:00,Bronx,Mount Eden Malls: Mount Eden Malls,high,unchecked,permit_confirmed,340,914495,https://setoxxx.github.io/nycif-field-desk/?v=civic-people-facing-v01&resetFilters=1&feeds=main&mode=all&assignment=1&date=2026-07-30&borough=Bronx,map_ready
tvpp-9vvx:911549@2026-07-30,Borough Park Greenmarket Thursday,pop_up_street_activation,2026-07-30,08:00,16:00,Brooklyn,14 AVENUE between 49 STREET and 50 STREET,high,unchecked,permit_confirmed,340,911549,https://setoxxx.github.io/nycif-field-desk/?v=civic-people-facing-v01&resetFilters=1&feeds=main&mode=all&assignment=1&date=2026-07-30&borough=Brooklyn,map_ready
tvpp-9vvx:911545@2026-07-30,175 street Greenmarket Thursday,pop_up_street_activation,2026-07-30,08:00,17:00,Manhattan,WEST  175 STREET between BROADWAY and WADSWORTH AVENUE,high,unchecked,permit_confirmed,340,911545,https://setoxxx.github.io/nycif-field-desk/?v=civic-people-facing-v01&resetFilters=1&feeds=main&mode=all&assignment=1&date=2026-07-30&borough=Manhattan,map_ready
tvpp-9vvx:898922@2026-07-30,Columbia Thursday Sunday Greenmarket,pop_up_street_activation,2026-07-30,08:00,18:00,Manhattan,BROADWAY between WEST  113 STREET and WEST  116 STREET,high,unchecked,permit_confirmed,340,898922,https://setoxxx.github.io/nycif-field-desk/?v=civic-people-facing-v01&resetFilters=1&feeds=main&mode=all&assignment=1&date=2026-07-30&borough=Manhattan,map_ready
tvpp-9vvx:928822@2026-07-30,Columbus Circle Food Market,parade_march,2026-07-30,09:30,21:00,Manhattan,Central Park: Merchants' Gate,high,unchecked,permit_confirmed,340,928822,https://setoxxx.github.io/nycif-field-desk/?v=civic-people-facing-v01&resetFilters=1&feeds=main&mode=all&assignment=1&date=2026-07-30&borough=Manhattan,map_ready
tvpp-9vvx:922413@2026-07-30,Farmers Market,pop_up_street_activation,2026-07-30,08:00,20:00,Manhattan,Richard Tucker Square: Richard Tucker Square,high,unchecked,permit_confirmed,340,922413,https://setoxxx.github.io/nycif-field-desk/?v=civic-people-facing-v01&resetFilters=1&feeds=main&mode=all&assignment=1&date=2026-07-30&borough=Manhattan,map_ready
tvpp-9vvx:887399@2026-07-30,Green Market,parade_march,2026-07-30,00:00,23:55,Manhattan,Bowling Green: Subway Plaza (Cobblestone),high,unchecked,permit_confirmed,340,887399,https://setoxxx.github.io/nycif-field-desk/?v=civic-people-facing-v01&resetFilters=1&feeds=main&mode=all&assignment=1&date=2026-07-30&borough=Manhattan,map_ready
tvpp-9vvx:911516@2026-07-31,Lincoln Hospital Greenmarket Tues  Friday,pop_up_street_activation,2026-07-31,08:00,17:00,Bronx,EAST  149 STREET between MORRIS AVENUE and PARK AVENUE,high,unchecked,permit_confirmed,340,911516,https://setoxxx.github.io/nycif-field-desk/?v=civic-people-facing-v01&resetFilters=1&feeds=main&mode=all&assignment=1&date=2026-07-31&borough=Bronx,map_ready
tvpp-9vvx:898931@2026-07-31,97 Street Greenmarket Friday,pop_up_street_activation,2026-07-31,08:00,17:00,Manhattan,WEST   97 STREET between COLUMBUS AVENUE and AMSTERDAM AVENUE,high,unchecked,permit_confirmed,340,898931,https://setoxxx.github.io/nycif-field-desk/?v=civic-people-facing-v01&resetFilters=1&feeds=main&mode=all&assignment=1&date=2026-07-31&borough=Manhattan,map_ready
tvpp-9vvx:928822@2026-07-31,Columbus Circle Food Market,parade_march,2026-07-31,09:30,21:00,Manhattan,Central Park: Merchants' Gate,high,unchecked,permit_confirmed,340,928822,https://setoxxx.github.io/nycif-field-desk/?v=civic-people-facing-v01&resetFilters=1&feeds=main&mode=all&assignment=1&date=2026-07-31&borough=Manhattan,map_ready
tvpp-9vvx:914361@2026-07-31,HHFM Harlem Hospital Market,parade_march,2026-07-31,08:00,15:00,Manhattan,LENOX AVENUE between WEST  136 STREET and WEST  137 STREET,high,unchecked,permit_confirmed,340,914361,https://setoxxx.github.io/nycif-field-desk/?v=civic-people-facing-v01&resetFilters=1&feeds=main&mode=all&assignment=1&date=2026-07-31&borough=Manhattan,map_ready
tvpp-9vvx:887418@2026-07-31,Union Square Greenmarket,pop_up_street_activation,2026-07-31,05:00,20:00,Manhattan,Union Square Park: North Plaza,high,unchecked,permit_confirmed,340,887418,https://setoxxx.github.io/nycif-field-desk/?v=civic-people-facing-v01&resetFilters=1&feeds=main&mode=all&assignment=1&date=2026-07-31&borough=Manhattan,map_ready
tvpp-9vvx:911518@2026-07-31,Corona Greenmarket  Friday,pop_up_street_activation,2026-07-31,08:00,17:00,Queens,ROOSEVELT AVENUE between 103 STREET and 104 STREET,high,unchecked,permit_confirmed,340,911518,https://setoxxx.github.io/nycif-field-desk/?v=civic-people-facing-v01&resetFilters=1&feeds=main&mode=all&assignment=1&date=2026-07-31&borough=Queens,map_ready
tvpp-9vvx:911543@2026-08-01,4th Avenue Sunset Park Greenmarket Saturday,pop_up_street_activation,2026-08-01,08:00,17:00,Brooklyn,60 STREET between 3 AVENUE and 4 AVENUE,high,unchecked,permit_confirmed,340,911543,https://setoxxx.github.io/nycif-field-desk/?v=civic-people-facing-v01&resetFilters=1&feeds=main&mode=all&assignment=1&date=2026-08-01&borough=Brooklyn,map_ready
tvpp-9vvx:911522@2026-08-01,57 Street Saturday Greenmarket,pop_up_street_activation,2026-08-01,08:00,18:00,Manhattan,10 AVENUE between WEST   57 STREET and WEST   58 STREET,high,unchecked,permit_confirmed,340,911522,https://setoxxx.github.io/nycif-field-desk/?v=civic-people-facing-v01&resetFilters=1&feeds=main&mode=all&assignment=1&date=2026-08-01&borough=Manhattan,map_ready
tvpp-9vvx:897894@2026-08-01,82 Street Greenmarket Saturday,pop_up_street_activation,2026-08-01,08:00,17:00,Manhattan,EAST   82 STREET between 1 AVENUE and YORK AVENUE,high,unchecked,permit_confirmed,340,897894,https://setoxxx.github.io/nycif-field-desk/?v=civic-people-facing-v01&resetFilters=1&feeds=main&mode=all&assignment=1&date=2026-08-01&borough=Manhattan,map_ready
tvpp-9vvx:928822@2026-08-01,Columbus Circle Food Market,parade_march,2026-08-01,09:30,21:00,Manhattan,Central Park: Merchants' Gate,high,unchecked,permit_confirmed,340,928822,https://setoxxx.github.io/nycif-field-desk/?v=civic-people-facing-v01&resetFilters=1&feeds=main&mode=all&assignment=1&date=2026-08-01&borough=Manhattan,map_ready
tvpp-9vvx:922413@2026-08-01,Farmers Market,pop_up_street_activation,2026-08-01,08:00,20:00,Manhattan,Richard Tucker Square: Richard Tucker Square,high,unchecked,permit_confirmed,340,922413,https://setoxxx.github.io/nycif-field-desk/?v=civic-people-facing-v01&resetFilters=1&feeds=main&mode=all&assignment=1&date=2026-08-01&borough=Manhattan,map_ready
tvpp-9vvx:898914@2026-08-01,Inwood Greenmarket Saturday,pop_up_street_activation,2026-08-01,06:00,17:00,Manhattan,ISHAM STREET between SEAMAN AVENUE and COOPER STREET,high,unchecked,permit_confirmed,340,898914,https://setoxxx.github.io/nycif-field-desk/?v=civic-people-facing-v01&resetFilters=1&feeds=main&mode=all&assignment=1&date=2026-08-01&borough=Manhattan,map_ready
tvpp-9vvx:887418@2026-08-01,Union Square Greenmarket,pop_up_street_activation,2026-08-01,05:00,20:00,Manhattan,Union Square Park: North Plaza,high,unchecked,permit_confirmed,340,887418,https://setoxxx.github.io/nycif-field-desk/?v=civic-people-facing-v01&resetFilters=1&feeds=main&mode=all&assignment=1&date=2026-08-01&borough=Manhattan,map_ready
tvpp-9vvx:912769@2026-08-01,Uptown Good Food Farmers Market,pop_up_street_activation,2026-08-01,08:00,16:00,Manhattan,St. Nicholas Park: Paths 128 - 141st Street,high,unchecked,permit_confirmed,340,912769,https://setoxxx.github.io/nycif-field-desk/?v=civic-people-facing-v01&resetFilters=1&feeds=main&mode=all&assignment=1&date=2026-08-01&borough=Manhattan,map_ready
tvpp-9vvx:912768@2026-08-02,Bronx Park East Farmers Market,pop_up_street_activation,2026-08-02,08:00,17:00,Bronx,Bronx Park: Brady Avenue Entrance,high,unchecked,permit_confirmed,340,912768,https://setoxxx.github.io/nycif-field-desk/?v=civic-people-facing-v01&resetFilters=1&feeds=main&mode=all&assignment=1&date=2026-08-02&borough=Bronx,map_ready
tvpp-9vvx:898942@2026-08-02,Carroll Gardens Greenmarket Sunday,pop_up_street_activation,2026-08-02,08:00,17:00,Brooklyn,CARROLL STREET between SMITH STREET and COURT STREET,high,unchecked,permit_confirmed,340,898942,https://setoxxx.github.io/nycif-field-desk/?v=civic-people-facing-v01&resetFilters=1&feeds=main&mode=all&assignment=1&date=2026-08-02&borough=Brooklyn,map_ready
tvpp-9vvx:898937@2026-08-02,Cortelyou Greenmarket Sunday,pop_up_street_activation,2026-08-02,08:00,17:00,Brooklyn,CORTELYOU ROAD between RUGBY ROAD and ARGYLE ROAD,high,unchecked,permit_confirmed,340,898937,https://setoxxx.github.io/nycif-field-desk/?v=civic-people-facing-v01&resetFilters=1&feeds=main&mode=all&assignment=1&date=2026-08-02&borough=Brooklyn,map_ready
tvpp-9vvx:923926@2026-08-02,RiseBoro Farmers Markets at Irving Square Park,pop_up_street_activation,2026-08-02,09:00,15:00,Brooklyn,"KNICKERBOCKER AVENUE between STARR STREET and SUYDAM STREET,  KNICKERBOCKER AVENUE between WEIRFIELD STREET and HALSEY STREET",high,unchecked,permit_confirmed,340,923926,https://setoxxx.github.io/nycif-field-desk/?v=civic-people-facing-v01&resetFilters=1&feeds=main&mode=all&assignment=1&date=2026-08-02&borough=Brooklyn,map_ready
tvpp-9vvx:898922@2026-08-02,Columbia Thursday Sunday Greenmarket,pop_up_street_activation,2026-08-02,08:00,18:00,Manhattan,BROADWAY between WEST  113 STREET and WEST  116 STREET,high,unchecked,permit_confirmed,340,898922,https://setoxxx.github.io/nycif-field-desk/?v=civic-people-facing-v01&resetFilters=1&feeds=main&mode=all&assignment=1&date=2026-08-02&borough=Manhattan,map_ready
tvpp-9vvx:898918@2026-08-02,Forest Hills Greenmarket Sunday,pop_up_street_activation,2026-08-02,08:00,17:00,Queens,QUEENS BOULEVARD between 69 ROAD and 70 AVENUE,high,unchecked,permit_confirmed,340,898918,https://setoxxx.github.io/nycif-field-desk/?v=civic-people-facing-v01&resetFilters=1&feeds=main&mode=all&assignment=1&date=2026-08-02&borough=Queens,map_ready
tvpp-9vvx:898910@2026-08-02,Jackson Heights Greenmarket Sunday,pop_up_street_activation,2026-08-02,08:00,17:00,Queens,79 STREET between NORTHERN BOULEVARD and 34 AVENUE,high,unchecked,permit_confirmed,340,898910,https://setoxxx.github.io/nycif-field-desk/?v=civic-people-facing-v01&resetFilters=1&feeds=main&mode=all&assignment=1&date=2026-08-02&borough=Queens,map_ready
tvpp-9vvx:887418@2026-08-03,Union Square Greenmarket,pop_up_street_activation,2026-08-03,05:00,20:00,Manhattan,Union Square Park: North Plaza,high,unchecked,permit_confirmed,340,887418,https://setoxxx.github.io/nycif-field-desk/?v=civic-people-facing-v01&resetFilters=1&feeds=main&mode=all&assignment=1&date=2026-08-03&borough=Manhattan,map_ready
tvpp-9vvx:944282@2026-08-04,HHFM McKinley Square Market,parade_march,2026-08-04,07:00,16:00,Bronx,McKinley Square: McKinley Square,high,unchecked,permit_confirmed,340,944282,https://setoxxx.github.io/nycif-field-desk/?v=civic-people-facing-v01&resetFilters=1&feeds=main&mode=all&assignment=1&date=2026-08-04&borough=Bronx,map_ready
tvpp-9vvx:914495@2026-08-04,HHFM Mt. Eden Market,parade_march,2026-08-04,07:00,16:00,Bronx,Mount Eden Malls: Mount Eden Malls,high,unchecked,permit_confirmed,340,914495,https://setoxxx.github.io/nycif-field-desk/?v=civic-people-facing-v01&resetFilters=1&feeds=main&mode=all&assignment=1&date=2026-08-04&borough=Bronx,map_ready
tvpp-9vvx:911516@2026-08-04,Lincoln Hospital Greenmarket Tues  Friday,pop_up_street_activation,2026-08-04,08:00,17:00,Bronx,EAST  149 STREET between MORRIS AVENUE and PARK AVENUE,high,unchecked,permit_confirmed,340,911516,https://setoxxx.github.io/nycif-field-desk/?v=civic-people-facing-v01&resetFilters=1&feeds=main&mode=all&assignment=1&date=2026-08-04&borough=Bronx,map_ready
tvpp-9vvx:911528@2026-08-04,Poe Park Greenmarket Tuesday,pop_up_street_activation,2026-08-04,08:00,17:00,Bronx,EAST  192 STREET between GRAND CONCOURSE and VALENTINE AVENUE,high,unchecked,permit_confirmed,340,911528,https://setoxxx.github.io/nycif-field-desk/?v=civic-people-facing-v01&resetFilters=1&feeds=main&mode=all&assignment=1&date=2026-08-04&borough=Bronx,map_ready
tvpp-9vvx:911525@2026-08-04,Ft Washington Greenmarket Tuesday,pop_up_street_activation,2026-08-04,08:00,18:00,Manhattan,FT WASHINGTON AVENUE between WEST  168 STREET and WEST  169 STREET,high,unchecked,permit_confirmed,340,911525,https://setoxxx.github.io/nycif-field-desk/?v=civic-people-facing-v01&resetFilters=1&feeds=main&mode=all&assignment=1&date=2026-08-04&borough=Manhattan,map_ready
tvpp-9vvx:887399@2026-08-04,Green Market,parade_march,2026-08-04,00:00,23:55,Manhattan,Bowling Green: Subway Plaza (Cobblestone),high,unchecked,permit_confirmed,340,887399,https://setoxxx.github.io/nycif-field-desk/?v=civic-people-facing-v01&resetFilters=1&feeds=main&mode=all&assignment=1&date=2026-08-04&borough=Manhattan,map_ready
tvpp-9vvx:911520@2026-08-04,Elmhurst Greenmarket Tuesday,pop_up_street_activation,2026-08-04,08:00,17:00,Queens,41 AVENUE between 80 STREET and 81 STREET,high,unchecked,permit_confirmed,340,911520,https://setoxxx.github.io/nycif-field-desk/?v=civic-people-facing-v01&resetFilters=1&feeds=main&mode=all&assignment=1&date=2026-08-04&borough=Queens,map_ready
tvpp-9vvx:911512@2026-08-05,Mount Sinai Greenmarket Wednesday,pop_up_street_activation,2026-08-05,08:00,17:00,Manhattan,MADISON AVENUE between EAST   98 STREET and EAST   99 STREET,high,unchecked,permit_confirmed,340,911512,https://setoxxx.github.io/nycif-field-desk/?v=civic-people-facing-v01&resetFilters=1&feeds=main&mode=all&assignment=1&date=2026-08-05&borough=Manhattan,map_ready
tvpp-9vvx:887418@2026-08-05,Union Square Greenmarket,pop_up_street_activation,2026-08-05,05:00,20:00,Manhattan,Union Square Park: North Plaza,high,unchecked,permit_confirmed,340,887418,https://setoxxx.github.io/nycif-field-desk/?v=civic-people-facing-v01&resetFilters=1&feeds=main&mode=all&assignment=1&date=2026-08-05&borough=Manhattan,map_ready
tvpp-9vvx:914495@2026-08-06,HHFM Mt. Eden Market,parade_march,2026-08-06,07:00,16:00,Bronx,Mount Eden Malls: Mount Eden Malls,high,unchecked,permit_confirmed,340,914495,https://setoxxx.github.io/nycif-field-desk/?v=civic-people-facing-v01&resetFilters=1&feeds=main&mode=all&assignment=1&date=2026-08-06&borough=Bronx,map_ready
tvpp-9vvx:911549@2026-08-06,Borough Park Greenmarket Thursday,pop_up_street_activation,2026-08-06,08:00,16:00,Brooklyn,14 AVENUE between 49 STREET and 50 STREET,high,unchecked,permit_confirmed,340,911549,https://setoxxx.github.io/nycif-field-desk/?v=civic-people-facing-v01&resetFilters=1&feeds=main&mode=all&assignment=1&date=2026-08-06&borough=Brooklyn,map_ready
tvpp-9vvx:911545@2026-08-06,175 street Greenmarket Thursday,pop_up_street_activation,2026-08-06,08:00,17:00,Manhattan,WEST  175 STREET between BROADWAY and WADSWORTH AVENUE,high,unchecked,permit_confirmed,340,911545,https://setoxxx.github.io/nycif-field-desk/?v=civic-people-facing-v01&resetFilters=1&feeds=main&mode=all&assignment=1&date=2026-08-06&borough=Manhattan,map_ready
tvpp-9vvx:898922@2026-08-06,Columbia Thursday Sunday Greenmarket,pop_up_street_activation,2026-08-06,08:00,18:00,Manhattan,BROADWAY between WEST  113 STREET and WEST  116 STREET,high,unchecked,permit_confirmed,340,898922,https://setoxxx.github.io/nycif-field-desk/?v=civic-people-facing-v01&resetFilters=1&feeds=main&mode=all&assignment=1&date=2026-08-06&borough=Manhattan,map_ready
tvpp-9vvx:928822@2026-08-06,Columbus Circle Food Market,parade_march,2026-08-06,09:30,21:00,Manhattan,Central Park: Merchants' Gate,high,unchecked,permit_confirmed,340,928822,https://setoxxx.github.io/nycif-field-desk/?v=civic-people-facing-v01&resetFilters=1&feeds=main&mode=all&assignment=1&date=2026-08-06&borough=Manhattan,map_ready
tvpp-9vvx:922413@2026-08-06,Farmers Market,pop_up_street_activation,2026-08-06,08:00,20:00,Manhattan,Richard Tucker Square: Richard Tucker Square,high,unchecked,permit_confirmed,340,922413,https://setoxxx.github.io/nycif-field-desk/?v=civic-people-facing-v01&resetFilters=1&feeds=main&mode=all&assignment=1&date=2026-08-06&borough=Manhattan,map_ready
tvpp-9vvx:887399@2026-08-06,Green Market,parade_march,2026-08-06,00:00,23:55,Manhattan,Bowling Green: Subway Plaza (Cobblestone),high,unchecked,permit_confirmed,340,887399,https://setoxxx.github.io/nycif-field-desk/?v=civic-people-facing-v01&resetFilters=1&feeds=main&mode=all&assignment=1&date=2026-08-06&borough=Manhattan,map_ready
tvpp-9vvx:920487@2026-08-06,south villge  farmers market,pop_up_street_activation,2026-08-06,09:00,18:00,Manhattan,AVENUE OF AMERICAS between CARMINE STREET and WEST    3 STREET,high,unchecked,permit_confirmed,340,920487,https://setoxxx.github.io/nycif-field-desk/?v=civic-people-facing-v01&resetFilters=1&feeds=main&mode=all&assignment=1&date=2026-08-06&borough=Manhattan,map_ready
tvpp-9vvx:911516@2026-08-07,Lincoln Hospital Greenmarket Tues  Friday,pop_up_street_activation,2026-08-07,08:00,17:00,Bronx,EAST  149 STREET between MORRIS AVENUE and PARK AVENUE,high,unchecked,permit_confirmed,340,911516,https://setoxxx.github.io/nycif-field-desk/?v=civic-people-facing-v01&resetFilters=1&feeds=main&mode=all&assignment=1&date=2026-08-07&borough=Bronx,map_ready
tvpp-9vvx:898931@2026-08-07,97 Street Greenmarket Friday,pop_up_street_activation,2026-08-07,08:00,17:00,Manhattan,WEST   97 STREET between COLUMBUS AVENUE and AMSTERDAM AVENUE,high,unchecked,permit_confirmed,340,898931,https://setoxxx.github.io/nycif-field-desk/?v=civic-people-facing-v01&resetFilters=1&feeds=main&mode=all&assignment=1&date=2026-08-07&borough=Manhattan,map_ready
tvpp-9vvx:928822@2026-08-07,Columbus Circle Food Market,parade_march,2026-08-07,09:30,21:00,Manhattan,Central Park: Merchants' Gate,high,unchecked,permit_confirmed,340,928822,https://setoxxx.github.io/nycif-field-desk/?v=civic-people-facing-v01&resetFilters=1&feeds=main&mode=all&assignment=1&date=2026-08-07&borough=Manhattan,map_ready
tvpp-9vvx:914361@2026-08-07,HHFM Harlem Hospital Market,parade_march,2026-08-07,08:00,15:00,Manhattan,LENOX AVENUE between WEST  136 STREET and WEST  137 STREET,high,unchecked,permit_confirmed,340,914361,https://setoxxx.github.io/nycif-field-desk/?v=civic-people-facing-v01&resetFilters=1&feeds=main&mode=all&assignment=1&date=2026-08-07&borough=Manhattan,map_ready
tvpp-9vvx:887418@2026-08-07,Union Square Greenmarket,pop_up_street_activation,2026-08-07,05:00,20:00,Manhattan,Union Square Park: North Plaza,high,unchecked,permit_confirmed,340,887418,https://setoxxx.github.io/nycif-field-desk/?v=civic-people-facing-v01&resetFilters=1&feeds=main&mode=all&assignment=1&date=2026-08-07&borough=Manhattan,map_ready
tvpp-9vvx:911518@2026-08-07,Corona Greenmarket  Friday,pop_up_street_activation,2026-08-07,08:00,17:00,Queens,ROOSEVELT AVENUE between 103 STREET and 104 STREET,high,unchecked,permit_confirmed,340,911518,https://setoxxx.github.io/nycif-field-desk/?v=civic-people-facing-v01&resetFilters=1&feeds=main&mode=all&assignment=1&date=2026-08-07&borough=Queens,map_ready
tvpp-9vvx:911543@2026-08-08,4th Avenue Sunset Park Greenmarket Saturday,pop_up_street_activation,2026-08-08,08:00,17:00,Brooklyn,60 STREET between 3 AVENUE and 4 AVENUE,high,unchecked,permit_confirmed,340,911543,https://setoxxx.github.io/nycif-field-desk/?v=civic-people-facing-v01&resetFilters=1&feeds=main&mode=all&assignment=1&date=2026-08-08&borough=Brooklyn,map_ready
tvpp-9vvx:911522@2026-08-08,57 Street Saturday Greenmarket,pop_up_street_activation,2026-08-08,08:00,18:00,Manhattan,10 AVENUE between WEST   57 STREET and WEST   58 STREET,high,unchecked,permit_confirmed,340,911522,https://setoxxx.github.io/nycif-field-desk/?v=civic-people-facing-v01&resetFilters=1&feeds=main&mode=all&assignment=1&date=2026-08-08&borough=Manhattan,map_ready
tvpp-9vvx:897894@2026-08-08,82 Street Greenmarket Saturday,pop_up_street_activation,2026-08-08,08:00,17:00,Manhattan,EAST   82 STREET between 1 AVENUE and YORK AVENUE,high,unchecked,permit_confirmed,340,897894,https://setoxxx.github.io/nycif-field-desk/?v=civic-people-facing-v01&resetFilters=1&feeds=main&mode=all&assignment=1&date=2026-08-08&borough=Manhattan,map_ready
tvpp-9vvx:928822@2026-08-08,Columbus Circle Food Market,parade_march,2026-08-08,09:30,21:00,Manhattan,Central Park: Merchants' Gate,high,unchecked,permit_confirmed,340,928822,https://setoxxx.github.io/nycif-field-desk/?v=civic-people-facing-v01&resetFilters=1&feeds=main&mode=all&assignment=1&date=2026-08-08&borough=Manhattan,map_ready
tvpp-9vvx:922413@2026-08-08,Farmers Market,pop_up_street_activation,2026-08-08,08:00,20:00,Manhattan,Richard Tucker Square: Richard Tucker Square,high,unchecked,permit_confirmed,340,922413,https://setoxxx.github.io/nycif-field-desk/?v=civic-people-facing-v01&resetFilters=1&feeds=main&mode=all&assignment=1&date=2026-08-08&borough=Manhattan,map_ready
tvpp-9vvx:898914@2026-08-08,Inwood Greenmarket Saturday,pop_up_street_activation,2026-08-08,06:00,17:00,Manhattan,ISHAM STREET between SEAMAN AVENUE and COOPER STREET,high,unchecked,permit_confirmed,340,898914,https://setoxxx.github.io/nycif-field-desk/?v=civic-people-facing-v01&resetFilters=1&feeds=main&mode=all&assignment=1&date=2026-08-08&borough=Manhattan,map_ready
tvpp-9vvx:887418@2026-08-08,Union Square Greenmarket,pop_up_street_activation,2026-08-08,05:00,20:00,Manhattan,Union Square Park: North Plaza,high,unchecked,permit_confirmed,340,887418,https://setoxxx.github.io/nycif-field-desk/?v=civic-people-facing-v01&resetFilters=1&feeds=main&mode=all&assignment=1&date=2026-08-08&borough=Manhattan,map_ready
tvpp-9vvx:912769@2026-08-08,Uptown Good Food Farmers Market,pop_up_street_activation,2026-08-08,08:00,16:00,Manhattan,St. Nicholas Park: Paths 128 - 141st Street,high,unchecked,permit_confirmed,340,912769,https://setoxxx.github.io/nycif-field-desk/?v=civic-people-facing-v01&resetFilters=1&feeds=main&mode=all&assignment=1&date=2026-08-08&borough=Manhattan,map_ready
tvpp-9vvx:912768@2026-08-09,Bronx Park East Farmers Market,pop_up_street_activation,2026-08-09,08:00,17:00,Bronx,Bronx Park: Brady Avenue Entrance,high,unchecked,permit_confirmed,340,912768,https://setoxxx.github.io/nycif-field-desk/?v=civic-people-facing-v01&resetFilters=1&feeds=main&mode=all&assignment=1&date=2026-08-09&borough=Bronx,map_ready
tvpp-9vvx:898942@2026-08-09,Carroll Gardens Greenmarket Sunday,pop_up_street_activation,2026-08-09,08:00,17:00,Brooklyn,CARROLL STREET between SMITH STREET and COURT STREET,high,unchecked,permit_confirmed,340,898942,https://setoxxx.github.io/nycif-field-desk/?v=civic-people-facing-v01&resetFilters=1&feeds=main&mode=all&assignment=1&date=2026-08-09&borough=Brooklyn,map_ready
tvpp-9vvx:898937@2026-08-09,Cortelyou Greenmarket Sunday,pop_up_street_activation,2026-08-09,08:00,17:00,Brooklyn,CORTELYOU ROAD between RUGBY ROAD and ARGYLE ROAD,high,unchecked,permit_confirmed,340,898937,https://setoxxx.github.io/nycif-field-desk/?v=civic-people-facing-v01&resetFilters=1&feeds=main&mode=all&assignment=1&date=2026-08-09&borough=Brooklyn,map_ready
tvpp-9vvx:923926@2026-08-09,RiseBoro Farmers Markets at Irving Square Park,pop_up_street_activation,2026-08-09,09:00,15:00,Brooklyn,"KNICKERBOCKER AVENUE between STARR STREET and SUYDAM STREET,  KNICKERBOCKER AVENUE between WEIRFIELD STREET and HALSEY STREET",high,unchecked,permit_confirmed,340,923926,https://setoxxx.github.io/nycif-field-desk/?v=civic-people-facing-v01&resetFilters=1&feeds=main&mode=all&assignment=1&date=2026-08-09&borough=Brooklyn,map_ready
tvpp-9vvx:898922@2026-08-09,Columbia Thursday Sunday Greenmarket,pop_up_street_activation,2026-08-09,08:00,18:00,Manhattan,BROADWAY between WEST  113 STREET and WEST  116 STREET,high,unchecked,permit_confirmed,340,898922,https://setoxxx.github.io/nycif-field-desk/?v=civic-people-facing-v01&resetFilters=1&feeds=main&mode=all&assignment=1&date=2026-08-09&borough=Manhattan,map_ready
tvpp-9vvx:898918@2026-08-09,Forest Hills Greenmarket Sunday,pop_up_street_activation,2026-08-09,08:00,17:00,Queens,QUEENS BOULEVARD between 69 ROAD and 70 AVENUE,high,unchecked,permit_confirmed,340,898918,https://setoxxx.github.io/nycif-field-desk/?v=civic-people-facing-v01&resetFilters=1&feeds=main&mode=all&assignment=1&date=2026-08-09&borough=Queens,map_ready
tvpp-9vvx:898910@2026-08-09,Jackson Heights Greenmarket Sunday,pop_up_street_activation,2026-08-09,08:00,17:00,Queens,79 STREET between NORTHERN BOULEVARD and 34 AVENUE,high,unchecked,permit_confirmed,340,898910,https://setoxxx.github.io/nycif-field-desk/?v=civic-people-facing-v01&resetFilters=1&feeds=main&mode=all&assignment=1&date=2026-08-09&borough=Queens,map_ready
tvpp-9vvx:887418@2026-08-10,Union Square Greenmarket,pop_up_street_activation,2026-08-10,05:00,20:00,Manhattan,Union Square Park: North Plaza,high,unchecked,permit_confirmed,340,887418,https://setoxxx.github.io/nycif-field-desk/?v=civic-people-facing-v01&resetFilters=1&feeds=main&mode=all&assignment=1&date=2026-08-10&borough=Manhattan,map_ready
tvpp-9vvx:944282@2026-08-11,HHFM McKinley Square Market,parade_march,2026-08-11,07:00,16:00,Bronx,McKinley Square: McKinley Square,high,unchecked,permit_confirmed,340,944282,https://setoxxx.github.io/nycif-field-desk/?v=civic-people-facing-v01&resetFilters=1&feeds=main&mode=all&assignment=1&date=2026-08-11&borough=Bronx,map_ready
tvpp-9vvx:914495@2026-08-11,HHFM Mt. Eden Market,parade_march,2026-08-11,07:00,16:00,Bronx,Mount Eden Malls: Mount Eden Malls,high,unchecked,permit_confirmed,340,914495,https://setoxxx.github.io/nycif-field-desk/?v=civic-people-facing-v01&resetFilters=1&feeds=main&mode=all&assignment=1&date=2026-08-11&borough=Bronx,map_ready
tvpp-9vvx:911516@2026-08-11,Lincoln Hospital Greenmarket Tues  Friday,pop_up_street_activation,2026-08-11,08:00,17:00,Bronx,EAST  149 STREET between MORRIS AVENUE and PARK AVENUE,high,unchecked,permit_confirmed,340,911516,https://setoxxx.github.io/nycif-field-desk/?v=civic-people-facing-v01&resetFilters=1&feeds=main&mode=all&assignment=1&date=2026-08-11&borough=Bronx,map_ready
tvpp-9vvx:911528@2026-08-11,Poe Park Greenmarket Tuesday,pop_up_street_activation,2026-08-11,08:00,17:00,Bronx,EAST  192 STREET between GRAND CONCOURSE and VALENTINE AVENUE,high,unchecked,permit_confirmed,340,911528,https://setoxxx.github.io/nycif-field-desk/?v=civic-people-facing-v01&resetFilters=1&feeds=main&mode=all&assignment=1&date=2026-08-11&borough=Bronx,map_ready
tvpp-9vvx:911525@2026-08-11,Ft Washington Greenmarket Tuesday,pop_up_street_activation,2026-08-11,08:00,18:00,Manhattan,FT WASHINGTON AVENUE between WEST  168 STREET and WEST  169 STREET,high,unchecked,permit_confirmed,340,911525,https://setoxxx.github.io/nycif-field-desk/?v=civic-people-facing-v01&resetFilters=1&feeds=main&mode=all&assignment=1&date=2026-08-11&borough=Manhattan,map_ready
tvpp-9vvx:887399@2026-08-11,Green Market,parade_march,2026-08-11,00:00,23:55,Manhattan,Bowling Green: Subway Plaza (Cobblestone),high,unchecked,permit_confirmed,340,887399,https://setoxxx.github.io/nycif-field-desk/?v=civic-people-facing-v01&resetFilters=1&feeds=main&mode=all&assignment=1&date=2026-08-11&borough=Manhattan,map_ready
tvpp-9vvx:911520@2026-08-11,Elmhurst Greenmarket Tuesday,pop_up_street_activation,2026-08-11,08:00,17:00,Queens,41 AVENUE between 80 STREET and 81 STREET,high,unchecked,permit_confirmed,340,911520,https://setoxxx.github.io/nycif-field-desk/?v=civic-people-facing-v01&resetFilters=1&feeds=main&mode=all&assignment=1&date=2026-08-11&borough=Queens,map_ready
tvpp-9vvx:887418@2026-08-12,Union Square Greenmarket,pop_up_street_activation,2026-08-12,05:00,20:00,Manhattan,Union Square Park: North Plaza,high,unchecked,permit_confirmed,340,887418,https://setoxxx.github.io/nycif-field-desk/?v=civic-people-facing-v01&resetFilters=1&feeds=main&mode=all&assignment=1&date=2026-08-12&borough=Manhattan,map_ready
tvpp-9vvx:932570@2026-07-16,Live Music and Dance Performances and Circus Arts,parade_march,2026-07-16,08:00,21:00,Manhattan,Greeley Square Plaza: Greeley Square (32/33 Broadway) Broadway between W. 32rd Street and W. 33rd Street,high,unchecked,permit_confirmed,330,932570,https://setoxxx.github.io/nycif-field-desk/?v=civic-people-facing-v01&resetFilters=1&feeds=main&mode=all&assignment=1&date=2026-07-16&borough=Manhattan,map_ready
tvpp-9vvx:932570@2026-07-17,Live Music and Dance Performances and Circus Arts,parade_march,2026-07-17,08:00,21:00,Manhattan,Greeley Square Plaza: Greeley Square (32/33 Broadway) Broadway between W. 32rd Street and W. 33rd Street,high,unchecked,permit_confirmed,330,932570,https://setoxxx.github.io/nycif-field-desk/?v=civic-people-facing-v01&resetFilters=1&feeds=main&mode=all&assignment=1&date=2026-07-17&borough=Manhattan,map_ready
tvpp-9vvx:932570@2026-07-20,Live Music and Dance Performances and Circus Arts,parade_march,2026-07-20,08:00,21:00,Manhattan,Greeley Square Plaza: Greeley Square (32/33 Broadway) Broadway between W. 32rd Street and W. 33rd Street,high,unchecked,permit_confirmed,330,932570,https://setoxxx.github.io/nycif-field-desk/?v=civic-people-facing-v01&resetFilters=1&feeds=main&mode=all&assignment=1&date=2026-07-20&borough=Manhattan,map_ready
tvpp-9vvx:932570@2026-07-21,Live Music and Dance Performances and Circus Arts,parade_march,2026-07-21,08:00,21:00,Manhattan,Greeley Square Plaza: Greeley Square (32/33 Broadway) Broadway between W. 32rd Street and W. 33rd Street,high,unchecked,permit_confirmed,330,932570,https://setoxxx.github.io/nycif-field-desk/?v=civic-people-facing-v01&resetFilters=1&feeds=main&mode=all&assignment=1&date=2026-07-21&borough=Manhattan,map_ready
tvpp-9vvx:932570@2026-07-22,Live Music and Dance Performances and Circus Arts,parade_march,2026-07-22,08:00,21:00,Manhattan,Greeley Square Plaza: Greeley Square (32/33 Broadway) Broadway between W. 32rd Street and W. 33rd Street,high,unchecked,permit_confirmed,330,932570,https://setoxxx.github.io/nycif-field-desk/?v=civic-people-facing-v01&resetFilters=1&feeds=main&mode=all&assignment=1&date=2026-07-22&borough=Manhattan,map_ready
tvpp-9vvx:932570@2026-07-23,Live Music and Dance Performances and Circus Arts,parade_march,2026-07-23,08:00,21:00,Manhattan,Greeley Square Plaza: Greeley Square (32/33 Broadway) Broadway between W. 32rd Street and W. 33rd Street,high,unchecked,permit_confirmed,330,932570,https://setoxxx.github.io/nycif-field-desk/?v=civic-people-facing-v01&resetFilters=1&feeds=main&mode=all&assignment=1&date=2026-07-23&borough=Manhattan,map_ready
tvpp-9vvx:932570@2026-07-24,Live Music and Dance Performances and Circus Arts,parade_march,2026-07-24,08:00,21:00,Manhattan,Greeley Square Plaza: Greeley Square (32/33 Broadway) Broadway between W. 32rd Street and W. 33rd Street,high,unchecked,permit_confirmed,330,932570,https://setoxxx.github.io/nycif-field-desk/?v=civic-people-facing-v01&resetFilters=1&feeds=main&mode=all&assignment=1&date=2026-07-24&borough=Manhattan,map_ready
tvpp-9vvx:903036@2026-07-25,CSW Central Park Bandshell Concert,parade_march,2026-07-25,18:00,15:15,Manhattan,Central Park: Bandshell Plaza,high,unchecked,permit_confirmed,330,903036,https://setoxxx.github.io/nycif-field-desk/?v=civic-people-facing-v01&resetFilters=1&feeds=main&mode=all&assignment=1&date=2026-07-25&borough=Manhattan,map_ready
tvpp-9vvx:899567@2026-07-27,High School Choir Concert,parade_march,2026-07-27,21:00,18:00,Manhattan,Central Park: Bandshell Plaza,high,unchecked,permit_confirmed,330,899567,https://setoxxx.github.io/nycif-field-desk/?v=civic-people-facing-v01&resetFilters=1&feeds=main&mode=all&assignment=1&date=2026-07-27&borough=Manhattan,map_ready
tvpp-9vvx:932570@2026-07-27,Live Music and Dance Performances and Circus Arts,parade_march,2026-07-27,08:00,21:00,Manhattan,Greeley Square Plaza: Greeley Square (32/33 Broadway) Broadway between W. 32rd Street and W. 33rd Street,high,unchecked,permit_confirmed,330,932570,https://setoxxx.github.io/nycif-field-desk/?v=civic-people-facing-v01&resetFilters=1&feeds=main&mode=all&assignment=1&date=2026-07-27&borough=Manhattan,map_ready
tvpp-9vvx:932570@2026-07-28,Live Music and Dance Performances and Circus Arts,parade_march,2026-07-28,08:00,21:00,Manhattan,Greeley Square Plaza: Greeley Square (32/33 Broadway) Broadway between W. 32rd Street and W. 33rd Street,high,unchecked,permit_confirmed,330,932570,https://setoxxx.github.io/nycif-field-desk/?v=civic-people-facing-v01&resetFilters=1&feeds=main&mode=all&assignment=1&date=2026-07-28&borough=Manhattan,map_ready
tvpp-9vvx:932570@2026-07-29,Live Music and Dance Performances and Circus Arts,parade_march,2026-07-29,08:00,21:00,Manhattan,Greeley Square Plaza: Greeley Square (32/33 Broadway) Broadway between W. 32rd Street and W. 33rd Street,high,unchecked,permit_confirmed,330,932570,https://setoxxx.github.io/nycif-field-desk/?v=civic-people-facing-v01&resetFilters=1&feeds=main&mode=all&assignment=1&date=2026-07-29&borough=Manhattan,map_ready
tvpp-9vvx:932570@2026-07-30,Live Music and Dance Performances and Circus Arts,parade_march,2026-07-30,08:00,21:00,Manhattan,Greeley Square Plaza: Greeley Square (32/33 Broadway) Broadway between W. 32rd Street and W. 33rd Street,high,unchecked,permit_confirmed,330,932570,https://setoxxx.github.io/nycif-field-desk/?v=civic-people-facing-v01&resetFilters=1&feeds=main&mode=all&assignment=1&date=2026-07-30&borough=Manhattan,map_ready
tvpp-9vvx:932570@2026-07-31,Live Music and Dance Performances and Circus Arts,parade_march,2026-07-31,08:00,21:00,Manhattan,Greeley Square Plaza: Greeley Square (32/33 Broadway) Broadway between W. 32rd Street and W. 33rd Street,high,unchecked,permit_confirmed,330,932570,https://setoxxx.github.io/nycif-field-desk/?v=civic-people-facing-v01&resetFilters=1&feeds=main&mode=all&assignment=1&date=2026-07-31&borough=Manhattan,map_ready
tvpp-9vvx:886611@2026-08-01,Doing It In The Park Amplified Sound Performance 1,parade_march,2026-08-01,18:00,18:00,Brooklyn,American Veterans Memorial Pier: American Veterans Memorial Pier,high,unchecked,permit_confirmed,330,886611,https://setoxxx.github.io/nycif-field-desk/?v=civic-people-facing-v01&resetFilters=1&feeds=main&mode=all&assignment=1&date=2026-08-01&borough=Brooklyn,map_ready
tvpp-9vvx:899480@2026-08-02,Music  Performance,parade_march,2026-08-02,17:00,16:00,Manhattan,Washington Square Park: Garibaldi Plaza,high,unchecked,permit_confirmed,330,899480,https://setoxxx.github.io/nycif-field-desk/?v=civic-people-facing-v01&resetFilters=1&feeds=main&mode=all&assignment=1&date=2026-08-02&borough=Manhattan,map_ready
tvpp-9vvx:898494@2026-07-16,TSQ LIVE: 45/46 Plaza Programming,pop_up_street_activation,2026-07-16,12:00,21:00,Manhattan,"Times Square: 45/46 Broadway Pedestrian Plaza (Times Sq) BROADWAY between WEST   45 STREET and WEST   46 STREET,  WEST   46 STREET between 7 AVENUE and 8 AVENUE",high,unchecked,permit_confirmed,310,898494,https://setoxxx.github.io/nycif-field-desk/?v=civic-people-facing-v01&resetFilters=1&feeds=main&mode=all&assignment=1&date=2026-07-16&borough=Manhattan,map_ready
tvpp-9vvx:898494@2026-07-17,TSQ LIVE: 45/46 Plaza Programming,pop_up_street_activation,2026-07-17,12:00,21:00,Manhattan,"Times Square: 45/46 Broadway Pedestrian Plaza (Times Sq) BROADWAY between WEST   45 STREET and WEST   46 STREET,  WEST   46 STREET between 7 AVENUE and 8 AVENUE",high,unchecked,permit_confirmed,310,898494,https://setoxxx.github.io/nycif-field-desk/?v=civic-people-facing-v01&resetFilters=1&feeds=main&mode=all&assignment=1&date=2026-07-17&borough=Manhattan,map_ready
tvpp-9vvx:898494@2026-07-21,TSQ LIVE: 45/46 Plaza Programming,pop_up_street_activation,2026-07-21,12:00,21:00,Manhattan,"Times Square: 45/46 Broadway Pedestrian Plaza (Times Sq) BROADWAY between WEST   45 STREET and WEST   46 STREET,  WEST   46 STREET between 7 AVENUE and 8 AVENUE",high,unchecked,permit_confirmed,310,898494,https://setoxxx.github.io/nycif-field-desk/?v=civic-people-facing-v01&resetFilters=1&feeds=main&mode=all&assignment=1&date=2026-07-21&borough=Manhattan,map_ready
tvpp-9vvx:898494@2026-07-22,TSQ LIVE: 45/46 Plaza Programming,pop_up_street_activation,2026-07-22,12:00,21:00,Manhattan,"Times Square: 45/46 Broadway Pedestrian Plaza (Times Sq) BROADWAY between WEST   45 STREET and WEST   46 STREET,  WEST   46 STREET between 7 AVENUE and 8 AVENUE",high,unchecked,permit_confirmed,310,898494,https://setoxxx.github.io/nycif-field-desk/?v=civic-people-facing-v01&resetFilters=1&feeds=main&mode=all&assignment=1&date=2026-07-22&borough=Manhattan,map_ready
tvpp-9vvx:898494@2026-07-23,TSQ LIVE: 45/46 Plaza Programming,pop_up_street_activation,2026-07-23,12:00,21:00,Manhattan,"Times Square: 45/46 Broadway Pedestrian Plaza (Times Sq) BROADWAY between WEST   45 STREET and WEST   46 STREET,  WEST   46 STREET between 7 AVENUE and 8 AVENUE",high,unchecked,permit_confirmed,310,898494,https://setoxxx.github.io/nycif-field-desk/?v=civic-people-facing-v01&resetFilters=1&feeds=main&mode=all&assignment=1&date=2026-07-23&borough=Manhattan,map_ready
tvpp-9vvx:898494@2026-07-24,TSQ LIVE: 45/46 Plaza Programming,pop_up_street_activation,2026-07-24,12:00,21:00,Manhattan,"Times Square: 45/46 Broadway Pedestrian Plaza (Times Sq) BROADWAY between WEST   45 STREET and WEST   46 STREET,  WEST   46 STREET between 7 AVENUE and 8 AVENUE",high,unchecked,permit_confirmed,310,898494,https://setoxxx.github.io/nycif-field-desk/?v=civic-people-facing-v01&resetFilters=1&feeds=main&mode=all&assignment=1&date=2026-07-24&borough=Manhattan,map_ready
tvpp-9vvx:898494@2026-07-28,TSQ LIVE: 45/46 Plaza Programming,pop_up_street_activation,2026-07-28,12:00,21:00,Manhattan,"Times Square: 45/46 Broadway Pedestrian Plaza (Times Sq) BROADWAY between WEST   45 STREET and WEST   46 STREET,  WEST   46 STREET between 7 AVENUE and 8 AVENUE",high,unchecked,permit_confirmed,310,898494,https://setoxxx.github.io/nycif-field-desk/?v=civic-people-facing-v01&resetFilters=1&feeds=main&mode=all&assignment=1&date=2026-07-28&borough=Manhattan,map_ready
tvpp-9vvx:898494@2026-07-29,TSQ LIVE: 45/46 Plaza Programming,pop_up_street_activation,2026-07-29,12:00,21:00,Manhattan,"Times Square: 45/46 Broadway Pedestrian Plaza (Times Sq) BROADWAY between WEST   45 STREET and WEST   46 STREET,  WEST   46 STREET between 7 AVENUE and 8 AVENUE",high,unchecked,permit_confirmed,310,898494,https://setoxxx.github.io/nycif-field-desk/?v=civic-people-facing-v01&resetFilters=1&feeds=main&mode=all&assignment=1&date=2026-07-29&borough=Manhattan,map_ready
tvpp-9vvx:898494@2026-07-30,TSQ LIVE: 45/46 Plaza Programming,pop_up_street_activation,2026-07-30,12:00,21:00,Manhattan,"Times Square: 45/46 Broadway Pedestrian Plaza (Times Sq) BROADWAY between WEST   45 STREET and WEST   46 STREET,  WEST   46 STREET between 7 AVENUE and 8 AVENUE",high,unchecked,permit_confirmed,310,898494,https://setoxxx.github.io/nycif-field-desk/?v=civic-people-facing-v01&resetFilters=1&feeds=main&mode=all&assignment=1&date=2026-07-30&borough=Manhattan,map_ready
tvpp-9vvx:1105736@2026-07-30,Summer Concert Series - Queensboro Dance Festival,pop_up_street_activation,2026-07-30,19:00,,Queens,"George Seuffert, Sr. Bandshell in Forest Park",high,unchecked,permit_confirmed,310,1105736,https://setoxxx.github.io/nycif-field-desk/?v=civic-people-facing-v01&resetFilters=1&feeds=main&mode=all&assignment=1&date=2026-07-30&borough=Queens,list_only
tvpp-9vvx:898494@2026-07-31,TSQ LIVE: 45/46 Plaza Programming,pop_up_street_activation,2026-07-31,12:00,21:00,Manhattan,"Times Square: 45/46 Broadway Pedestrian Plaza (Times Sq) BROADWAY between WEST   45 STREET and WEST   46 STREET,  WEST   46 STREET between 7 AVENUE and 8 AVENUE",high,unchecked,permit_confirmed,310,898494,https://setoxxx.github.io/nycif-field-desk/?v=civic-people-facing-v01&resetFilters=1&feeds=main&mode=all&assignment=1&date=2026-07-31&borough=Manhattan,map_ready
tvpp-9vvx:898494@2026-08-04,TSQ LIVE: 45/46 Plaza Programming,pop_up_street_activation,2026-08-04,12:00,21:00,Manhattan,"Times Square: 45/46 Broadway Pedestrian Plaza (Times Sq) BROADWAY between WEST   45 STREET and WEST   46 STREET,  WEST   46 STREET between 7 AVENUE and 8 AVENUE",high,unchecked,permit_confirmed,310,898494,https://setoxxx.github.io/nycif-field-desk/?v=civic-people-facing-v01&resetFilters=1&feeds=main&mode=all&assignment=1&date=2026-08-04&borough=Manhattan,map_ready
tvpp-9vvx:898494@2026-08-05,TSQ LIVE: 45/46 Plaza Programming,pop_up_street_activation,2026-08-05,12:00,21:00,Manhattan,"Times Square: 45/46 Broadway Pedestrian Plaza (Times Sq) BROADWAY between WEST   45 STREET and WEST   46 STREET,  WEST   46 STREET between 7 AVENUE and 8 AVENUE",high,unchecked,permit_confirmed,310,898494,https://setoxxx.github.io/nycif-field-desk/?v=civic-people-facing-v01&resetFilters=1&feeds=main&mode=all&assignment=1&date=2026-08-05&borough=Manhattan,map_ready
tvpp-9vvx:937981@2026-08-05,pop-up fishing clinic at Kissena Lake,pop_up_street_activation,2026-08-05,12:00,14:00,Queens,Kissena Park: Kissena Park,high,unchecked,permit_confirmed,310,937981,https://setoxxx.github.io/nycif-field-desk/?v=civic-people-facing-v01&resetFilters=1&feeds=main&mode=all&assignment=1&date=2026-08-05&borough=Queens,map_ready
tvpp-9vvx:898494@2026-08-06,TSQ LIVE: 45/46 Plaza Programming,pop_up_street_activation,2026-08-06,12:00,21:00,Manhattan,"Times Square: 45/46 Broadway Pedestrian Plaza (Times Sq) BROADWAY between WEST   45 STREET and WEST   46 STREET,  WEST   46 STREET between 7 AVENUE and 8 AVENUE",high,unchecked,permit_confirmed,310,898494,https://setoxxx.github.io/nycif-field-desk/?v=civic-people-facing-v01&resetFilters=1&feeds=main&mode=all&assignment=1&date=2026-08-06&borough=Manhattan,map_ready
tvpp-9vvx:937983@2026-08-06,pop-up fishing clinicat Kissena Lake,pop_up_street_activation,2026-08-06,17:00,19:00,Queens,Kissena Park: Kissena Park,high,unchecked,permit_confirmed,310,937983,https://setoxxx.github.io/nycif-field-desk/?v=civic-people-facing-v01&resetFilters=1&feeds=main&mode=all&assignment=1&date=2026-08-06&borough=Queens,map_ready
tvpp-9vvx:898494@2026-08-07,TSQ LIVE: 45/46 Plaza Programming,pop_up_street_activation,2026-08-07,12:00,21:00,Manhattan,"Times Square: 45/46 Broadway Pedestrian Plaza (Times Sq) BROADWAY between WEST   45 STREET and WEST   46 STREET,  WEST   46 STREET between 7 AVENUE and 8 AVENUE",high,unchecked,permit_confirmed,310,898494,https://setoxxx.github.io/nycif-field-desk/?v=civic-people-facing-v01&resetFilters=1&feeds=main&mode=all&assignment=1&date=2026-08-07&borough=Manhattan,map_ready
tvpp-9vvx:898494@2026-08-11,TSQ LIVE: 45/46 Plaza Programming,pop_up_street_activation,2026-08-11,12:00,21:00,Manhattan,"Times Square: 45/46 Broadway Pedestrian Plaza (Times Sq) BROADWAY between WEST   45 STREET and WEST   46 STREET,  WEST   46 STREET between 7 AVENUE and 8 AVENUE",high,unchecked,permit_confirmed,310,898494,https://setoxxx.github.io/nycif-field-desk/?v=civic-people-facing-v01&resetFilters=1&feeds=main&mode=all&assignment=1&date=2026-08-11&borough=Manhattan,map_ready
tvpp-9vvx:937991@2026-08-13,pop-up fishing clinic with Solar 1,pop_up_street_activation,2026-08-13,17:00,19:00,Manhattan,East River Park: Promenade,high,unchecked,permit_confirmed,310,937991,https://setoxxx.github.io/nycif-field-desk/?v=civic-people-facing-v01&resetFilters=1&feeds=main&mode=all&assignment=1&date=2026-08-13&borough=Manhattan,map_ready
tvpp-9vvx:939672@2026-08-27,pop-up fishing clinic,pop_up_street_activation,2026-08-27,17:00,19:00,Queens,Park at Beach 108 Street: Beach 108th Street Ferry Landing and Esplanade,high,unchecked,permit_confirmed,310,939672,https://setoxxx.github.io/nycif-field-desk/?v=civic-people-facing-v01&resetFilters=1&feeds=main&mode=all&assignment=1&date=2026-08-27&borough=Queens,map_ready
tvpp-9vvx:901619@2026-09-12,Fort Greene Park Jazz Festival,pop_up_street_activation,2026-09-12,19:00,,Brooklyn,Fort Greene Park,high,unchecked,permit_confirmed,310,901619,https://setoxxx.github.io/nycif-field-desk/?v=civic-people-facing-v01&resetFilters=1&feeds=main&mode=all&assignment=1&date=2026-09-12&borough=Brooklyn,map_ready
tvpp-9vvx:922115@2026-09-20,Washington Square Park Folk Festival,pop_up_street_activation,2026-09-20,13:00,17:00,Manhattan,Washington Square Park,high,unchecked,permit_confirmed,310,922115,https://setoxxx.github.io/nycif-field-desk/?v=civic-people-facing-v01&resetFilters=1&feeds=main&mode=all&assignment=1&date=2026-09-20&borough=Manhattan,map_ready
tvpp-9vvx:948787@2026-09-05,Janmastami Festival,pop_up_street_activation,2026-09-05,16:30,18:00,Queens,Major Mark Park,high,unchecked,permit_confirmed,300,948787,https://setoxxx.github.io/nycif-field-desk/?v=civic-people-facing-v01&resetFilters=1&feeds=main&mode=all&assignment=1&date=2026-09-05&borough=Queens,map_ready
tvpp-9vvx:888174@2026-09-05,Rockaway Beach House Music festival,pop_up_street_activation,2026-09-05,17:00,21:00,Queens,Beach 17 Playground (O'Donohue Park),high,unchecked,permit_confirmed,300,888174,https://setoxxx.github.io/nycif-field-desk/?v=civic-people-facing-v01&resetFilters=1&feeds=main&mode=all&assignment=1&date=2026-09-05&borough=Queens,map_ready
tvpp-9vvx:917480@2026-09-19,Common Ground Festival,pop_up_street_activation,2026-09-19,12:00,18:00,Manhattan,Morningside Park,high,unchecked,permit_confirmed,300,917480,https://setoxxx.github.io/nycif-field-desk/?v=civic-people-facing-v01&resetFilters=1&feeds=main&mode=all&assignment=1&date=2026-09-19&borough=Manhattan,map_ready
tvpp-9vvx:935026@2026-10-03,Prohibition Jazz 16mm film festival,pop_up_street_activation,2026-10-03,20:00,22:00,Manhattan,Washington Square Park: Garibaldi Plaza,high,unchecked,permit_confirmed,300,935026,https://setoxxx.github.io/nycif-field-desk/?v=civic-people-facing-v01&resetFilters=1&feeds=main&mode=all&assignment=1&date=2026-10-03&borough=Manhattan,map_ready
tvpp-9vvx:940940@2026-10-17,WBO Fall Festival,pop_up_street_activation,2026-10-17,12:00,16:00,Bronx,Williamsbridge Oval,high,unchecked,permit_confirmed,300,940940,https://setoxxx.github.io/nycif-field-desk/?v=civic-people-facing-v01&resetFilters=1&feeds=main&mode=all&assignment=1&date=2026-10-17&borough=Bronx,map_ready
tvpp-9vvx:913191@2026-10-25,NYRR Pre Marathon Youth Event,parade_march,2026-10-25,12:00,,Manhattan,Randall's Island Park,high,unchecked,permit_confirmed,250,913191,https://setoxxx.github.io/nycif-field-desk/?v=civic-people-facing-v01&resetFilters=1&feeds=main&mode=all&assignment=1&date=2026-10-25&borough=Manhattan,map_ready
tvpp-9vvx:926120@2026-08-22,The Andrew J.Cassius Memorial Beach Volleyball Tournament,parade_march,2026-08-22,12:00,,Brooklyn,Coney Island Beach & Boardwalk,high,unchecked,permit_confirmed,245,926120,https://setoxxx.github.io/nycif-field-desk/?v=civic-people-facing-v01&resetFilters=1&feeds=main&mode=all&assignment=1&date=2026-08-22&borough=Brooklyn,map_ready
tvpp-9vvx:926135@2026-08-23,The Andrew J.Cassius Memorial Beach Volleyball Tournament,parade_march,2026-08-23,13:00,,Brooklyn,Coney Island Beach & Boardwalk,high,unchecked,permit_confirmed,245,926135,https://setoxxx.github.io/nycif-field-desk/?v=civic-people-facing-v01&resetFilters=1&feeds=main&mode=all&assignment=1&date=2026-08-23&borough=Brooklyn,map_ready
tvpp-9vvx:906196@2026-09-26,Prayer Vigil - Religious event - Sept 26. 11a-7p,parade_march,2026-09-26,18:30,,Queens,Flushing Meadows Corona Park,high,unchecked,permit_confirmed,245,906196,https://setoxxx.github.io/nycif-field-desk/?v=civic-people-facing-v01&resetFilters=1&feeds=main&mode=all&assignment=1&date=2026-09-26&borough=Queens,map_ready
tvpp-9vvx:941132@2026-07-25,Football - Youth,parade_march,2026-07-25,17:00,,Brooklyn,Parade Ground,high,unchecked,permit_confirmed,230,941132,https://setoxxx.github.io/nycif-field-desk/?v=civic-people-facing-v01&resetFilters=1&feeds=main&mode=all&assignment=1&date=2026-07-25&borough=Brooklyn,map_ready
tvpp-9vvx:922557@2026-09-19,Poseidon's Parade,parade_march,2026-09-19,16:00,,Queens,Rockaway Beach Boardwalk,high,unchecked,permit_confirmed,230,922557,https://setoxxx.github.io/nycif-field-desk/?v=civic-people-facing-v01&resetFilters=1&feeds=main&mode=all&assignment=1&date=2026-09-19&borough=Queens,map_ready
tvpp-9vvx:906960@2026-09-26,"Literacy Across Harlem March, Book Drive and Community Celebration",parade_march,2026-09-26,16:00,16:00,Manhattan,Marcus Garvey Park: Amphitheater,high,unchecked,permit_confirmed,230,906960,https://setoxxx.github.io/nycif-field-desk/?v=civic-people-facing-v01&resetFilters=1&feeds=main&mode=all&assignment=1&date=2026-09-26&borough=Manhattan,map_ready
tvpp-9vvx:939783@2026-10-03,5th Annual Rockaway Dog Parade,parade_march,2026-10-03,16:00,14:00,Queens,Rockaway Beach and Boardwalk: Beach 94th Street,high,unchecked,permit_confirmed,230,939783,https://setoxxx.github.io/nycif-field-desk/?v=civic-people-facing-v01&resetFilters=1&feeds=main&mode=all&assignment=1&date=2026-10-03&borough=Queens,map_ready
tvpp-9vvx:895440@2026-10-09,Setup for Manhattan U. Invitational,parade_march,2026-10-09,10:00,,Bronx,Van Cortlandt Park,high,unchecked,permit_confirmed,230,895440,https://setoxxx.github.io/nycif-field-desk/?v=civic-people-facing-v01&resetFilters=1&feeds=main&mode=all&assignment=1&date=2026-10-09&borough=Bronx,map_ready
tvpp-9vvx:895797@2026-10-10,West Side Closure for Manhattan U. Invitational,parade_march,2026-10-10,10:00,,Bronx,Van Cortlandt Park,high,unchecked,permit_confirmed,230,895797,https://setoxxx.github.io/nycif-field-desk/?v=civic-people-facing-v01&resetFilters=1&feeds=main&mode=all&assignment=1&date=2026-10-10&borough=Bronx,map_ready
tvpp-9vvx:945382@2026-10-24,Celebration,parade_march,2026-10-24,15:00,,Queens,Fort Totten Park,high,unchecked,permit_confirmed,230,945382,https://setoxxx.github.io/nycif-field-desk/?v=civic-people-facing-v01&resetFilters=1&feeds=main&mode=all&assignment=1&date=2026-10-24&borough=Queens,map_ready
tvpp-9vvx:1054656@2026-07-18,Big Screen at The Battery: World Cup Bronze Final,parade_march,2026-07-18,17:00,,Manhattan,Woodland Lawn in The Battery,high,unchecked,permit_confirmed,220,1054656,https://setoxxx.github.io/nycif-field-desk/?v=civic-people-facing-v01&resetFilters=1&feeds=main&mode=all&assignment=1&date=2026-07-18&borough=Manhattan,map_ready
tvpp-9vvx:2192731@2026-07-18,Big Screen at The Battery: World Cup Bronze Final,parade_march,2026-07-18,17:00,,Multi-borough,Woodland Lawn (in The Battery),high,unchecked,permit_confirmed,220,2192731,https://setoxxx.github.io/nycif-field-desk/?v=civic-people-facing-v01&resetFilters=1&feeds=main&mode=all&assignment=1&date=2026-07-18,map_ready
tvpp-9vvx:1044076@2026-07-19,Free World Cup Watch Parties,parade_march,2026-07-19,00:01,,"Bx, Bk, Mn, Qn, SI",Watch parties across all five boroughs.,high,unchecked,permit_confirmed,220,1044076,https://setoxxx.github.io/nycif-field-desk/?v=civic-people-facing-v01&resetFilters=1&feeds=main&mode=all&assignment=1&date=2026-07-19,list_only
tvpp-9vvx:1054676@2026-07-19,Big Screen at The Battery: World Cup Final,parade_march,2026-07-19,15:00,,Manhattan,Woodland Lawn in The Battery,high,unchecked,permit_confirmed,220,1054676,https://setoxxx.github.io/nycif-field-desk/?v=civic-people-facing-v01&resetFilters=1&feeds=main&mode=all&assignment=1&date=2026-07-19&borough=Manhattan,map_ready
tvpp-9vvx:2192730@2026-07-19,Big Screen at The Battery: World Cup Final,parade_march,2026-07-19,15:00,,Multi-borough,Woodland Lawn (in The Battery),high,unchecked,permit_confirmed,220,2192730,https://setoxxx.github.io/nycif-field-desk/?v=civic-people-facing-v01&resetFilters=1&feeds=main&mode=all&assignment=1&date=2026-07-19,map_ready
tvpp-9vvx:892740@2026-07-17,Carlos konig salsa,parade_march,2026-07-17,21:00,,Manhattan,Central Park,high,unchecked,permit_confirmed,200,892740,https://setoxxx.github.io/nycif-field-desk/?v=civic-people-facing-v01&resetFilters=1&feeds=main&mode=all&assignment=1&date=2026-07-17&borough=Manhattan,map_ready
tvpp-9vvx:1060116@2026-07-18,Disability Pride Month: Accessible Art Tour,parade_march,2026-07-18,12:00,,Brooklyn,The Carousel in Prospect Park,high,unchecked,permit_confirmed,200,1060116,https://setoxxx.github.io/nycif-field-desk/?v=civic-people-facing-v01&resetFilters=1&feeds=main&mode=all&assignment=1&date=2026-07-18&borough=Brooklyn,map_ready
tvpp-9vvx:2178953@2026-07-18,Disability Pride Month: Accessible Art Tour,parade_march,2026-07-18,12:00,,Multi-borough,The Carousel (in Prospect Park),high,unchecked,permit_confirmed,200,2178953,https://setoxxx.github.io/nycif-field-desk/?v=civic-people-facing-v01&resetFilters=1&feeds=main&mode=all&assignment=1&date=2026-07-18,map_ready
tvpp-9vvx:904481@2026-07-20,Dance is Life,parade_march,2026-07-20,21:00,,Manhattan,Central Park,high,unchecked,permit_confirmed,200,904481,https://setoxxx.github.io/nycif-field-desk/?v=civic-people-facing-v01&resetFilters=1&feeds=main&mode=all&assignment=1&date=2026-07-20&borough=Manhattan,map_ready
tvpp-9vvx:2211152@2026-07-25,It's My Park at Parade Ground,parade_march,2026-07-25,10:00,,Multi-borough,Parade Ground,high,unchecked,permit_confirmed,200,2211152,https://setoxxx.github.io/nycif-field-desk/?v=civic-people-facing-v01&resetFilters=1&feeds=main&mode=all&assignment=1&date=2026-07-25,map_ready
tvpp-9vvx:899208@2026-08-08,Arise New York,parade_march,2026-08-08,14:00,,Manhattan,Central Park,high,unchecked,permit_confirmed,200,899208,https://setoxxx.github.io/nycif-field-desk/?v=civic-people-facing-v01&resetFilters=1&feeds=main&mode=all&assignment=1&date=2026-08-08&borough=Manhattan,map_ready
tvpp-9vvx:919574@2026-08-12,Shakespeare Reception August 2026,parade_march,2026-08-12,22:30,,Manhattan,Central Park,high,unchecked,permit_confirmed,200,919574,https://setoxxx.github.io/nycif-field-desk/?v=civic-people-facing-v01&resetFilters=1&feeds=main&mode=all&assignment=1&date=2026-08-12&borough=Manhattan,map_ready
tvpp-9vvx:898237@2026-08-14,Free Community Music Live,parade_march,2026-08-14,19:00,,Manhattan,Central Park,high,unchecked,permit_confirmed,200,898237,https://setoxxx.github.io/nycif-field-desk/?v=civic-people-facing-v01&resetFilters=1&feeds=main&mode=all&assignment=1&date=2026-08-14&borough=Manhattan,map_ready
tvpp-9vvx:1045776@2026-08-16,India Day Parade,heritage_cultural_parade,2026-08-16,12:30,,Manhattan,EAST   37 STREET between PARK AVENUE and 5 AVENUE  Manhattan,high,unchecked,permit_confirmed,200,1045776,https://setoxxx.github.io/nycif-field-desk/?v=civic-people-facing-v01&resetFilters=1&feeds=main&mode=all&assignment=1&date=2026-08-16&borough=Manhattan,list_only
tvpp-9vvx:1044776@2026-08-16,Bolivian Day Parade,parade_march,2026-08-16,12:00,,Queens,69 ST between 37 AVE and 35 AVE  Queens,high,unchecked,permit_confirmed,200,1044776,https://setoxxx.github.io/nycif-field-desk/?v=civic-people-facing-v01&resetFilters=1&feeds=main&mode=all&assignment=1&date=2026-08-16&borough=Queens,list_only
tvpp-9vvx:1045156@2026-08-16,Cultural Parade,heritage_cultural_parade,2026-08-16,10:00,,Queens,27109 80 AVENUE Queens,high,unchecked,permit_confirmed,200,1045156,https://setoxxx.github.io/nycif-field-desk/?v=civic-people-facing-v01&resetFilters=1&feeds=main&mode=all&assignment=1&date=2026-08-16&borough=Queens,list_only
tvpp-9vvx:892994@2026-08-17,Bill Popp And The Tapes,parade_march,2026-08-17,21:00,,Manhattan,Central Park,high,unchecked,permit_confirmed,200,892994,https://setoxxx.github.io/nycif-field-desk/?v=civic-people-facing-v01&resetFilters=1&feeds=main&mode=all&assignment=1&date=2026-08-17&borough=Manhattan,map_ready
tvpp-9vvx:892746@2026-08-22,Carlos konig salsa,parade_march,2026-08-22,21:00,,Manhattan,Central Park,high,unchecked,permit_confirmed,200,892746,https://setoxxx.github.io/nycif-field-desk/?v=civic-people-facing-v01&resetFilters=1&feeds=main&mode=all&assignment=1&date=2026-08-22&borough=Manhattan,map_ready
tvpp-9vvx:1045376@2026-08-23,Falun Dafa Parade,parade_march,2026-08-23,12:00,,Brooklyn,8 AVENUE between 66 STREET and 68 STREET  Brooklyn,high,unchecked,permit_confirmed,200,1045376,https://setoxxx.github.io/nycif-field-desk/?v=civic-people-facing-v01&resetFilters=1&feeds=main&mode=all&assignment=1&date=2026-08-23&borough=Brooklyn,list_only
tvpp-9vvx:889721@2026-08-24,Traigo La Salsa De Verdad,parade_march,2026-08-24,20:00,,Manhattan,Central Park,high,unchecked,permit_confirmed,200,889721,https://setoxxx.github.io/nycif-field-desk/?v=civic-people-facing-v01&resetFilters=1&feeds=main&mode=all&assignment=1&date=2026-08-24&borough=Manhattan,map_ready
tvpp-9vvx:911633@2026-08-27,Lucada Mlange presents Les Berceaux  The Lighthouse: No. 1 A Mental Health Crisis and No. 2 Forest J,parade_march,2026-08-27,23:00,,Manhattan,Central Park,high,unchecked,permit_confirmed,200,911633,https://setoxxx.github.io/nycif-field-desk/?v=civic-people-facing-v01&resetFilters=1&feeds=main&mode=all&assignment=1&date=2026-08-27&borough=Manhattan,map_ready
tvpp-9vvx:889406@2026-08-29,Salsa Dura Social,parade_march,2026-08-29,21:00,,Manhattan,Central Park,high,unchecked,permit_confirmed,200,889406,https://setoxxx.github.io/nycif-field-desk/?v=civic-people-facing-v01&resetFilters=1&feeds=main&mode=all&assignment=1&date=2026-08-29&borough=Manhattan,map_ready
tvpp-9vvx:904413@2026-09-14,Dance is Life,parade_march,2026-09-14,21:00,,Manhattan,Central Park,high,unchecked,permit_confirmed,200,904413,https://setoxxx.github.io/nycif-field-desk/?v=civic-people-facing-v01&resetFilters=1&feeds=main&mode=all&assignment=1&date=2026-09-14&borough=Manhattan,map_ready
tvpp-9vvx:906486@2026-09-20,Justin Lees Jazz Group,parade_march,2026-09-20,17:00,,Manhattan,Central Park,high,unchecked,permit_confirmed,200,906486,https://setoxxx.github.io/nycif-field-desk/?v=civic-people-facing-v01&resetFilters=1&feeds=main&mode=all&assignment=1&date=2026-09-20&borough=Manhattan,map_ready
tvpp-9vvx:898891@2026-09-22,2026 Brigadoon on the River,parade_march,2026-09-22,18:00,,Manhattan,Central Park,high,unchecked,permit_confirmed,200,898891,https://setoxxx.github.io/nycif-field-desk/?v=civic-people-facing-v01&resetFilters=1&feeds=main&mode=all&assignment=1&date=2026-09-22&borough=Manhattan,map_ready
tvpp-9vvx:892836@2026-09-25,Carlos konig salsa,parade_march,2026-09-25,21:00,,Manhattan,Central Park,high,unchecked,permit_confirmed,200,892836,https://setoxxx.github.io/nycif-field-desk/?v=civic-people-facing-v01&resetFilters=1&feeds=main&mode=all&assignment=1&date=2026-09-25&borough=Manhattan,map_ready
tvpp-9vvx:898238@2026-10-02,Free Community Music Live,parade_march,2026-10-02,19:00,,Manhattan,Central Park,high,unchecked,permit_confirmed,200,898238,https://setoxxx.github.io/nycif-field-desk/?v=civic-people-facing-v01&resetFilters=1&feeds=main&mode=all&assignment=1&date=2026-10-02&borough=Manhattan,map_ready
tvpp-9vvx:887020@2026-11-01,Celebration,parade_march,2026-11-01,15:00,,Manhattan,Central Park,high,unchecked,permit_confirmed,200,887020,https://setoxxx.github.io/nycif-field-desk/?v=civic-people-facing-v01&resetFilters=1&feeds=main&mode=all&assignment=1&date=2026-11-01&borough=Manhattan,map_ready
tvpp-9vvx:917510@2026-11-24,Pearland HS Band,parade_march,2026-11-24,14:00,,Manhattan,Central Park,high,unchecked,permit_confirmed,200,917510,https://setoxxx.github.io/nycif-field-desk/?v=civic-people-facing-v01&resetFilters=1&feeds=main&mode=all&assignment=1&date=2026-11-24&borough=Manhattan,map_ready
tvpp-9vvx:951532@2026-07-27,Celebration,parade_march,2026-07-27,16:00,,Manhattan,Central Park,high,unchecked,permit_confirmed,190,951532,https://setoxxx.github.io/nycif-field-desk/?v=civic-people-facing-v01&resetFilters=1&feeds=main&mode=all&assignment=1&date=2026-07-27&borough=Manhattan,map_ready
tvpp-9vvx:886685@2026-08-08,Wedding,parade_march,2026-08-08,20:00,,Manhattan,Central Park,high,unchecked,permit_confirmed,190,886685,https://setoxxx.github.io/nycif-field-desk/?v=civic-people-facing-v01&resetFilters=1&feeds=main&mode=all&assignment=1&date=2026-08-08&borough=Manhattan,map_ready
tvpp-9vvx:919219@2026-08-22,Celebration,parade_march,2026-08-22,18:00,,Manhattan,Central Park,high,unchecked,permit_confirmed,190,919219,https://setoxxx.github.io/nycif-field-desk/?v=civic-people-facing-v01&resetFilters=1&feeds=main&mode=all&assignment=1&date=2026-08-22&borough=Manhattan,map_ready
tvpp-9vvx:886666@2026-08-27,Celebration,parade_march,2026-08-27,13:00,,Manhattan,Central Park,high,unchecked,permit_confirmed,190,886666,https://setoxxx.github.io/nycif-field-desk/?v=civic-people-facing-v01&resetFilters=1&feeds=main&mode=all&assignment=1&date=2026-08-27&borough=Manhattan,map_ready
tvpp-9vvx:936484@2026-08-29,Celebration,parade_march,2026-08-29,13:00,,Manhattan,Central Park,high,unchecked,permit_confirmed,190,936484,https://setoxxx.github.io/nycif-field-desk/?v=civic-people-facing-v01&resetFilters=1&feeds=main&mode=all&assignment=1&date=2026-08-29&borough=Manhattan,map_ready
tvpp-9vvx:899490@2026-09-02,Celebration,parade_march,2026-09-02,16:00,,Manhattan,Central Park,high,unchecked,permit_confirmed,190,899490,https://setoxxx.github.io/nycif-field-desk/?v=civic-people-facing-v01&resetFilters=1&feeds=main&mode=all&assignment=1&date=2026-09-02&borough=Manhattan,map_ready
tvpp-9vvx:886603@2026-09-12,De Stefano Wedding,parade_march,2026-09-12,18:00,,Manhattan,Central Park,high,unchecked,permit_confirmed,190,886603,https://setoxxx.github.io/nycif-field-desk/?v=civic-people-facing-v01&resetFilters=1&feeds=main&mode=all&assignment=1&date=2026-09-12&borough=Manhattan,map_ready
tvpp-9vvx:939389@2026-09-24,Celebration,parade_march,2026-09-24,17:00,,Manhattan,Central Park,high,unchecked,permit_confirmed,190,939389,https://setoxxx.github.io/nycif-field-desk/?v=civic-people-facing-v01&resetFilters=1&feeds=main&mode=all&assignment=1&date=2026-09-24&borough=Manhattan,map_ready
tvpp-9vvx:888732@2026-09-24,Celebration,parade_march,2026-09-24,19:00,,Manhattan,Central Park,high,unchecked,permit_confirmed,190,888732,https://setoxxx.github.io/nycif-field-desk/?v=civic-people-facing-v01&resetFilters=1&feeds=main&mode=all&assignment=1&date=2026-09-24&borough=Manhattan,map_ready
tvpp-9vvx:910670@2026-10-05,Party,parade_march,2026-10-05,22:00,,Manhattan,Central Park,high,unchecked,permit_confirmed,190,910670,https://setoxxx.github.io/nycif-field-desk/?v=civic-people-facing-v01&resetFilters=1&feeds=main&mode=all&assignment=1&date=2026-10-05&borough=Manhattan,map_ready
tvpp-9vvx:943169@2026-10-08,Celebration,parade_march,2026-10-08,18:00,,Manhattan,Central Park,high,unchecked,permit_confirmed,190,943169,https://setoxxx.github.io/nycif-field-desk/?v=civic-people-facing-v01&resetFilters=1&feeds=main&mode=all&assignment=1&date=2026-10-08&borough=Manhattan,map_ready
tvpp-9vvx:913726@2026-10-09,Celebration,parade_march,2026-10-09,18:00,,Manhattan,Central Park,high,unchecked,permit_confirmed,190,913726,https://setoxxx.github.io/nycif-field-desk/?v=civic-people-facing-v01&resetFilters=1&feeds=main&mode=all&assignment=1&date=2026-10-09&borough=Manhattan,map_ready
tvpp-9vvx:895151@2026-10-10,Celebration,parade_march,2026-10-10,17:00,,Manhattan,Central Park,high,unchecked,permit_confirmed,190,895151,https://setoxxx.github.io/nycif-field-desk/?v=civic-people-facing-v01&resetFilters=1&feeds=main&mode=all&assignment=1&date=2026-10-10&borough=Manhattan,map_ready
tvpp-9vvx:904820@2026-10-10,Celebration,parade_march,2026-10-10,19:00,,Manhattan,Central Park,high,unchecked,permit_confirmed,190,904820,https://setoxxx.github.io/nycif-field-desk/?v=civic-people-facing-v01&resetFilters=1&feeds=main&mode=all&assignment=1&date=2026-10-10&borough=Manhattan,map_ready
tvpp-9vvx:891055@2026-10-11,Celebration,parade_march,2026-10-11,20:00,,Manhattan,Central Park,high,unchecked,permit_confirmed,190,891055,https://setoxxx.github.io/nycif-field-desk/?v=civic-people-facing-v01&resetFilters=1&feeds=main&mode=all&assignment=1&date=2026-10-11&borough=Manhattan,map_ready
tvpp-9vvx:921096@2026-10-17,Celebration,parade_march,2026-10-17,20:00,,Manhattan,Central Park,high,unchecked,permit_confirmed,190,921096,https://setoxxx.github.io/nycif-field-desk/?v=civic-people-facing-v01&resetFilters=1&feeds=main&mode=all&assignment=1&date=2026-10-17&borough=Manhattan,map_ready
tvpp-9vvx:943987@2026-10-23,Celebration,parade_march,2026-10-23,19:00,,Manhattan,Central Park,high,unchecked,permit_confirmed,190,943987,https://setoxxx.github.io/nycif-field-desk/?v=civic-people-facing-v01&resetFilters=1&feeds=main&mode=all&assignment=1&date=2026-10-23&borough=Manhattan,map_ready
tvpp-9vvx:927487@2026-10-24,Celebration,parade_march,2026-10-24,20:00,,Manhattan,Central Park,high,unchecked,permit_confirmed,190,927487,https://setoxxx.github.io/nycif-field-desk/?v=civic-people-facing-v01&resetFilters=1&feeds=main&mode=all&assignment=1&date=2026-10-24&borough=Manhattan,map_ready
tvpp-9vvx:886695@2026-11-24,Celebration,parade_march,2026-11-24,18:00,,Manhattan,Central Park,high,unchecked,permit_confirmed,190,886695,https://setoxxx.github.io/nycif-field-desk/?v=civic-people-facing-v01&resetFilters=1&feeds=main&mode=all&assignment=1&date=2026-11-24&borough=Manhattan,map_ready
tvpp-9vvx:1054696@2026-07-18,Bike Ride to Waterfront Festival,pop_up_street_activation,2026-07-18,11:30,,Manhattan,Thomas Jefferson Park,high,unchecked,permit_confirmed,180,1054696,https://setoxxx.github.io/nycif-field-desk/?v=civic-people-facing-v01&resetFilters=1&feeds=main&mode=all&assignment=1&date=2026-07-18&borough=Manhattan,map_ready
tvpp-9vvx:1062636@2026-07-18,Goatham Festival,pop_up_street_activation,2026-07-18,11:00,,Manhattan,148 Street Hudson River waterfront in Riverside Park,high,unchecked,permit_confirmed,180,1062636,https://setoxxx.github.io/nycif-field-desk/?v=civic-people-facing-v01&resetFilters=1&feeds=main&mode=all&assignment=1&date=2026-07-18&borough=Manhattan,map_ready
tvpp-9vvx:1112276@2026-07-18,Waterfront Festival,pop_up_street_activation,2026-07-18,12:00,,Manhattan,East River Picnic Area in Randall's Island Park,high,unchecked,permit_confirmed,180,1112276,https://setoxxx.github.io/nycif-field-desk/?v=civic-people-facing-v01&resetFilters=1&feeds=main&mode=all&assignment=1&date=2026-07-18&borough=Manhattan,map_ready
tvpp-9vvx:2123448@2026-07-18,Bike Ride to Waterfront Festival,pop_up_street_activation,2026-07-18,11:30,,Multi-borough,Thomas Jefferson Park,high,unchecked,permit_confirmed,180,2123448,https://setoxxx.github.io/nycif-field-desk/?v=civic-people-facing-v01&resetFilters=1&feeds=main&mode=all&assignment=1&date=2026-07-18,map_ready
tvpp-9vvx:2158492@2026-07-18,Goatham Festival,pop_up_street_activation,2026-07-18,11:00,,Multi-borough,148 Street Hudson River waterfront (in Riverside Park),high,unchecked,permit_confirmed,180,2158492,https://setoxxx.github.io/nycif-field-desk/?v=civic-people-facing-v01&resetFilters=1&feeds=main&mode=all&assignment=1&date=2026-07-18,map_ready
tvpp-9vvx:2123449@2026-07-18,Waterfront Festival,pop_up_street_activation,2026-07-18,12:00,,Multi-borough,East River Picnic Area (in Randall's Island Park),high,unchecked,permit_confirmed,180,2123449,https://setoxxx.github.io/nycif-field-desk/?v=civic-people-facing-v01&resetFilters=1&feeds=main&mode=all&assignment=1&date=2026-07-18,map_ready
tvpp-9vvx:1105676@2026-07-19,Sugar Hill Art Festival,pop_up_street_activation,2026-07-19,12:00,,Manhattan,Jackie Robinson Park -  Bandshell in Jackie Robinson Park,high,unchecked,permit_confirmed,180,1105676,https://setoxxx.github.io/nycif-field-desk/?v=civic-people-facing-v01&resetFilters=1&feeds=main&mode=all&assignment=1&date=2026-07-19&borough=Manhattan,map_ready
tvpp-9vvx:2201712@2026-07-19,Sugar Hill Art Festival,pop_up_street_activation,2026-07-19,12:00,,Multi-borough,Jackie Robinson Park -  Bandshell (in Jackie Robinson Park),high,unchecked,permit_confirmed,180,2201712,https://setoxxx.github.io/nycif-field-desk/?v=civic-people-facing-v01&resetFilters=1&feeds=main&mode=all&assignment=1&date=2026-07-19,map_ready
tvpp-9vvx:1112636@2026-07-24,West Harlem Summer Jazz Festival,pop_up_street_activation,2026-07-24,18:00,,Manhattan,James Baldwin Lawn in St. Nicholas Park,high,unchecked,permit_confirmed,180,1112636,https://setoxxx.github.io/nycif-field-desk/?v=civic-people-facing-v01&resetFilters=1&feeds=main&mode=all&assignment=1&date=2026-07-24&borough=Manhattan,list_only
tvpp-9vvx:2174476@2026-07-24,West Harlem Summer Jazz Festival,pop_up_street_activation,2026-07-24,18:00,,Multi-borough,"James Baldwin Lawn (in St. Nicholas Park),135th Street and St. Nicholas Avenue (in St. Nicholas Park)",high,unchecked,permit_confirmed,180,2174476,https://setoxxx.github.io/nycif-field-desk/?v=civic-people-facing-v01&resetFilters=1&feeds=main&mode=all&assignment=1&date=2026-07-24,list_only
tvpp-9vvx:957324@2026-08-22,Basketball,parade_march,2026-08-22,16:00,,Brooklyn,Lincoln Terrace / (Arthur S. Somers Park),high,unchecked,permit_confirmed,180,957324,https://setoxxx.github.io/nycif-field-desk/?v=civic-people-facing-v01&resetFilters=1&feeds=main&mode=all&assignment=1&date=2026-08-22&borough=Brooklyn,map_ready
tvpp-9vvx:912814@2026-09-17,MUTS-John V. Lindsey East River Park,parade_march,2026-09-17,22:30,,Manhattan,Washington Market Park,high,unchecked,permit_confirmed,180,912814,https://setoxxx.github.io/nycif-field-desk/?v=civic-people-facing-v01&resetFilters=1&feeds=main&mode=all&assignment=1&date=2026-09-17&borough=Manhattan,map_ready
tvpp-9vvx:930695@2026-07-16,Celebration,parade_march,2026-07-16,17:00,,Brooklyn,Irving Square Park,high,unchecked,permit_confirmed,130,930695,https://setoxxx.github.io/nycif-field-desk/?v=civic-people-facing-v01&resetFilters=1&feeds=main&mode=all&assignment=1&date=2026-07-16&borough=Brooklyn,map_ready
tvpp-9vvx:905992@2026-07-17,FREE Friends Fest,parade_march,2026-07-17,21:00,,Brooklyn,Jackie Robinson Park (PS 21),high,unchecked,permit_confirmed,130,905992,https://setoxxx.github.io/nycif-field-desk/?v=civic-people-facing-v01&resetFilters=1&feeds=main&mode=all&assignment=1&date=2026-07-17&borough=Brooklyn,map_ready
tvpp-9vvx:913027@2026-07-18,Celebration,parade_march,2026-07-18,18:00,,Brooklyn,Irving Square Park,high,unchecked,permit_confirmed,130,913027,https://setoxxx.github.io/nycif-field-desk/?v=civic-people-facing-v01&resetFilters=1&feeds=main&mode=all&assignment=1&date=2026-07-18&borough=Brooklyn,map_ready
tvpp-9vvx:887431@2026-07-18,Family fun day AMPLIFIED SOUND EVENT,parade_march,2026-07-18,18:00,,Brooklyn,Fulton Park,high,unchecked,permit_confirmed,130,887431,https://setoxxx.github.io/nycif-field-desk/?v=civic-people-facing-v01&resetFilters=1&feeds=main&mode=all&assignment=1&date=2026-07-18&borough=Brooklyn,map_ready
tvpp-9vvx:919128@2026-07-18,Jonathan's Music day,parade_march,2026-07-18,18:00,,Brooklyn,Maria Hernandez Park,high,unchecked,permit_confirmed,130,919128,https://setoxxx.github.io/nycif-field-desk/?v=civic-people-facing-v01&resetFilters=1&feeds=main&mode=all&assignment=1&date=2026-07-18&borough=Brooklyn,map_ready
tvpp-9vvx:940682@2026-07-18,Afro Latineers,parade_march,2026-07-18,19:00,,Manhattan,Stuyvesant Square,high,unchecked,permit_confirmed,130,940682,https://setoxxx.github.io/nycif-field-desk/?v=civic-people-facing-v01&resetFilters=1&feeds=main&mode=all&assignment=1&date=2026-07-18&borough=Manhattan,map_ready
tvpp-9vvx:891070@2026-07-19,Soul Satisfaction House Music Event,parade_march,2026-07-19,18:00,,Brooklyn,Maria Hernandez Park,high,unchecked,permit_confirmed,130,891070,https://setoxxx.github.io/nycif-field-desk/?v=civic-people-facing-v01&resetFilters=1&feeds=main&mode=all&assignment=1&date=2026-07-19&borough=Brooklyn,map_ready
tvpp-9vvx:955790@2026-07-22,Picnic,parade_march,2026-07-22,21:00,,Manhattan,Stuyvesant Square,high,unchecked,permit_confirmed,130,955790,https://setoxxx.github.io/nycif-field-desk/?v=civic-people-facing-v01&resetFilters=1&feeds=main&mode=all&assignment=1&date=2026-07-22&borough=Manhattan,map_ready
tvpp-9vvx:920542@2026-07-23,Community Skate Night,parade_march,2026-07-23,20:00,,Brooklyn,Marc And Jason's Playground (JHS 61),high,unchecked,permit_confirmed,130,920542,https://setoxxx.github.io/nycif-field-desk/?v=civic-people-facing-v01&resetFilters=1&feeds=main&mode=all&assignment=1&date=2026-07-23&borough=Brooklyn,map_ready
tvpp-9vvx:911371@2026-07-25,Celebration,parade_march,2026-07-25,18:00,,Brooklyn,Fulton Park,high,unchecked,permit_confirmed,130,911371,https://setoxxx.github.io/nycif-field-desk/?v=civic-people-facing-v01&resetFilters=1&feeds=main&mode=all&assignment=1&date=2026-07-25&borough=Brooklyn,map_ready
tvpp-9vvx:921666@2026-07-25,Celebration,parade_march,2026-07-25,18:00,,Brooklyn,Maria Hernandez Park,high,unchecked,permit_confirmed,130,921666,https://setoxxx.github.io/nycif-field-desk/?v=civic-people-facing-v01&resetFilters=1&feeds=main&mode=all&assignment=1&date=2026-07-25&borough=Brooklyn,map_ready
tvpp-9vvx:887280@2026-07-25,Movie Nights w Alfreda's Cinema,parade_march,2026-07-25,00:00,,Brooklyn,Fulton Park,high,unchecked,permit_confirmed,130,887280,https://setoxxx.github.io/nycif-field-desk/?v=civic-people-facing-v01&resetFilters=1&feeds=main&mode=all&assignment=1&date=2026-07-25&borough=Brooklyn,map_ready
tvpp-9vvx:932692@2026-07-25,Miscellaneous,parade_march,2026-07-25,12:00,,Manhattan,Bowling Green,high,unchecked,permit_confirmed,130,932692,https://setoxxx.github.io/nycif-field-desk/?v=civic-people-facing-v01&resetFilters=1&feeds=main&mode=all&assignment=1&date=2026-07-25&borough=Manhattan,map_ready
tvpp-9vvx:937814@2026-07-26,Celebration,parade_march,2026-07-26,15:00,,Brooklyn,Leif Ericson Park,high,unchecked,permit_confirmed,130,937814,https://setoxxx.github.io/nycif-field-desk/?v=civic-people-facing-v01&resetFilters=1&feeds=main&mode=all&assignment=1&date=2026-07-26&borough=Brooklyn,map_ready
tvpp-9vvx:887087@2026-07-26,Celebration,parade_march,2026-07-26,18:00,,Brooklyn,Fulton Park,high,unchecked,permit_confirmed,130,887087,https://setoxxx.github.io/nycif-field-desk/?v=civic-people-facing-v01&resetFilters=1&feeds=main&mode=all&assignment=1&date=2026-07-26&borough=Brooklyn,map_ready
tvpp-9vvx:926163@2026-07-26,Laundromat Project,parade_march,2026-07-26,16:00,,Brooklyn,Herbert Von King Park,high,unchecked,permit_confirmed,130,926163,https://setoxxx.github.io/nycif-field-desk/?v=civic-people-facing-v01&resetFilters=1&feeds=main&mode=all&assignment=1&date=2026-07-26&borough=Brooklyn,map_ready
tvpp-9vvx:945056@2026-07-26,Carlo Frias Jazz,parade_march,2026-07-26,18:00,,Manhattan,Stuyvesant Square,high,unchecked,permit_confirmed,130,945056,https://setoxxx.github.io/nycif-field-desk/?v=civic-people-facing-v01&resetFilters=1&feeds=main&mode=all&assignment=1&date=2026-07-26&borough=Manhattan,map_ready
tvpp-9vvx:922823@2026-07-26,Glitter Booth,parade_march,2026-07-26,14:00,,Manhattan,Washington Square Park,high,unchecked,permit_confirmed,130,922823,https://setoxxx.github.io/nycif-field-desk/?v=civic-people-facing-v01&resetFilters=1&feeds=main&mode=all&assignment=1&date=2026-07-26&borough=Manhattan,map_ready
tvpp-9vvx:937266@2026-07-29,Hang with Harvey,parade_march,2026-07-29,20:00,,Manhattan,Washington Square Park,high,unchecked,permit_confirmed,130,937266,https://setoxxx.github.io/nycif-field-desk/?v=civic-people-facing-v01&resetFilters=1&feeds=main&mode=all&assignment=1&date=2026-07-29&borough=Manhattan,map_ready
tvpp-9vvx:948177@2026-07-30,Open Air String Music,parade_march,2026-07-30,21:00,,Manhattan,St. Nicholas Park,high,unchecked,permit_confirmed,130,948177,https://setoxxx.github.io/nycif-field-desk/?v=civic-people-facing-v01&resetFilters=1&feeds=main&mode=all&assignment=1&date=2026-07-30&borough=Manhattan,map_ready
tvpp-9vvx:905995@2026-07-31,FREE Friends Fest,parade_march,2026-07-31,21:00,,Brooklyn,Jackie Robinson Park (PS 21),high,unchecked,permit_confirmed,130,905995,https://setoxxx.github.io/nycif-field-desk/?v=civic-people-facing-v01&resetFilters=1&feeds=main&mode=all&assignment=1&date=2026-07-31&borough=Brooklyn,map_ready
tvpp-9vvx:887141@2026-07-31,Let There Be House,parade_march,2026-07-31,20:00,,Manhattan,Washington Square Park,high,unchecked,permit_confirmed,130,887141,https://setoxxx.github.io/nycif-field-desk/?v=civic-people-facing-v01&resetFilters=1&feeds=main&mode=all&assignment=1&date=2026-07-31&borough=Manhattan,map_ready
tvpp-9vvx:937812@2026-08-01,Celebration,parade_march,2026-08-01,15:00,,Brooklyn,Leif Ericson Park,high,unchecked,permit_confirmed,130,937812,https://setoxxx.github.io/nycif-field-desk/?v=civic-people-facing-v01&resetFilters=1&feeds=main&mode=all&assignment=1&date=2026-08-01&borough=Brooklyn,map_ready
tvpp-9vvx:917549@2026-08-01,Celebration,parade_march,2026-08-01,17:00,,Brooklyn,Fulton Park,high,unchecked,permit_confirmed,130,917549,https://setoxxx.github.io/nycif-field-desk/?v=civic-people-facing-v01&resetFilters=1&feeds=main&mode=all&assignment=1&date=2026-08-01&borough=Brooklyn,map_ready
tvpp-9vvx:920300@2026-08-01,The Art Meetup: Networking Mixer,parade_march,2026-08-01,17:00,,Brooklyn,Maria Hernandez Park,high,unchecked,permit_confirmed,130,920300,https://setoxxx.github.io/nycif-field-desk/?v=civic-people-facing-v01&resetFilters=1&feeds=main&mode=all&assignment=1&date=2026-08-01&borough=Brooklyn,map_ready
tvpp-9vvx:947222@2026-08-01,Bossa Nova with Ramsey Rawson,parade_march,2026-08-01,19:00,,Manhattan,Stuyvesant Square,high,unchecked,permit_confirmed,130,947222,https://setoxxx.github.io/nycif-field-desk/?v=civic-people-facing-v01&resetFilters=1&feeds=main&mode=all&assignment=1&date=2026-08-01&borough=Manhattan,map_ready
tvpp-9vvx:921865@2026-08-04,National Night Out,parade_march,2026-08-04,19:00,,Brooklyn,Linden Park (Gershwin Park,high,unchecked,permit_confirmed,130,921865,https://setoxxx.github.io/nycif-field-desk/?v=civic-people-facing-v01&resetFilters=1&feeds=main&mode=all&assignment=1&date=2026-08-04&borough=Brooklyn,map_ready
tvpp-9vvx:930916@2026-08-04,national night out,parade_march,2026-08-04,16:00,,Brooklyn,Carroll Park,high,unchecked,permit_confirmed,130,930916,https://setoxxx.github.io/nycif-field-desk/?v=civic-people-facing-v01&resetFilters=1&feeds=main&mode=all&assignment=1&date=2026-08-04&borough=Brooklyn,map_ready
tvpp-9vvx:948474@2026-08-04,17th Precinct National Night Out Against Crime,parade_march,2026-08-04,20:00,,Manhattan,Dag Hammarskjold Plaza,high,unchecked,permit_confirmed,130,948474,https://setoxxx.github.io/nycif-field-desk/?v=civic-people-facing-v01&resetFilters=1&feeds=main&mode=all&assignment=1&date=2026-08-04&borough=Manhattan,map_ready
tvpp-9vvx:947218@2026-08-06,Bingo with jenny,parade_march,2026-08-06,23:00,,Manhattan,Stuyvesant Square,high,unchecked,permit_confirmed,130,947218,https://setoxxx.github.io/nycif-field-desk/?v=civic-people-facing-v01&resetFilters=1&feeds=main&mode=all&assignment=1&date=2026-08-06&borough=Manhattan,map_ready
tvpp-9vvx:905996@2026-08-07,FREE Friends Fest,parade_march,2026-08-07,21:00,,Brooklyn,Jackie Robinson Park (PS 21),high,unchecked,permit_confirmed,130,905996,https://setoxxx.github.io/nycif-field-desk/?v=civic-people-facing-v01&resetFilters=1&feeds=main&mode=all&assignment=1&date=2026-08-07&borough=Brooklyn,map_ready
tvpp-9vvx:888164@2026-08-09,Karaoke Sunday - Amplified So9und,parade_march,2026-08-09,18:00,,Brooklyn,Fulton Park,high,unchecked,permit_confirmed,130,888164,https://setoxxx.github.io/nycif-field-desk/?v=civic-people-facing-v01&resetFilters=1&feeds=main&mode=all&assignment=1&date=2026-08-09&borough=Brooklyn,map_ready
tvpp-9vvx:905999@2026-08-14,FREE Friends Fest,parade_march,2026-08-14,21:00,,Brooklyn,Jackie Robinson Park (PS 21),high,unchecked,permit_confirmed,130,905999,https://setoxxx.github.io/nycif-field-desk/?v=civic-people-facing-v01&resetFilters=1&feeds=main&mode=all&assignment=1&date=2026-08-14&borough=Brooklyn,map_ready
tvpp-9vvx:922016@2026-08-15,Back to School and Health Fair,parade_march,2026-08-15,15:00,,Brooklyn,Leif Ericson Park,high,unchecked,permit_confirmed,130,922016,https://setoxxx.github.io/nycif-field-desk/?v=civic-people-facing-v01&resetFilters=1&feeds=main&mode=all&assignment=1&date=2026-08-15&borough=Brooklyn,map_ready
tvpp-9vvx:904484@2026-08-15,Celebration,parade_march,2026-08-15,18:00,,Brooklyn,Commodore Barry Park,high,unchecked,permit_confirmed,130,904484,https://setoxxx.github.io/nycif-field-desk/?v=civic-people-facing-v01&resetFilters=1&feeds=main&mode=all&assignment=1&date=2026-08-15&borough=Brooklyn,map_ready
tvpp-9vvx:909998@2026-08-15,Mic's Up Gun's Down Show Big Butch DjBBFJ,parade_march,2026-08-15,18:00,,Brooklyn,Jesse Owens Playground,high,unchecked,permit_confirmed,130,909998,https://setoxxx.github.io/nycif-field-desk/?v=civic-people-facing-v01&resetFilters=1&feeds=main&mode=all&assignment=1&date=2026-08-15&borough=Brooklyn,map_ready
tvpp-9vvx:915968@2026-08-15,Summer Madness AMPLIFIED SOUND,parade_march,2026-08-15,18:00,,Brooklyn,Maria Hernandez Park,high,unchecked,permit_confirmed,130,915968,https://setoxxx.github.io/nycif-field-desk/?v=civic-people-facing-v01&resetFilters=1&feeds=main&mode=all&assignment=1&date=2026-08-15&borough=Brooklyn,map_ready
tvpp-9vvx:956993@2026-08-15,Coloring with cats,parade_march,2026-08-15,16:00,,Manhattan,Stuyvesant Square,high,unchecked,permit_confirmed,130,956993,https://setoxxx.github.io/nycif-field-desk/?v=civic-people-facing-v01&resetFilters=1&feeds=main&mode=all&assignment=1&date=2026-08-15&borough=Manhattan,map_ready
tvpp-9vvx:951741@2026-08-15,Party,parade_march,2026-08-15,18:00,,Manhattan,John Jay Park,high,unchecked,permit_confirmed,130,951741,https://setoxxx.github.io/nycif-field-desk/?v=civic-people-facing-v01&resetFilters=1&feeds=main&mode=all&assignment=1&date=2026-08-15&borough=Manhattan,map_ready
tvpp-9vvx:947267@2026-08-15,The Kidwell Susters,parade_march,2026-08-15,19:00,,Manhattan,Stuyvesant Square,high,unchecked,permit_confirmed,130,947267,https://setoxxx.github.io/nycif-field-desk/?v=civic-people-facing-v01&resetFilters=1&feeds=main&mode=all&assignment=1&date=2026-08-15&borough=Manhattan,map_ready
tvpp-9vvx:905989@2026-08-21,FREE Fridays Friends Fest,parade_march,2026-08-21,21:00,,Brooklyn,Jackie Robinson Park (PS 21),high,unchecked,permit_confirmed,130,905989,https://setoxxx.github.io/nycif-field-desk/?v=civic-people-facing-v01&resetFilters=1&feeds=main&mode=all&assignment=1&date=2026-08-21&borough=Brooklyn,map_ready
tvpp-9vvx:927317@2026-08-22,Nzinga Sessions,parade_march,2026-08-22,18:00,,Brooklyn,Maria Hernandez Park,high,unchecked,permit_confirmed,130,927317,https://setoxxx.github.io/nycif-field-desk/?v=civic-people-facing-v01&resetFilters=1&feeds=main&mode=all&assignment=1&date=2026-08-22&borough=Brooklyn,map_ready
tvpp-9vvx:954064@2026-08-22,Picnic,parade_march,2026-08-22,15:00,,Brooklyn,Prospect Park,high,unchecked,permit_confirmed,130,954064,https://setoxxx.github.io/nycif-field-desk/?v=civic-people-facing-v01&resetFilters=1&feeds=main&mode=all&assignment=1&date=2026-08-22&borough=Brooklyn,map_ready
tvpp-9vvx:947933@2026-08-22,Party,parade_march,2026-08-22,20:00,,Manhattan,Sutton Place Park,high,unchecked,permit_confirmed,130,947933,https://setoxxx.github.io/nycif-field-desk/?v=civic-people-facing-v01&resetFilters=1&feeds=main&mode=all&assignment=1&date=2026-08-22&borough=Manhattan,map_ready
tvpp-9vvx:905197@2026-08-28,FREE Friends Fest,parade_march,2026-08-28,21:00,,Brooklyn,Jackie Robinson Park (PS 21),high,unchecked,permit_confirmed,130,905197,https://setoxxx.github.io/nycif-field-desk/?v=civic-people-facing-v01&resetFilters=1&feeds=main&mode=all&assignment=1&date=2026-08-28&borough=Brooklyn,map_ready
tvpp-9vvx:917437@2026-08-29,Celebration,parade_march,2026-08-29,13:00,,Brooklyn,St. John's Park,high,unchecked,permit_confirmed,130,917437,https://setoxxx.github.io/nycif-field-desk/?v=civic-people-facing-v01&resetFilters=1&feeds=main&mode=all&assignment=1&date=2026-08-29&borough=Brooklyn,map_ready
tvpp-9vvx:929843@2026-08-29,Celebration of Durban 400,parade_march,2026-08-29,18:00,,Brooklyn,Fulton Park,high,unchecked,permit_confirmed,130,929843,https://setoxxx.github.io/nycif-field-desk/?v=civic-people-facing-v01&resetFilters=1&feeds=main&mode=all&assignment=1&date=2026-08-29&borough=Brooklyn,map_ready
tvpp-9vvx:919440@2026-08-29,Music at Maria Hernandez Park Amplified Sound,parade_march,2026-08-29,19:00,,Brooklyn,Maria Hernandez Park,high,unchecked,permit_confirmed,130,919440,https://setoxxx.github.io/nycif-field-desk/?v=civic-people-facing-v01&resetFilters=1&feeds=main&mode=all&assignment=1&date=2026-08-29&borough=Brooklyn,map_ready
tvpp-9vvx:937813@2026-09-01,America 250 Celebrations Family Day,parade_march,2026-09-01,15:00,,Brooklyn,Leif Ericson Park,high,unchecked,permit_confirmed,130,937813,https://setoxxx.github.io/nycif-field-desk/?v=civic-people-facing-v01&resetFilters=1&feeds=main&mode=all&assignment=1&date=2026-09-01&borough=Brooklyn,map_ready
tvpp-9vvx:912661@2026-09-02,MUTS-St. Nicholas Park,parade_march,2026-09-02,22:30,,Manhattan,St. Nicholas Park,high,unchecked,permit_confirmed,130,912661,https://setoxxx.github.io/nycif-field-desk/?v=civic-people-facing-v01&resetFilters=1&feeds=main&mode=all&assignment=1&date=2026-09-02&borough=Manhattan,map_ready
tvpp-9vvx:912665@2026-09-03,MUTS-Madison Square Park,parade_march,2026-09-03,22:30,,Manhattan,Madison Square Park,high,unchecked,permit_confirmed,130,912665,https://setoxxx.github.io/nycif-field-desk/?v=civic-people-facing-v01&resetFilters=1&feeds=main&mode=all&assignment=1&date=2026-09-03&borough=Manhattan,map_ready
tvpp-9vvx:955447@2026-09-09,Bingo with jenny,parade_march,2026-09-09,22:00,,Manhattan,Stuyvesant Square,high,unchecked,permit_confirmed,130,955447,https://setoxxx.github.io/nycif-field-desk/?v=civic-people-facing-v01&resetFilters=1&feeds=main&mode=all&assignment=1&date=2026-09-09&borough=Manhattan,map_ready
tvpp-9vvx:890663@2026-09-13,Goodbye Summer Hello Fall,parade_march,2026-09-13,18:00,,Brooklyn,Maria Hernandez Park,high,unchecked,permit_confirmed,130,890663,https://setoxxx.github.io/nycif-field-desk/?v=civic-people-facing-v01&resetFilters=1&feeds=main&mode=all&assignment=1&date=2026-09-13&borough=Brooklyn,map_ready
tvpp-9vvx:887224@2026-09-13,Let There Be House,parade_march,2026-09-13,19:00,,Manhattan,Washington Square Park,high,unchecked,permit_confirmed,130,887224,https://setoxxx.github.io/nycif-field-desk/?v=civic-people-facing-v01&resetFilters=1&feeds=main&mode=all&assignment=1&date=2026-09-13&borough=Manhattan,map_ready
tvpp-9vvx:891315@2026-09-19,Carl Schurz Park Conservancy Volunteer Gardening,parade_march,2026-09-19,13:30,,Manhattan,Carl Schurz Park,high,unchecked,permit_confirmed,130,891315,https://setoxxx.github.io/nycif-field-desk/?v=civic-people-facing-v01&resetFilters=1&feeds=main&mode=all&assignment=1&date=2026-09-19&borough=Manhattan,map_ready
tvpp-9vvx:919118@2026-09-20,Dance Music Network NYC AMPLIFED SOUND,parade_march,2026-09-20,18:00,,Brooklyn,Maria Hernandez Park,high,unchecked,permit_confirmed,130,919118,https://setoxxx.github.io/nycif-field-desk/?v=civic-people-facing-v01&resetFilters=1&feeds=main&mode=all&assignment=1&date=2026-09-20&borough=Brooklyn,map_ready
tvpp-9vvx:941417@2026-09-26,Celebration,parade_march,2026-09-26,15:00,,Brooklyn,Leif Ericson Park,high,unchecked,permit_confirmed,130,941417,https://setoxxx.github.io/nycif-field-desk/?v=civic-people-facing-v01&resetFilters=1&feeds=main&mode=all&assignment=1&date=2026-09-26&borough=Brooklyn,map_ready
tvpp-9vvx:906832@2026-09-27,Soul Satisfaction In The Park Amplified Sound DJ Performance,parade_march,2026-09-27,18:00,,Brooklyn,Commodore Barry Park,high,unchecked,permit_confirmed,130,906832,https://setoxxx.github.io/nycif-field-desk/?v=civic-people-facing-v01&resetFilters=1&feeds=main&mode=all&assignment=1&date=2026-09-27&borough=Brooklyn,map_ready
tvpp-9vvx:887043@2026-09-27,Strickly Classic's AMPLIFIED SOUND,parade_march,2026-09-27,18:00,,Brooklyn,Fulton Park,high,unchecked,permit_confirmed,130,887043,https://setoxxx.github.io/nycif-field-desk/?v=civic-people-facing-v01&resetFilters=1&feeds=main&mode=all&assignment=1&date=2026-09-27&borough=Brooklyn,map_ready
tvpp-9vvx:956453@2026-09-27,Portraying pigeons,parade_march,2026-09-27,19:00,,Manhattan,Stuyvesant Square,high,unchecked,permit_confirmed,130,956453,https://setoxxx.github.io/nycif-field-desk/?v=civic-people-facing-v01&resetFilters=1&feeds=main&mode=all&assignment=1&date=2026-09-27&borough=Manhattan,map_ready
tvpp-9vvx:891271@2026-10-03,Emily's Music Day,parade_march,2026-10-03,18:00,,Brooklyn,Maria Hernandez Park,high,unchecked,permit_confirmed,130,891271,https://setoxxx.github.io/nycif-field-desk/?v=civic-people-facing-v01&resetFilters=1&feeds=main&mode=all&assignment=1&date=2026-10-03&borough=Brooklyn,map_ready
tvpp-9vvx:927167@2026-10-03,Miscellaneous,parade_march,2026-10-03,15:00,,Brooklyn,Leif Ericson Park,high,unchecked,permit_confirmed,130,927167,https://setoxxx.github.io/nycif-field-desk/?v=civic-people-facing-v01&resetFilters=1&feeds=main&mode=all&assignment=1&date=2026-10-03&borough=Brooklyn,map_ready
tvpp-9vvx:916067@2026-10-04,Fiestaval,parade_march,2026-10-04,18:00,,Brooklyn,Maria Hernandez Park,high,unchecked,permit_confirmed,130,916067,https://setoxxx.github.io/nycif-field-desk/?v=civic-people-facing-v01&resetFilters=1&feeds=main&mode=all&assignment=1&date=2026-10-04&borough=Brooklyn,map_ready
tvpp-9vvx:956458@2026-10-04,Alex Nguyen and friends,parade_march,2026-10-04,19:00,,Manhattan,Stuyvesant Square,high,unchecked,permit_confirmed,130,956458,https://setoxxx.github.io/nycif-field-desk/?v=civic-people-facing-v01&resetFilters=1&feeds=main&mode=all&assignment=1&date=2026-10-04&borough=Manhattan,map_ready
tvpp-9vvx:919119@2026-10-10,Dance Music Network NYC  AMPLIFIED SOUND,parade_march,2026-10-10,18:00,,Brooklyn,Fulton Park,high,unchecked,permit_confirmed,130,919119,https://setoxxx.github.io/nycif-field-desk/?v=civic-people-facing-v01&resetFilters=1&feeds=main&mode=all&assignment=1&date=2026-10-10&borough=Brooklyn,map_ready
tvpp-9vvx:945786@2026-10-10,Run for United 5K,fan_zone_major_civic,2026-10-10,12:00,13:30,Manhattan,"Randall's Island Park: Flagpole Plaza and Lawns   ,Randall's Island Park: Harlem River Event Area ,Randall's Island Park: Park Paths and Roadways ,Randall's Island Park: Asphalt Pad",high,unchecked,permit_confirmed,130,945786,https://setoxxx.github.io/nycif-field-desk/?v=civic-people-facing-v01&resetFilters=1&feeds=main&mode=all&assignment=1&date=2026-10-10&borough=Manhattan,map_ready
tvpp-9vvx:930220@2026-10-17,Music in the park,parade_march,2026-10-17,18:00,,Brooklyn,Maria Hernandez Park,high,unchecked,permit_confirmed,130,930220,https://setoxxx.github.io/nycif-field-desk/?v=civic-people-facing-v01&resetFilters=1&feeds=main&mode=all&assignment=1&date=2026-10-17&borough=Brooklyn,map_ready
tvpp-9vvx:891316@2026-10-17,Carl Schurz Park Conservancy Volunteer Gardening,parade_march,2026-10-17,13:30,,Manhattan,Carl Schurz Park,high,unchecked,permit_confirmed,130,891316,https://setoxxx.github.io/nycif-field-desk/?v=civic-people-facing-v01&resetFilters=1&feeds=main&mode=all&assignment=1&date=2026-10-17&borough=Manhattan,map_ready
tvpp-9vvx:922232@2026-10-17,Celebration,parade_march,2026-10-17,20:00,,Manhattan,City Hall Park,high,unchecked,permit_confirmed,130,922232,https://setoxxx.github.io/nycif-field-desk/?v=civic-people-facing-v01&resetFilters=1&feeds=main&mode=all&assignment=1&date=2026-10-17&borough=Manhattan,map_ready
tvpp-9vvx:914945@2026-10-23,Celebration,parade_march,2026-10-23,15:00,,Brooklyn,Fort Greene Park,high,unchecked,permit_confirmed,130,914945,https://setoxxx.github.io/nycif-field-desk/?v=civic-people-facing-v01&resetFilters=1&feeds=main&mode=all&assignment=1&date=2026-10-23&borough=Brooklyn,map_ready
tvpp-9vvx:928977@2026-10-30,Party,parade_march,2026-10-30,14:00,,Manhattan,Stuyvesant Square,high,unchecked,permit_confirmed,130,928977,https://setoxxx.github.io/nycif-field-desk/?v=civic-people-facing-v01&resetFilters=1&feeds=main&mode=all&assignment=1&date=2026-10-30&borough=Manhattan,map_ready
tvpp-9vvx:941431@2026-10-31,Celebration,parade_march,2026-10-31,15:00,,Brooklyn,Leif Ericson Park,high,unchecked,permit_confirmed,130,941431,https://setoxxx.github.io/nycif-field-desk/?v=civic-people-facing-v01&resetFilters=1&feeds=main&mode=all&assignment=1&date=2026-10-31&borough=Brooklyn,map_ready
tvpp-9vvx:918725@2026-11-01,TRIBUTE WITH MUSIC AMPLIFIED SOUND,parade_march,2026-11-01,19:00,,Brooklyn,Fulton Park,high,unchecked,permit_confirmed,130,918725,https://setoxxx.github.io/nycif-field-desk/?v=civic-people-facing-v01&resetFilters=1&feeds=main&mode=all&assignment=1&date=2026-11-01&borough=Brooklyn,map_ready
tvpp-9vvx:891317@2026-11-14,Carl Schurz Park Conservatory Volunteer Gardening,parade_march,2026-11-14,14:30,,Manhattan,Carl Schurz Park,high,unchecked,permit_confirmed,130,891317,https://setoxxx.github.io/nycif-field-desk/?v=civic-people-facing-v01&resetFilters=1&feeds=main&mode=all&assignment=1&date=2026-11-14&borough=Manhattan,map_ready
tvpp-9vvx:913543@2026-11-15,Manhattan Turkey Trot,fan_zone_major_civic,2026-11-15,15:00,11:00,Manhattan,"Randall's Island Park: Flagpole Plaza and Lawns   ,Randall's Island Park: Asphalt Pad ,Randall's Island Park: Park Paths and Roadways ,Randall's Island Park: Harlem River Event Area",high,unchecked,permit_confirmed,130,913543,https://setoxxx.github.io/nycif-field-desk/?v=civic-people-facing-v01&resetFilters=1&feeds=main&mode=all&assignment=1&date=2026-11-15&borough=Manhattan,map_ready
tvpp-9vvx:946217@2026-07-16,Chris Memorial,parade_march,2026-07-16,14:00,,Bronx,Soundview Park,high,unchecked,permit_confirmed,125,946217,https://setoxxx.github.io/nycif-field-desk/?v=civic-people-facing-v01&resetFilters=1&feeds=main&mode=all&assignment=1&date=2026-07-16&borough=Bronx,map_ready
tvpp-9vvx:948646@2026-07-18,Memorial for Maria Estrada (100),parade_march,2026-07-18,17:00,,Queens,Forest Park,high,unchecked,permit_confirmed,125,948646,https://setoxxx.github.io/nycif-field-desk/?v=civic-people-facing-v01&resetFilters=1&feeds=main&mode=all&assignment=1&date=2026-07-18&borough=Queens,map_ready
tvpp-9vvx:953385@2026-07-18,Memorial,parade_march,2026-07-18,12:00,,Staten Island,Wolfe's Pond Park,high,unchecked,permit_confirmed,125,953385,https://setoxxx.github.io/nycif-field-desk/?v=civic-people-facing-v01&resetFilters=1&feeds=main&mode=all&assignment=1&date=2026-07-18&borough=Staten%20Island,map_ready
tvpp-9vvx:948803@2026-07-25,Memorial Event for a passed loved one,parade_march,2026-07-25,13:00,,Manhattan,Randall's Island Park,high,unchecked,permit_confirmed,125,948803,https://setoxxx.github.io/nycif-field-desk/?v=civic-people-facing-v01&resetFilters=1&feeds=main&mode=all&assignment=1&date=2026-07-25&borough=Manhattan,map_ready
tvpp-9vvx:917593@2026-09-11,911 Memorial Ceremony,parade_march,2026-09-11,21:00,,Brooklyn,Marine Park,high,unchecked,permit_confirmed,125,917593,https://setoxxx.github.io/nycif-field-desk/?v=civic-people-facing-v01&resetFilters=1&feeds=main&mode=all&assignment=1&date=2026-09-11&borough=Brooklyn,map_ready
tvpp-9vvx:928663@2026-09-26,Vigo's 47th Bday,parade_march,2026-09-26,18:00,,Brooklyn,American Veterans Memorial Pier,high,unchecked,permit_confirmed,125,928663,https://setoxxx.github.io/nycif-field-desk/?v=civic-people-facing-v01&resetFilters=1&feeds=main&mode=all&assignment=1&date=2026-09-26&borough=Brooklyn,map_ready
tvpp-9vvx:906197@2026-09-28,Prayer Vigil - Religious event - Sept 28  11a-6p,parade_march,2026-09-28,19:00,,Queens,Flushing Meadows Corona Park,high,unchecked,permit_confirmed,125,906197,https://setoxxx.github.io/nycif-field-desk/?v=civic-people-facing-v01&resetFilters=1&feeds=main&mode=all&assignment=1&date=2026-09-28&borough=Queens,map_ready
tvpp-9vvx:933519@2026-10-12,Rosary Vigil - Religious Event,parade_march,2026-10-12,19:00,,Queens,Flushing Meadows Corona Park,high,unchecked,permit_confirmed,125,933519,https://setoxxx.github.io/nycif-field-desk/?v=civic-people-facing-v01&resetFilters=1&feeds=main&mode=all&assignment=1&date=2026-10-12&borough=Queens,map_ready
tvpp-9vvx:936289@2026-10-24,Rosary Vigil - Religious Event,parade_march,2026-10-24,23:00,,Queens,Flushing Meadows Corona Park,high,unchecked,permit_confirmed,125,936289,https://setoxxx.github.io/nycif-field-desk/?v=civic-people-facing-v01&resetFilters=1&feeds=main&mode=all&assignment=1&date=2026-10-24&borough=Queens,map_ready
tvpp-9vvx:906199@2026-11-21,Prayer Vigil - Religious event - November 21  1p-7p,parade_march,2026-11-21,20:00,,Queens,Flushing Meadows Corona Park,high,unchecked,permit_confirmed,125,906199,https://setoxxx.github.io/nycif-field-desk/?v=civic-people-facing-v01&resetFilters=1&feeds=main&mode=all&assignment=1&date=2026-11-21&borough=Queens,map_ready
tvpp-9vvx:919590@2026-07-18,Summer Parks Tour 3,parade_march,2026-07-18,13:00,,Queens,Alley Pond Park,high,unchecked,permit_confirmed,120,919590,https://setoxxx.github.io/nycif-field-desk/?v=civic-people-facing-v01&resetFilters=1&feeds=main&mode=all&assignment=1&date=2026-07-18&borough=Queens,map_ready
tvpp-9vvx:914563@2026-08-01,CItyParks Family Adventure Race,parade_march,2026-08-01,12:00,,Queens,Flushing Meadows Corona Park,high,unchecked,permit_confirmed,120,914563,https://setoxxx.github.io/nycif-field-desk/?v=civic-people-facing-v01&resetFilters=1&feeds=main&mode=all&assignment=1&date=2026-08-01&borough=Queens,map_ready
tvpp-9vvx:890422@2026-08-30,Sri Chinmoy 3100 Milw Race,parade_march,2026-08-30,10:00,,Queens,Joseph Austin Playground,high,unchecked,permit_confirmed,120,890422,https://setoxxx.github.io/nycif-field-desk/?v=civic-people-facing-v01&resetFilters=1&feeds=main&mode=all&assignment=1&date=2026-08-30&borough=Queens,map_ready
tvpp-9vvx:896695@2026-09-01,Sri Chinmoy 3100 Mile Race,parade_march,2026-09-01,10:00,,Queens,Joseph Austin Playground,high,unchecked,permit_confirmed,120,896695,https://setoxxx.github.io/nycif-field-desk/?v=civic-people-facing-v01&resetFilters=1&feeds=main&mode=all&assignment=1&date=2026-09-01&borough=Queens,map_ready
tvpp-9vvx:886926@2026-09-26,RUN ROCKAWAY BEACH HALF MARATHON  5K TUNE UP,fan_zone_major_civic,2026-09-26,10:00,12:00,Queens,Rockaway Beach and Boardwalk: Beach 94th Street,high,unchecked,permit_confirmed,120,886926,https://setoxxx.github.io/nycif-field-desk/?v=civic-people-facing-v01&resetFilters=1&feeds=main&mode=all&assignment=1&date=2026-09-26&borough=Queens,map_ready
tvpp-9vvx:896699@2026-10-01,Sri Chinmoy 3100 Mile Race,parade_march,2026-10-01,10:00,,Queens,Joseph Austin Playground,high,unchecked,permit_confirmed,120,896699,https://setoxxx.github.io/nycif-field-desk/?v=civic-people-facing-v01&resetFilters=1&feeds=main&mode=all&assignment=1&date=2026-10-01&borough=Queens,map_ready
tvpp-9vvx:903232@2026-10-17,Abbys Promise Steps for Spreading Smiles,parade_march,2026-10-17,15:00,,Brooklyn,Shore Parkway,high,unchecked,permit_confirmed,120,903232,https://setoxxx.github.io/nycif-field-desk/?v=civic-people-facing-v01&resetFilters=1&feeds=main&mode=all&assignment=1&date=2026-10-17&borough=Brooklyn,map_ready
tvpp-9vvx:886925@2026-10-24,"RUN ROCKAWAY BEACH MARATHON, HALF MARTHON AND 5K",fan_zone_major_civic,2026-10-24,10:00,12:00,Queens,Rockaway Beach and Boardwalk: Beach 94th Street,high,unchecked,permit_confirmed,120,886925,https://setoxxx.github.io/nycif-field-desk/?v=civic-people-facing-v01&resetFilters=1&feeds=main&mode=all&assignment=1&date=2026-10-24&borough=Queens,map_ready
tvpp-9vvx:952871@2026-10-24,Steps for Stroke Awareness Walk,parade_march,2026-10-24,13:00,,Queens,Flushing Meadows Corona Park,high,unchecked,permit_confirmed,120,952871,https://setoxxx.github.io/nycif-field-desk/?v=civic-people-facing-v01&resetFilters=1&feeds=main&mode=all&assignment=1&date=2026-10-24&borough=Queens,map_ready
tvpp-9vvx:903586@2026-10-25,Halloween 5k,fan_zone_major_civic,2026-10-25,12:00,10:00,Queens,Forest Park: Forest Park Drive (Race),high,unchecked,permit_confirmed,120,903586,https://setoxxx.github.io/nycif-field-desk/?v=civic-people-facing-v01&resetFilters=1&feeds=main&mode=all&assignment=1&date=2026-10-25&borough=Queens,map_ready
tvpp-9vvx:886922@2026-11-14,RUN ROCKAWAY BEACH THANKSGIVING HALF MARATHON AND 5K,fan_zone_major_civic,2026-11-14,12:00,12:00,Queens,Rockaway Beach Boardwalk: Beach 108th Street,high,unchecked,permit_confirmed,120,886922,https://setoxxx.github.io/nycif-field-desk/?v=civic-people-facing-v01&resetFilters=1&feeds=main&mode=all&assignment=1&date=2026-11-14&borough=Queens,map_ready
tvpp-9vvx:903587@2026-11-26,Gratitude 5k,fan_zone_major_civic,2026-11-26,13:00,10:00,Queens,Forest Park: Forest Park Drive (Race),high,unchecked,permit_confirmed,120,903587,https://setoxxx.github.io/nycif-field-desk/?v=civic-people-facing-v01&resetFilters=1&feeds=main&mode=all&assignment=1&date=2026-11-26&borough=Queens,map_ready
tvpp-9vvx:903588@2026-12-27,Jingle Jangle 5k,fan_zone_major_civic,2026-12-27,13:00,10:00,Queens,Forest Park: Forest Park Drive (Race),high,unchecked,permit_confirmed,120,903588,https://setoxxx.github.io/nycif-field-desk/?v=civic-people-facing-v01&resetFilters=1&feeds=main&mode=all&assignment=1&date=2026-12-27&borough=Queens,map_ready
tvpp-9vvx:913529@2026-09-12,EsplanadeFriends Bird Walk with NYC Bird Alliance,parade_march,2026-09-12,14:00,,Manhattan,East River Waterfront Esplanade,high,unchecked,permit_confirmed,70,913529,https://setoxxx.github.io/nycif-field-desk/?v=civic-people-facing-v01&resetFilters=1&feeds=main&mode=all&assignment=1&date=2026-09-12&borough=Manhattan,map_ready
tvpp-9vvx:906501@2026-09-28,EsplanadeFriends Fishing Clinic - 2,parade_march,2026-09-28,20:30,,Manhattan,East River Waterfront Esplanade,high,unchecked,permit_confirmed,70,906501,https://setoxxx.github.io/nycif-field-desk/?v=civic-people-facing-v01&resetFilters=1&feeds=main&mode=all&assignment=1&date=2026-09-28&borough=Manhattan,map_ready
tvpp-9vvx:913528@2026-10-17,EsplanadeFriends Bird Walk with NYC Bird Alliance,parade_march,2026-10-17,14:00,,Manhattan,East River Waterfront Esplanade,high,unchecked,permit_confirmed,70,913528,https://setoxxx.github.io/nycif-field-desk/?v=civic-people-facing-v01&resetFilters=1&feeds=main&mode=all&assignment=1&date=2026-10-17&borough=Manhattan,map_ready
tvpp-9vvx:930112@2026-10-17,Wedding ceremony,parade_march,2026-10-17,21:00,,Manhattan,Central Park,high,unchecked,permit_confirmed,70,930112,https://setoxxx.github.io/nycif-field-desk/?v=civic-people-facing-v01&resetFilters=1&feeds=main&mode=all&assignment=1&date=2026-10-17&borough=Manhattan,map_ready
tvpp-9vvx:908551@2026-10-24,Wedding ceremony,parade_march,2026-10-24,14:00,,Manhattan,Central Park,high,unchecked,permit_confirmed,70,908551,https://setoxxx.github.io/nycif-field-desk/?v=civic-people-facing-v01&resetFilters=1&feeds=main&mode=all&assignment=1&date=2026-10-24&borough=Manhattan,map_ready
tvpp-9vvx:909935@2026-10-24,Wedding ceremony,parade_march,2026-10-24,17:30,,Manhattan,Central Park,high,unchecked,permit_confirmed,70,909935,https://setoxxx.github.io/nycif-field-desk/?v=civic-people-facing-v01&resetFilters=1&feeds=main&mode=all&assignment=1&date=2026-10-24&borough=Manhattan,map_ready
tvpp-9vvx:931481@2026-11-14,Wedding ceremony,parade_march,2026-11-14,16:00,,Manhattan,Central Park,high,unchecked,permit_confirmed,70,931481,https://setoxxx.github.io/nycif-field-desk/?v=civic-people-facing-v01&resetFilters=1&feeds=main&mode=all&assignment=1&date=2026-11-14&borough=Manhattan,map_ready
anchor:williamsburg-giglio-lift@2026-07-19,Williamsburg Giglio Lift,religious_procession_feast,2026-07-19,14:00,,Brooklyn,North 8th Street / Havemeyer Street area,high,unchecked,strongly_supported,0,,https://setoxxx.github.io/nycif-field-desk/?v=civic-people-facing-v01&resetFilters=1&feeds=main&mode=all&assignment=1&date=2026-07-19&borough=Brooklyn,list_only
tvpp-9vvx:941890@2026-07-24,CURLFEST,fan_zone_major_civic,2026-07-24,08:00,20:00,Manhattan,Central Park: Great Lawn-Softball-02,high,unchecked,permit_confirmed,0,941890,https://setoxxx.github.io/nycif-field-desk/?v=civic-people-facing-v01&resetFilters=1&feeds=main&mode=all&assignment=1&date=2026-07-24&borough=Manhattan,map_ready
anchor:thunderbird-powwow@2026-07-24,Thunderbird American Indian Powwow,religious_procession_feast,2026-07-24,,,Queens,Queens County Farm Museum,high,unchecked,strongly_supported,0,,https://setoxxx.github.io/nycif-field-desk/?v=civic-people-facing-v01&resetFilters=1&feeds=main&mode=all&assignment=1&date=2026-07-24&borough=Queens,list_only
tvpp-9vvx:899282@2026-09-06,Annual ceremony dedicated to 911 tragedy,parade_march,2026-09-06,16:00,,Brooklyn,Asser Levy Park,high,unchecked,permit_confirmed,0,899282,https://setoxxx.github.io/nycif-field-desk/?v=civic-people-facing-v01&resetFilters=1&feeds=main&mode=all&assignment=1&date=2026-09-06&borough=Brooklyn,map_ready
anchor:ferragosto@2026-09-13,Ferragosto,religious_procession_feast,2026-09-13,12:00,18:00,Bronx,Arthur Avenue,high,unchecked,strongly_supported,0,,https://setoxxx.github.io/nycif-field-desk/?v=civic-people-facing-v01&resetFilters=1&feeds=main&mode=all&assignment=1&date=2026-09-13&borough=Bronx,list_only
anchor:german-american-steuben-parade@2026-09-19,German-American Steuben Parade,parade_march,2026-09-19,,,Manhattan,Fifth Avenue,high,unchecked,strongly_supported,0,,https://setoxxx.github.io/nycif-field-desk/?v=civic-people-facing-v01&resetFilters=1&feeds=main&mode=all&assignment=1&date=2026-09-19&borough=Manhattan,list_only
anchor:san-gennaro-processions@2026-09-19,San Gennaro processions and centennial programming,religious_procession_feast,2026-09-19,,,Manhattan,Mulberry Street area,high,unchecked,strongly_supported,0,,https://setoxxx.github.io/nycif-field-desk/?v=civic-people-facing-v01&resetFilters=1&feeds=main&mode=all&assignment=1&date=2026-09-19&borough=Manhattan,list_only
anchor:african-american-day-parade@2026-09-20,African American Day Parade,heritage_cultural_parade,2026-09-20,,,Manhattan,Adam Clayton Powell Jr. Boulevard,high,unchecked,strongly_supported,0,,https://setoxxx.github.io/nycif-field-desk/?v=civic-people-facing-v01&resetFilters=1&feeds=main&mode=all&assignment=1&date=2026-09-20&borough=Manhattan,list_only
tvpp-9vvx:888970@2026-09-26,Wedding Ceremony,parade_march,2026-09-26,19:00,,Brooklyn,Prospect Park,high,unchecked,permit_confirmed,0,888970,https://setoxxx.github.io/nycif-field-desk/?v=civic-people-facing-v01&resetFilters=1&feeds=main&mode=all&assignment=1&date=2026-09-26&borough=Brooklyn,map_ready
anchor:san-gennaro-grand-procession@2026-09-26,San Gennaro Grand Procession,religious_procession_feast,2026-09-26,14:00,,Manhattan,Mulberry Street area,high,unchecked,provisional,0,,https://setoxxx.github.io/nycif-field-desk/?v=civic-people-facing-v01&resetFilters=1&feeds=main&mode=all&assignment=1&date=2026-09-26&borough=Manhattan,list_only
tvpp-9vvx:888975@2026-10-03,Wedding Ceremony,parade_march,2026-10-03,19:00,,Brooklyn,Prospect Park,high,unchecked,permit_confirmed,0,888975,https://setoxxx.github.io/nycif-field-desk/?v=civic-people-facing-v01&resetFilters=1&feeds=main&mode=all&assignment=1&date=2026-10-03&borough=Brooklyn,map_ready
anchor:pulaski-day-parade@2026-10-04,Pulaski Day Parade,heritage_cultural_parade,2026-10-04,,,Manhattan,Fifth Avenue,high,unchecked,strongly_supported,0,,https://setoxxx.github.io/nycif-field-desk/?v=civic-people-facing-v01&resetFilters=1&feeds=main&mode=all&assignment=1&date=2026-10-04&borough=Manhattan,list_only
anchor:nyc-veterans-day-parade@2026-11-11,New York City Veterans Day Parade,parade_march,2026-11-11,,,Manhattan,Fifth Avenue,high,unchecked,strongly_supported,0,,https://setoxxx.github.io/nycif-field-desk/?v=civic-people-facing-v01&resetFilters=1&feeds=main&mode=all&assignment=1&date=2026-11-11&borough=Manhattan,list_only
anchor:borough-nye-events@2026-12-31,Borough-based New Year's Eve events,fan_zone_major_civic,2026-12-31,,,Multi-borough,Prospect Park and other annual sites,high,unchecked,provisional,0,,https://setoxxx.github.io/nycif-field-desk/?v=civic-people-facing-v01&resetFilters=1&feeds=main&mode=all&assignment=1&date=2026-12-31,list_only
tvpp-9vvx:957998@2026-07-19,Empowering Men,parade_march,2026-07-19,11:00,13:30,Bronx,"EAST GUN HILL ROAD between EASTCHESTER ROAD  and ONEILL PLACE, 986 EAST GUN HILL ROAD, EAST GUN HILL ROAD between EASTCHESTER ROAD  and ONEILL PLACE",normal,unchecked,permit_confirmed,0,957998,https://setoxxx.github.io/nycif-field-desk/?v=civic-people-facing-v01&resetFilters=1&feeds=main&mode=all&assignment=1&date=2026-07-19&borough=Bronx,map_ready
tvpp-9vvx:957216@2026-07-19,INTERFAITH PEACE WALK FOR FOR THE CHILDREN AND FAMILIES,parade_march,2026-07-19,18:00,19:00,Brooklyn,"Prospect Park: Grand Army Plaza Entrance ,Prospect Park: Prospect P W Sdwk-Grand Army Plza to 3rd St ,Prospect Park: Prospect P W Sdwk-3rd St to 9th St ,Prospect Park: Prospect P W Sdwk-9th St to Bartel-Pritchard",normal,unchecked,permit_confirmed,0,957216,https://setoxxx.github.io/nycif-field-desk/?v=civic-people-facing-v01&resetFilters=1&feeds=main&mode=all&assignment=1&date=2026-07-19&borough=Brooklyn,map_ready
tvpp-9vvx:952465@2026-07-19,Our Lady of the Snows Church Procession in Honor of Saint Alphonsa,religious_procession_feast,2026-07-19,17:00,18:00,Queens,"259 STREET between UNION TURNPIKE and 80 AVENUE,  259 STREET between 80 AVENUE and 81 AVENUE,  81 AVENUE between 259 STREET and 258 STREET,  258 STREET between 81 AVENUE and 80 AVENUE,  258 STREET between 80 AVENUE and UNION TURNPIKE,  259 STREET between UNION TURNPIKE and 80 AVENUE",normal,unchecked,permit_confirmed,0,952465,https://setoxxx.github.io/nycif-field-desk/?v=civic-people-facing-v01&resetFilters=1&feeds=main&mode=all&assignment=1&date=2026-07-19&borough=Queens,map_ready
tvpp-9vvx:927401@2026-07-19,Rath Yatra,religious_procession_feast,2026-07-19,17:00,19:00,Queens,44 AVENUE between JUNCTION BOULEVARD and 94 STREET,normal,unchecked,permit_confirmed,0,927401,https://setoxxx.github.io/nycif-field-desk/?v=civic-people-facing-v01&resetFilters=1&feeds=main&mode=all&assignment=1&date=2026-07-19&borough=Queens,map_ready
tvpp-9vvx:918641@2026-07-25,BARAAT PROCESSION,parade_march,2026-07-25,14:30,17:30,Manhattan,"WATER STREET between OLD SLIP and WALL STREET, 55 T WALL STREET, WALL STREET between WATER STREET and WILLIAM STREET,  WALL STREET between WATER STREET and WILLIAM STREET,  WILLIAM STREET between WALL STREET and PINE STREET",normal,unchecked,permit_confirmed,0,918641,https://setoxxx.github.io/nycif-field-desk/?v=civic-people-facing-v01&resetFilters=1&feeds=main&mode=all&assignment=1&date=2026-07-25&borough=Manhattan,map_ready
tvpp-9vvx:951758@2026-07-25,Ratha Yatra,parade_march,2026-07-25,12:00,15:00,Queens,"79-15 254 STREET, 80TH AVE between LANGDALE ST and HILLSIDE AVE, 79-15 254 STREET",normal,unchecked,permit_confirmed,0,951758,https://setoxxx.github.io/nycif-field-desk/?v=civic-people-facing-v01&resetFilters=1&feeds=main&mode=all&assignment=1&date=2026-07-25&borough=Queens,map_ready
tvpp-9vvx:918107@2026-07-25,Unity Walk,parade_march,2026-07-25,12:00,18:00,Queens,"13008  SPRINGFIELD BOULEVARD, SPRINGFIELD BOULEVARD between FRANCIS LEWIS BOULEVARD and HOLLIS AVENUE, 13008 SPRINGFIELD BOULEVARD",normal,unchecked,permit_confirmed,0,918107,https://setoxxx.github.io/nycif-field-desk/?v=civic-people-facing-v01&resetFilters=1&feeds=main&mode=all&assignment=1&date=2026-07-25&borough=Queens,map_ready
tvpp-9vvx:948838@2026-07-25,St. Patrick's Cathedral Motorcycle Blessing,parade_march,2026-07-25,11:40,13:00,Staten Island,"OUTERBRIDGE CROSSING between SOUTH BRIDGE STREET and WEST SHORE EXPRESSWAY, Verrazano-Narrows Bridge : Verrazano-Narrows Bridge  , WEST SHORE EXPRESSWAY between OUTERBRIDGE CROSSING and STATEN IS EXPRESSWAY EB ET    8,  STATEN ISLAND EXPWY between WEST SHORE EXPWY and VERRAZZANO NARROWS BRIDGE,  GOWANUS EXPRESSWAY between VERRAZANO BRIDGE and BQE, Brooklyn Bridge: Brooklyn Bridge Westbound Rd 1  between Park Row (S) and BQE EB, Exit 28B,  BQE between GOWANUS EXPWY and BROOKLYN BRIDGE,  FDR between BROOKLYN BRIDGE and EAST   42 STREET,  EAST   42 STREET between 1 AVENUE and 5 AVENUE,  WEST   42 STREET between 5 AVENUE and 6 AVENUE,  6 AVENUE between WEST   42 STREET and WEST   50 STREET,  WEST   50 STREET between 6 AVENUE and 5 AVENUE,  EAST   50 STREET between 5 AVENUE and MADISON AVENUE,  EAST   50 STREET between 5 AVENUE and MADISON AVENUE,  6 AVENUE between WEST   50 STREET and WEST   45 STREET,  WEST   50 STREET between 5 AVENUE and 6 AVENUE,  MADISON AVENUE between EAST   50 STREET and EAST   51 STREET,  EAST   51 STREET between MADISON AVENUE and 5 AVENUE,  EAST   51 STREET between MADISON AVENUE and 5 AVENUE",normal,unchecked,permit_confirmed,0,948838,https://setoxxx.github.io/nycif-field-desk/?v=civic-people-facing-v01&resetFilters=1&feeds=main&mode=all&assignment=1&date=2026-07-25&borough=Staten%20Island,map_ready
tvpp-9vvx:947044@2026-07-28,Cheikh Ahmadou Bamba Day,parade_march,2026-07-28,09:00,13:30,Manhattan,"A Philip Randolph Square: A Philip Randolph Square Sitting Area , ADAM CLAYTON POWELL JR BOULEVARD between WEST 116 STREET and WEST 125 STREET,  ADAM CLAYTON POWELL BOULEVARD between WEST  125 STREET and WEST  126 STREET",normal,unchecked,permit_confirmed,0,947044,https://setoxxx.github.io/nycif-field-desk/?v=civic-people-facing-v01&resetFilters=1&feeds=main&mode=all&assignment=1&date=2026-07-28&borough=Manhattan,map_ready
tvpp-9vvx:892501@2026-07-29,"PPTC Al Goldstein Speed Series 5K: May 20, June 3, June 17, July 1, July 15, July 29, Aug 12, Aug 26",fan_zone_major_civic,2026-07-29,17:00,21:00,Brooklyn,"Prospect Park: CONCERT GROVE PAVILION   ,Prospect Park: Park Drive - WHOLE DRIVE   ,Prospect Park: Harry's Wall",normal,unchecked,permit_confirmed,0,892501,https://setoxxx.github.io/nycif-field-desk/?v=civic-people-facing-v01&resetFilters=1&feeds=main&mode=all&assignment=1&date=2026-07-29&borough=Brooklyn,map_ready
tvpp-9vvx:957121@2026-08-01,Local back-to-school and community parades,parade_march,2026-08-01,08:00,23:00,Multi-borough,Brigadier General Charles Young Playground: Football/Soccer-01,normal,unchecked,permit_confirmed,0,957121,https://setoxxx.github.io/nycif-field-desk/?v=civic-people-facing-v01&resetFilters=1&feeds=main&mode=all&assignment=1&date=2026-08-01,map_ready
tvpp-9vvx:944169@2026-08-02,Chelum Procession,parade_march,2026-08-02,11:00,20:00,Queens,"FRANKLIN AVENUE between MAIN STREET and SAULL STREET,  MAIN STREET between FRANKLIN AVENUE and ELDER AVENUE,  ELDER AVENUE between MAIN STREET and COLDEN STREET,  COLDEN STREET between ELDER AVENUE and JUNIPER AVENUE",normal,unchecked,permit_confirmed,0,944169,https://setoxxx.github.io/nycif-field-desk/?v=civic-people-facing-v01&resetFilters=1&feeds=main&mode=all&assignment=1&date=2026-08-02&borough=Queens,map_ready
tvpp-9vvx:954319@2026-08-07,BLUE KNIGHTS LEMC SUICIDE RUN 2026,parade_march,2026-08-07,16:30,19:00,Bronx,"BRONX RIVER PARKWAY between YONKERS- SPRAIN BROOK PARKWAY and FORDHAM ROAD EXIT,  ARTHUR AVENUE between EAST FORDHAM ROAD and EAST  187 STREET,  E FORDHAM ROAD between BRONX RIVER PARKWAY and ARTHUR AVE,  EAST  187 STREET between HUGHES AVENUE and ARTHUR AVENUE",normal,unchecked,permit_confirmed,0,954319,https://setoxxx.github.io/nycif-field-desk/?v=civic-people-facing-v01&resetFilters=1&feeds=main&mode=all&assignment=1&date=2026-08-07&borough=Bronx,map_ready
tvpp-9vvx:911960@2026-08-16,"Crown Heights 5K Run the Streets, Run the Parks Registation",fan_zone_major_civic,2026-08-16,07:00,09:00,Brooklyn,Lincoln Terrace / (Arthur S. Somers Park): Central Pedestrian Walkway,normal,unchecked,permit_confirmed,0,911960,https://setoxxx.github.io/nycif-field-desk/?v=civic-people-facing-v01&resetFilters=1&feeds=main&mode=all&assignment=1&date=2026-08-16&borough=Brooklyn,map_ready
tvpp-9vvx:944098@2026-08-16,Religious Procession,religious_procession_feast,2026-08-16,14:00,17:00,Queens,Rufus King Park: Event Area,normal,unchecked,permit_confirmed,0,944098,https://setoxxx.github.io/nycif-field-desk/?v=civic-people-facing-v01&resetFilters=1&feeds=main&mode=all&assignment=1&date=2026-08-16&borough=Queens,map_ready
anchor:santa-rosalia-procession@2026-08-23,Santa Rosalia Religious Procession,religious_procession_feast,2026-08-23,14:00,,Brooklyn,18th Avenue,normal,unchecked,provisional,0,,https://setoxxx.github.io/nycif-field-desk/?v=civic-people-facing-v01&resetFilters=1&feeds=main&mode=all&assignment=1&date=2026-08-23&borough=Brooklyn,list_only
tvpp-9vvx:915963@2026-09-06,Last Bash at the Beach 5K and 10K,fan_zone_major_civic,2026-09-06,09:00,11:00,Queens,Rockaway Beach and Boardwalk: Beach 73rd Street,normal,unchecked,permit_confirmed,0,915963,https://setoxxx.github.io/nycif-field-desk/?v=civic-people-facing-v01&resetFilters=1&feeds=main&mode=all&assignment=1&date=2026-09-06&borough=Queens,map_ready
tvpp-9vvx:919008@2026-09-12,Dans 5K fun run,fan_zone_major_civic,2026-09-12,11:00,13:00,Brooklyn,"Marine Park: Lawn Area at Devon Avenue and Gerritsen Avenue   ,Marine Park: Lawn Area at Florence Avenue and Gerritsen Avenue ,Marine Park: Monument Area (Burnett St/Whitney Ave) ,Marine Park: Lawn Area (37-38 St) ,Marine Park: Dr. John Plgd (Grass/Open Area)",normal,unchecked,permit_confirmed,0,919008,https://setoxxx.github.io/nycif-field-desk/?v=civic-people-facing-v01&resetFilters=1&feeds=main&mode=all&assignment=1&date=2026-09-12&borough=Brooklyn,map_ready
anchor:chinatown-mid-autumn-procession@2026-09-15,Chinatown Mid-Autumn public procession/festival,pop_up_street_activation,2026-09-15,,,Manhattan,,normal,unchecked,provisional,0,,https://setoxxx.github.io/nycif-field-desk/?v=civic-people-facing-v01&resetFilters=1&feeds=main&mode=all&assignment=1&date=2026-09-15&borough=Manhattan,list_only
anchor:september-neighborhood-parades@2026-09-15,"Local school, church and neighborhood parades",parade_march,2026-09-15,,,Multi-borough,,normal,unchecked,historical_pattern_only,0,,https://setoxxx.github.io/nycif-field-desk/?v=civic-people-facing-v01&resetFilters=1&feeds=main&mode=all&assignment=1&date=2026-09-15,list_only
tvpp-9vvx:919358@2026-09-19,Queens Cancer Walk,fan_zone_major_civic,2026-09-19,12:00,18:00,Queens,"Phil ""Scooter"" Rizzuto Park / Smokey Oval: Phil ""Scooter"" Rizzuto Park",normal,unchecked,permit_confirmed,0,919358,https://setoxxx.github.io/nycif-field-desk/?v=civic-people-facing-v01&resetFilters=1&feeds=main&mode=all&assignment=1&date=2026-09-19&borough=Queens,map_ready
tvpp-9vvx:890216@2026-09-20,MIKA 5K Run Walk,fan_zone_major_civic,2026-09-20,09:00,13:00,Brooklyn,"Marine Park: Oval Walking/Running Path (Outer)   ,Marine Park: Carro center",normal,unchecked,permit_confirmed,0,890216,https://setoxxx.github.io/nycif-field-desk/?v=civic-people-facing-v01&resetFilters=1&feeds=main&mode=all&assignment=1&date=2026-09-20&borough=Brooklyn,map_ready
anchor:mexican-day-parade@2026-09-20,Mexican Day Parade candidate,heritage_cultural_parade,2026-09-20,,,Manhattan,,normal,unchecked,provisional,0,,https://setoxxx.github.io/nycif-field-desk/?v=civic-people-facing-v01&resetFilters=1&feeds=main&mode=all&assignment=1&date=2026-09-20&borough=Manhattan,list_only
tvpp-9vvx:924009@2026-09-26,Striders of the Caribbean Breast Cancer Walk,fan_zone_major_civic,2026-09-26,12:00,14:30,Queens,Brookville Park: BBQ Area Pink 1,normal,unchecked,permit_confirmed,0,924009,https://setoxxx.github.io/nycif-field-desk/?v=civic-people-facing-v01&resetFilters=1&feeds=main&mode=all&assignment=1&date=2026-09-26&borough=Queens,map_ready
tvpp-9vvx:955482@2026-09-26,The Church of St. Andrew 5th Annual 5k,fan_zone_major_civic,2026-09-26,09:00,12:00,Staten Island,LaTourette Park & Golf Course: Model Airplane Field,normal,unchecked,permit_confirmed,0,955482,https://setoxxx.github.io/nycif-field-desk/?v=civic-people-facing-v01&resetFilters=1&feeds=main&mode=all&assignment=1&date=2026-09-26&borough=Staten%20Island,map_ready
tvpp-9vvx:913864@2026-09-27,Tunnel to Towers 5K Run  Walk NYC,fan_zone_major_civic,2026-09-27,12:30,13:30,Manhattan,Duane Park: Duane Park,normal,unchecked,permit_confirmed,0,913864,https://setoxxx.github.io/nycif-field-desk/?v=civic-people-facing-v01&resetFilters=1&feeds=main&mode=all&assignment=1&date=2026-09-27&borough=Manhattan,map_ready
anchor:nigerian-independence-parade@2026-10-01,Nigerian Independence Parade/Festival,heritage_cultural_parade,2026-10-01,,,Manhattan,,normal,unchecked,provisional,0,,https://setoxxx.github.io/nycif-field-desk/?v=civic-people-facing-v01&resetFilters=1&feeds=main&mode=all&assignment=1&date=2026-10-01&borough=Manhattan,list_only
tvpp-9vvx:911165@2026-10-04,EKC 5K Family Event,fan_zone_major_civic,2026-10-04,09:00,12:00,Brooklyn,American Veterans Memorial Pier: American Veterans Memorial Pier,normal,unchecked,permit_confirmed,0,911165,https://setoxxx.github.io/nycif-field-desk/?v=civic-people-facing-v01&resetFilters=1&feeds=main&mode=all&assignment=1&date=2026-10-04&borough=Brooklyn,map_ready
tvpp-9vvx:915014@2026-10-04,EKC 5K Family Event,fan_zone_major_civic,2026-10-04,09:00,12:00,Brooklyn,Shore Parkway: Shore Parkway Bike Path Bay Ridge,normal,unchecked,permit_confirmed,0,915014,https://setoxxx.github.io/nycif-field-desk/?v=civic-people-facing-v01&resetFilters=1&feeds=main&mode=all&assignment=1&date=2026-10-04&borough=Brooklyn,map_ready
anchor:st-francis-blessing-animals@2026-10-04,Feast of St. Francis and Blessing of the Animals,religious_procession_feast,2026-10-04,,,Manhattan,Cathedral of St. John the Divine,normal,unchecked,strongly_supported,0,,https://setoxxx.github.io/nycif-field-desk/?v=civic-people-facing-v01&resetFilters=1&feeds=main&mode=all&assignment=1&date=2026-10-04&borough=Manhattan,list_only
tvpp-9vvx:919633@2026-10-04,CATCH A CURE FAMILY 5K WALKRUN,fan_zone_major_civic,2026-10-04,08:00,12:00,Queens,Rockaway Beach and Boardwalk: Beach 116th Street Island,normal,unchecked,permit_confirmed,0,919633,https://setoxxx.github.io/nycif-field-desk/?v=civic-people-facing-v01&resetFilters=1&feeds=main&mode=all&assignment=1&date=2026-10-04&borough=Queens,map_ready
anchor:panamanian-day-parade@2026-10-10,Panamanian Day Parade,heritage_cultural_parade,2026-10-10,,,Brooklyn,Crown Heights / Flatbush area,normal,unchecked,provisional,0,,https://setoxxx.github.io/nycif-field-desk/?v=civic-people-facing-v01&resetFilters=1&feeds=main&mode=all&assignment=1&date=2026-10-10&borough=Brooklyn,list_only
anchor:hispanic-day-parade@2026-10-11,Hispanic Day Parade candidate,heritage_cultural_parade,2026-10-11,,,Manhattan,Fifth Avenue,normal,unchecked,provisional,0,,https://setoxxx.github.io/nycif-field-desk/?v=civic-people-facing-v01&resetFilters=1&feeds=main&mode=all&assignment=1&date=2026-10-11&borough=Manhattan,list_only
anchor:korean-parade-festival@2026-10-15,Korean Parade and Festival,heritage_cultural_parade,2026-10-15,,,Manhattan,,normal,unchecked,provisional,0,,https://setoxxx.github.io/nycif-field-desk/?v=civic-people-facing-v01&resetFilters=1&feeds=main&mode=all&assignment=1&date=2026-10-15&borough=Manhattan,list_only
tvpp-9vvx:893987@2026-10-17,Global Kids Annual 5K Run,fan_zone_major_civic,2026-10-17,09:30,12:00,Queens,Flushing Meadows Corona Park: Around the Unisphere,normal,unchecked,permit_confirmed,0,893987,https://setoxxx.github.io/nycif-field-desk/?v=civic-people-facing-v01&resetFilters=1&feeds=main&mode=all&assignment=1&date=2026-10-17&borough=Queens,map_ready
tvpp-9vvx:916046@2026-10-17,NYC Nature 5k,fan_zone_major_civic,2026-10-17,08:00,12:00,Queens,Forest Park: Forest Park,normal,unchecked,permit_confirmed,0,916046,https://setoxxx.github.io/nycif-field-desk/?v=civic-people-facing-v01&resetFilters=1&feeds=main&mode=all&assignment=1&date=2026-10-17&borough=Queens,map_ready
tvpp-9vvx:917548@2026-10-25,9th Annual MAY 5K,fan_zone_major_civic,2026-10-25,12:00,14:00,Queens,Beach 17 Playground (O'Donohue Park): Beach 17th Street Performance Space,normal,unchecked,permit_confirmed,0,917548,https://setoxxx.github.io/nycif-field-desk/?v=civic-people-facing-v01&resetFilters=1&feeds=main&mode=all&assignment=1&date=2026-10-25&borough=Queens,map_ready
anchor:park-slope-halloween-parade@2026-10-31,Park Slope Halloween Parade,parade_march,2026-10-31,,,Brooklyn,,normal,unchecked,provisional,0,,https://setoxxx.github.io/nycif-field-desk/?v=civic-people-facing-v01&resetFilters=1&feeds=main&mode=all&assignment=1&date=2026-10-31&borough=Brooklyn,list_only
anchor:october-halloween-parades-citywide@2026-10-31,"Additional precinct, BID and neighborhood Halloween parades",parade_march,2026-10-31,,,Multi-borough,,normal,unchecked,historical_pattern_only,0,,https://setoxxx.github.io/nycif-field-desk/?v=civic-people-facing-v01&resetFilters=1&feeds=main&mode=all&assignment=1&date=2026-10-31,list_only
anchor:jackson-heights-halloween-parade@2026-10-31,Jackson Heights Halloween Parade,parade_march,2026-10-31,,,Queens,,normal,unchecked,provisional,0,,https://setoxxx.github.io/nycif-field-desk/?v=civic-people-facing-v01&resetFilters=1&feeds=main&mode=all&assignment=1&date=2026-10-31&borough=Queens,list_only
anchor:election-day-gatherings@2026-11-03,Election Day public events and political gatherings,parade_march,2026-11-03,,,Multi-borough,,normal,unchecked,strongly_supported,0,,https://setoxxx.github.io/nycif-field-desk/?v=civic-people-facing-v01&resetFilters=1&feeds=main&mode=all&assignment=1&date=2026-11-03,list_only
tvpp-9vvx:915688@2026-11-26,Hot to Turkey Trot,fan_zone_major_civic,2026-11-26,10:00,11:00,Queens,Alley Pond Park: Parking Lot 01 - Springfield,normal,unchecked,permit_confirmed,0,915688,https://setoxxx.github.io/nycif-field-desk/?v=civic-people-facing-v01&resetFilters=1&feeds=main&mode=all&assignment=1&date=2026-11-26&borough=Queens,map_ready
tvpp-9vvx:886920@2026-11-26,RUN ROCKAWAY BEACH TURKEY TROT 5K,fan_zone_major_civic,2026-11-26,09:00,10:00,Queens,Rockaway Beach Boardwalk: Beach 108th Street,normal,unchecked,permit_confirmed,0,886920,https://setoxxx.github.io/nycif-field-desk/?v=civic-people-facing-v01&resetFilters=1&feeds=main&mode=all&assignment=1&date=2026-11-26&borough=Queens,map_ready
tvpp-9vvx:888333@2026-11-26,Sri Chinmoy Thanksgiving Day 5k  10K,fan_zone_major_civic,2026-11-26,08:00,11:00,Queens,Flushing Meadows Corona Park: Ederle Terrace,normal,unchecked,permit_confirmed,0,888333,https://setoxxx.github.io/nycif-field-desk/?v=civic-people-facing-v01&resetFilters=1&feeds=main&mode=all&assignment=1&date=2026-11-26&borough=Queens,map_ready
anchor:late-november-holiday-parades@2026-11-28,Holiday tree-lighting processions and neighborhood parades,parade_march,2026-11-28,,,Multi-borough,,normal,unchecked,historical_pattern_only,0,,https://setoxxx.github.io/nycif-field-desk/?v=civic-people-facing-v01&resetFilters=1&feeds=main&mode=all&assignment=1&date=2026-11-28,list_only
anchor:early-december-holiday-parades@2026-12-05,Holiday parades and tree-lighting marches,parade_march,2026-12-05,,,Multi-borough,,normal,unchecked,historical_pattern_only,0,,https://setoxxx.github.io/nycif-field-desk/?v=civic-people-facing-v01&resetFilters=1&feeds=main&mode=all&assignment=1&date=2026-12-05,list_only
tvpp-9vvx:956999@2026-12-08,Hanukkah menorah processions/public celebrations,religious_procession_feast,2026-12-08,09:00,11:00,Multi-borough,Central Park: Ladies' Pavilion,normal,unchecked,permit_confirmed,0,956999,https://setoxxx.github.io/nycif-field-desk/?v=civic-people-facing-v01&resetFilters=1&feeds=main&mode=all&assignment=1&date=2026-12-08,map_ready
anchor:december-santa-parades@2026-12-10,"Santa, toy-drive and community holiday parades",parade_march,2026-12-10,,,Multi-borough,,normal,unchecked,historical_pattern_only,0,,https://setoxxx.github.io/nycif-field-desk/?v=civic-people-facing-v01&resetFilters=1&feeds=main&mode=all&assignment=1&date=2026-12-10,list_only
tvpp-9vvx:886919@2026-12-19,ROCKAWAY RUN BEACH SANTA SUIT 5K RUN WALK,fan_zone_major_civic,2026-12-19,09:00,10:00,Queens,Rockaway Beach Boardwalk: Beach 108th Street,normal,unchecked,permit_confirmed,0,886919,https://setoxxx.github.io/nycif-field-desk/?v=civic-people-facing-v01&resetFilters=1&feeds=main&mode=all&assignment=1&date=2026-12-19&borough=Queens,map_ready
anchor:christmas-religious-processions@2026-12-20,Christmas religious processions and pageants,religious_procession_feast,2026-12-20,,,Multi-borough,,normal,unchecked,historical_pattern_only,0,,https://setoxxx.github.io/nycif-field-desk/?v=civic-people-facing-v01&resetFilters=1&feeds=main&mode=all&assignment=1&date=2026-12-20,list_only
