review_rank,overlap_key,title,start_date_time,location,borough,lat,lng,has_coordinates,calendar_title_date_match,google_maps_search_url,google_maps_pin_url,manual_review_status,promotion_allowed,manual_review_notes,approval_decision_reason,source_event_id,link
1,07 24 wingate in person care captain training|2026-07-24,07/24 Wingate In-Person Care Captain Training,2026-07-24T10:00 am,Playground (in Hamilton Metz Field),,40.662422915957,-73.940331399441,True,True,https://www.google.com/maps/search/?api=1&query=Playground+%28in+Hamilton+Metz+Field%29%2C+New+York%2C+NY,https://www.google.com/maps/search/?api=1&query=40.662422915957%2C-73.940331399441,pending,False,,,2195880,http://www.nycgovparks.org/events/2026/07/24/0724-wingate-inperson-care-captain-training
2,40 in focus summerstage through the lens of photographer jack vartoogian|2026-07-16,40 in Focus: SummerStage through the Lens of Photographer Jack Vartoogian,2026-07-16T9:00 am,Arsenal (in Central Park),,40.767200469971,-73.971298217773,True,True,https://www.google.com/maps/search/?api=1&query=Arsenal+%28in+Central+Park%29%2C+New+York%2C+NY,https://www.google.com/maps/search/?api=1&query=40.767200469971%2C-73.971298217773,pending,False,,,2109926,http://www.nycgovparks.org/events/2026/07/16/40-in-focus-summerstage-through-the-lens-of-photographer-jack-vartoogian
3,40 in focus summerstage through the lens of photographer jack vartoogian|2026-07-17,40 in Focus: SummerStage through the Lens of Photographer Jack Vartoogian,2026-07-17T9:00 am,Arsenal (in Central Park),,40.767200469971,-73.971298217773,True,True,https://www.google.com/maps/search/?api=1&query=Arsenal+%28in+Central+Park%29%2C+New+York%2C+NY,https://www.google.com/maps/search/?api=1&query=40.767200469971%2C-73.971298217773,pending,False,,,2109927,http://www.nycgovparks.org/events/2026/07/17/40-in-focus-summerstage-through-the-lens-of-photographer-jack-vartoogian
4,40 in focus summerstage through the lens of photographer jack vartoogian|2026-07-20,40 in Focus: SummerStage through the Lens of Photographer Jack Vartoogian,2026-07-20T9:00 am,Arsenal (in Central Park),,40.767200469971,-73.971298217773,True,True,https://www.google.com/maps/search/?api=1&query=Arsenal+%28in+Central+Park%29%2C+New+York%2C+NY,https://www.google.com/maps/search/?api=1&query=40.767200469971%2C-73.971298217773,pending,False,,,2109928,http://www.nycgovparks.org/events/2026/07/20/40-in-focus-summerstage-through-the-lens-of-photographer-jack-vartoogian
5,40 in focus summerstage through the lens of photographer jack vartoogian|2026-07-21,40 in Focus: SummerStage through the Lens of Photographer Jack Vartoogian,2026-07-21T9:00 am,Arsenal (in Central Park),,40.767200469971,-73.971298217773,True,True,https://www.google.com/maps/search/?api=1&query=Arsenal+%28in+Central+Park%29%2C+New+York%2C+NY,https://www.google.com/maps/search/?api=1&query=40.767200469971%2C-73.971298217773,pending,False,,,2109929,http://www.nycgovparks.org/events/2026/07/21/40-in-focus-summerstage-through-the-lens-of-photographer-jack-vartoogian
6,40 in focus summerstage through the lens of photographer jack vartoogian|2026-07-22,40 in Focus: SummerStage through the Lens of Photographer Jack Vartoogian,2026-07-22T9:00 am,Arsenal (in Central Park),,40.767200469971,-73.971298217773,True,True,https://www.google.com/maps/search/?api=1&query=Arsenal+%28in+Central+Park%29%2C+New+York%2C+NY,https://www.google.com/maps/search/?api=1&query=40.767200469971%2C-73.971298217773,pending,False,,,2109930,http://www.nycgovparks.org/events/2026/07/22/40-in-focus-summerstage-through-the-lens-of-photographer-jack-vartoogian
7,40 in focus summerstage through the lens of photographer jack vartoogian|2026-07-23,40 in Focus: SummerStage through the Lens of Photographer Jack Vartoogian,2026-07-23T9:00 am,Arsenal (in Central Park),,40.767200469971,-73.971298217773,True,True,https://www.google.com/maps/search/?api=1&query=Arsenal+%28in+Central+Park%29%2C+New+York%2C+NY,https://www.google.com/maps/search/?api=1&query=40.767200469971%2C-73.971298217773,pending,False,,,2109931,http://www.nycgovparks.org/events/2026/07/23/40-in-focus-summerstage-through-the-lens-of-photographer-jack-vartoogian
8,40 in focus summerstage through the lens of photographer jack vartoogian|2026-07-24,40 in Focus: SummerStage through the Lens of Photographer Jack Vartoogian,2026-07-24T9:00 am,Arsenal (in Central Park),,40.767200469971,-73.971298217773,True,True,https://www.google.com/maps/search/?api=1&query=Arsenal+%28in+Central+Park%29%2C+New+York%2C+NY,https://www.google.com/maps/search/?api=1&query=40.767200469971%2C-73.971298217773,pending,False,,,2109932,http://www.nycgovparks.org/events/2026/07/24/40-in-focus-summerstage-through-the-lens-of-photographer-jack-vartoogian
9,40 in focus summerstage through the lens of photographer jack vartoogian|2026-07-27,40 in Focus: SummerStage through the Lens of Photographer Jack Vartoogian,2026-07-27T9:00 am,Arsenal (in Central Park),,40.767200469971,-73.971298217773,True,True,https://www.google.com/maps/search/?api=1&query=Arsenal+%28in+Central+Park%29%2C+New+York%2C+NY,https://www.google.com/maps/search/?api=1&query=40.767200469971%2C-73.971298217773,pending,False,,,2109933,http://www.nycgovparks.org/events/2026/07/27/40-in-focus-summerstage-through-the-lens-of-photographer-jack-vartoogian
10,7 17 restoration fridays at highland park|2026-07-17,7/17 Restoration Fridays at Highland Park,2026-07-17T10:00 am,Vermont Place Parking Lot (in Highland Park),,40.686199188232,-73.889801025391,True,True,https://www.google.com/maps/search/?api=1&query=Vermont+Place+Parking+Lot+%28in+Highland+Park%29%2C+New+York%2C+NY,https://www.google.com/maps/search/?api=1&query=40.686199188232%2C-73.889801025391,pending,False,,,2165686,http://www.nycgovparks.org/events/2026/07/17/529-restoration-fridays-at-highland-park
11,7 18 forest park horticulture helpers|2026-07-18,7/18 Forest Park Horticulture Helpers,2026-07-18T10:00 am,Sobelsohn Playground (in Forest Park),,40.709525002939,-73.836108863354,True,True,https://www.google.com/maps/search/?api=1&query=Sobelsohn+Playground+%28in+Forest+Park%29%2C+New+York%2C+NY,https://www.google.com/maps/search/?api=1&query=40.709525002939%2C-73.836108863354,pending,False,,,2108840,http://www.nycgovparks.org/events/2026/07/18/328-forest-park-horticulture-helpers
12,7 25 vernal pond restoration at highland park|2026-07-25,7/25 Vernal Pond Restoration at Highland Park,2026-07-25T10:00 am,Vermont Place Parking Lot (in Highland Park),,40.686199188232,-73.889801025391,True,True,https://www.google.com/maps/search/?api=1&query=Vermont+Place+Parking+Lot+%28in+Highland+Park%29%2C+New+York%2C+NY,https://www.google.com/maps/search/?api=1&query=40.686199188232%2C-73.889801025391,pending,False,,,2165684,http://www.nycgovparks.org/events/2026/07/25/59-vernal-pond-restoration
13,a celebration and fundraiser|2026-07-19,A Celebration and Fundraiser,2026-07-19T4:00 pm,Sunset Community Garden,,40.709253,-73.9162526,True,False,https://www.google.com/maps/search/?api=1&query=Sunset+Community+Garden%2C+New+York%2C+NY,https://www.google.com/maps/search/?api=1&query=40.709253%2C-73.9162526,pending,False,,,2211138,http://www.nycgovparks.org/events/2026/07/19/a-celebration-and-fundraiser
14,adult hike reed 8217 s basket willow park|2026-07-16,Adult Hike - Reed&#8217;s Basket Willow Park,2026-07-16T11:00 am,Spring Street,,40.6047352,-74.0916944,True,False,https://www.google.com/maps/search/?api=1&query=Spring+Street%2C+New+York%2C+NY,https://www.google.com/maps/search/?api=1&query=40.6047352%2C-74.0916944,pending,False,,,2209840,http://www.nycgovparks.org/events/2026/07/16/adult-hike-reeds-basket-willow-park
15,adventure course free public sunday afternoon program|2026-07-19,Adventure Course Free Public Sunday Afternoon Program,2026-07-19T1:00 pm,Alley Pond Adventure Course (in Alley Pond Park),,40.742768103299,-73.741125994751,True,True,https://www.google.com/maps/search/?api=1&query=Alley+Pond+Adventure+Course+%28in+Alley+Pond+Park%29%2C+New+York%2C+NY,https://www.google.com/maps/search/?api=1&query=40.742768103299%2C-73.741125994751,pending,False,,,2202156,http://www.nycgovparks.org/events/2026/07/19/adventure-course-free-public-sunday-afternoon-program
16,adventure course free public sunday afternoon program|2026-07-26,Adventure Course Free Public Sunday Afternoon Program,2026-07-26T1:00 pm,Alley Pond Adventure Course (in Alley Pond Park),,40.742768103299,-73.741125994751,True,True,https://www.google.com/maps/search/?api=1&query=Alley+Pond+Adventure+Course+%28in+Alley+Pond+Park%29%2C+New+York%2C+NY,https://www.google.com/maps/search/?api=1&query=40.742768103299%2C-73.741125994751,pending,False,,,2202154,http://www.nycgovparks.org/events/2026/07/26/adventure-course-free-public-sunday-afternoon-program
17,adventure course free public sunday morning program|2026-07-19,Adventure Course Free Public Sunday Morning Program,2026-07-19T9:30 am,Alley Pond Adventure Course (in Alley Pond Park),,40.742768103299,-73.741125994751,True,True,https://www.google.com/maps/search/?api=1&query=Alley+Pond+Adventure+Course+%28in+Alley+Pond+Park%29%2C+New+York%2C+NY,https://www.google.com/maps/search/?api=1&query=40.742768103299%2C-73.741125994751,pending,False,,,2202158,http://www.nycgovparks.org/events/2026/07/19/adventure-course-free-public-sunday-morning-program
18,adventure course free public sunday morning program|2026-07-26,Adventure Course Free Public Sunday Morning Program,2026-07-26T9:30 am,Alley Pond Adventure Course (in Alley Pond Park),,40.742768103299,-73.741125994751,True,True,https://www.google.com/maps/search/?api=1&query=Alley+Pond+Adventure+Course+%28in+Alley+Pond+Park%29%2C+New+York%2C+NY,https://www.google.com/maps/search/?api=1&query=40.742768103299%2C-73.741125994751,pending,False,,,2202159,http://www.nycgovparks.org/events/2026/07/26/adventure-course-free-public-sunday-morning-program
19,alfred e smith recreation center summer camp extended day|2026-07-16,Alfred E. Smith Recreation Center Summer Camp Extended Day,2026-07-16T8:00 am,Multi-Use Room (in Alfred E. Smith Playground),,40.71032072,-73.99763525,True,True,https://www.google.com/maps/search/?api=1&query=Multi-Use+Room+%28in+Alfred+E.+Smith+Playground%29%2C+New+York%2C+NY,https://www.google.com/maps/search/?api=1&query=40.71032072%2C-73.99763525,pending,False,,,2205463,http://www.nycgovparks.org/events/2026/07/16/alfred-e-smith-recreation-center-summer-camp-extended-day
20,alfred e smith recreation center summer camp extended day|2026-07-17,Alfred E. Smith Recreation Center Summer Camp Extended Day,2026-07-17T8:00 am,Multi-Use Room (in Alfred E. Smith Playground),,40.71032072,-73.99763525,True,True,https://www.google.com/maps/search/?api=1&query=Multi-Use+Room+%28in+Alfred+E.+Smith+Playground%29%2C+New+York%2C+NY,https://www.google.com/maps/search/?api=1&query=40.71032072%2C-73.99763525,pending,False,,,2205272,http://www.nycgovparks.org/events/2026/07/17/alfred-e-smith-recreation-center-summer-camp-extended-day
21,alfred e smith recreation center summer camp extended day|2026-07-20,Alfred E. Smith Recreation Center Summer Camp Extended Day,2026-07-20T8:00 am,Multi-Use Room (in Alfred E. Smith Playground),,40.71032072,-73.99763525,True,True,https://www.google.com/maps/search/?api=1&query=Multi-Use+Room+%28in+Alfred+E.+Smith+Playground%29%2C+New+York%2C+NY,https://www.google.com/maps/search/?api=1&query=40.71032072%2C-73.99763525,pending,False,,,2205330,http://www.nycgovparks.org/events/2026/07/20/alfred-e-smith-recreation-center-summer-camp-extended-day
22,alfred e smith recreation center summer camp extended day|2026-07-21,Alfred E. Smith Recreation Center Summer Camp Extended Day,2026-07-21T8:00 am,Multi-Use Room (in Alfred E. Smith Playground),,40.71032072,-73.99763525,True,True,https://www.google.com/maps/search/?api=1&query=Multi-Use+Room+%28in+Alfred+E.+Smith+Playground%29%2C+New+York%2C+NY,https://www.google.com/maps/search/?api=1&query=40.71032072%2C-73.99763525,pending,False,,,2205260,http://www.nycgovparks.org/events/2026/07/21/alfred-e-smith-recreation-center-summer-camp-extended-day
23,alfred e smith recreation center summer camp extended day|2026-07-22,Alfred E. Smith Recreation Center Summer Camp Extended Day,2026-07-22T8:00 am,Multi-Use Room (in Alfred E. Smith Playground),,40.71032072,-73.99763525,True,True,https://www.google.com/maps/search/?api=1&query=Multi-Use+Room+%28in+Alfred+E.+Smith+Playground%29%2C+New+York%2C+NY,https://www.google.com/maps/search/?api=1&query=40.71032072%2C-73.99763525,pending,False,,,2205223,http://www.nycgovparks.org/events/2026/07/22/alfred-e-smith-recreation-center-summer-camp-extended-day
24,alfred e smith recreation center summer camp extended day|2026-07-23,Alfred E. Smith Recreation Center Summer Camp Extended Day,2026-07-23T8:00 am,Multi-Use Room (in Alfred E. Smith Playground),,40.71032072,-73.99763525,True,True,https://www.google.com/maps/search/?api=1&query=Multi-Use+Room+%28in+Alfred+E.+Smith+Playground%29%2C+New+York%2C+NY,https://www.google.com/maps/search/?api=1&query=40.71032072%2C-73.99763525,pending,False,,,2205420,http://www.nycgovparks.org/events/2026/07/23/alfred-e-smith-recreation-center-summer-camp-extended-day
25,alfred e smith recreation center summer camp extended day|2026-07-24,Alfred E. Smith Recreation Center Summer Camp Extended Day,2026-07-24T8:00 am,Multi-Use Room (in Alfred E. Smith Playground),,40.71032072,-73.99763525,True,True,https://www.google.com/maps/search/?api=1&query=Multi-Use+Room+%28in+Alfred+E.+Smith+Playground%29%2C+New+York%2C+NY,https://www.google.com/maps/search/?api=1&query=40.71032072%2C-73.99763525,pending,False,,,2205304,http://www.nycgovparks.org/events/2026/07/24/alfred-e-smith-recreation-center-summer-camp-extended-day
26,alfred e smith recreation center summer camp extended day|2026-07-27,Alfred E. Smith Recreation Center Summer Camp Extended Day,2026-07-27T8:00 am,Multi-Use Room (in Alfred E. Smith Playground),,40.71032072,-73.99763525,True,True,https://www.google.com/maps/search/?api=1&query=Multi-Use+Room+%28in+Alfred+E.+Smith+Playground%29%2C+New+York%2C+NY,https://www.google.com/maps/search/?api=1&query=40.71032072%2C-73.99763525,pending,False,,,2205297,http://www.nycgovparks.org/events/2026/07/27/alfred-e-smith-recreation-center-summer-camp-extended-day
27,alfred e smith recreation center summer camp regular day|2026-07-16,Alfred E. Smith Recreation Center Summer Camp Regular Day,2026-07-16T9:00 am,Multi-Use Room (in Alfred E. Smith Playground),,40.71032072,-73.99763525,True,True,https://www.google.com/maps/search/?api=1&query=Multi-Use+Room+%28in+Alfred+E.+Smith+Playground%29%2C+New+York%2C+NY,https://www.google.com/maps/search/?api=1&query=40.71032072%2C-73.99763525,pending,False,,,2205335,http://www.nycgovparks.org/events/2026/07/16/alfred-e-smith-recreation-center-summer-camp-regular-day
28,alfred e smith recreation center summer camp regular day|2026-07-17,Alfred E. Smith Recreation Center Summer Camp Regular Day,2026-07-17T9:00 am,Multi-Use Room (in Alfred E. Smith Playground),,40.71032072,-73.99763525,True,True,https://www.google.com/maps/search/?api=1&query=Multi-Use+Room+%28in+Alfred+E.+Smith+Playground%29%2C+New+York%2C+NY,https://www.google.com/maps/search/?api=1&query=40.71032072%2C-73.99763525,pending,False,,,2205389,http://www.nycgovparks.org/events/2026/07/17/alfred-e-smith-recreation-center-summer-camp-regular-day
29,alfred e smith recreation center summer camp regular day|2026-07-20,Alfred E. Smith Recreation Center Summer Camp Regular Day,2026-07-20T9:00 am,Multi-Use Room (in Alfred E. Smith Playground),,40.71032072,-73.99763525,True,True,https://www.google.com/maps/search/?api=1&query=Multi-Use+Room+%28in+Alfred+E.+Smith+Playground%29%2C+New+York%2C+NY,https://www.google.com/maps/search/?api=1&query=40.71032072%2C-73.99763525,pending,False,,,2205461,http://www.nycgovparks.org/events/2026/07/20/alfred-e-smith-recreation-center-summer-camp-regular-day
30,alfred e smith recreation center summer camp regular day|2026-07-21,Alfred E. Smith Recreation Center Summer Camp Regular Day,2026-07-21T9:00 am,Multi-Use Room (in Alfred E. Smith Playground),,40.71032072,-73.99763525,True,True,https://www.google.com/maps/search/?api=1&query=Multi-Use+Room+%28in+Alfred+E.+Smith+Playground%29%2C+New+York%2C+NY,https://www.google.com/maps/search/?api=1&query=40.71032072%2C-73.99763525,pending,False,,,2205339,http://www.nycgovparks.org/events/2026/07/21/alfred-e-smith-recreation-center-summer-camp-regular-day
31,alfred e smith recreation center summer camp regular day|2026-07-22,Alfred E. Smith Recreation Center Summer Camp Regular Day,2026-07-22T9:00 am,Multi-Use Room (in Alfred E. Smith Playground),,40.71032072,-73.99763525,True,True,https://www.google.com/maps/search/?api=1&query=Multi-Use+Room+%28in+Alfred+E.+Smith+Playground%29%2C+New+York%2C+NY,https://www.google.com/maps/search/?api=1&query=40.71032072%2C-73.99763525,pending,False,,,2205410,http://www.nycgovparks.org/events/2026/07/22/alfred-e-smith-recreation-center-summer-camp-regular-day
32,alfred e smith recreation center summer camp regular day|2026-07-23,Alfred E. Smith Recreation Center Summer Camp Regular Day,2026-07-23T9:00 am,Multi-Use Room (in Alfred E. Smith Playground),,40.71032072,-73.99763525,True,True,https://www.google.com/maps/search/?api=1&query=Multi-Use+Room+%28in+Alfred+E.+Smith+Playground%29%2C+New+York%2C+NY,https://www.google.com/maps/search/?api=1&query=40.71032072%2C-73.99763525,pending,False,,,2205280,http://www.nycgovparks.org/events/2026/07/23/alfred-e-smith-recreation-center-summer-camp-regular-day
33,alfred e smith recreation center summer camp regular day|2026-07-24,Alfred E. Smith Recreation Center Summer Camp Regular Day,2026-07-24T9:00 am,Multi-Use Room (in Alfred E. Smith Playground),,40.71032072,-73.99763525,True,True,https://www.google.com/maps/search/?api=1&query=Multi-Use+Room+%28in+Alfred+E.+Smith+Playground%29%2C+New+York%2C+NY,https://www.google.com/maps/search/?api=1&query=40.71032072%2C-73.99763525,pending,False,,,2205425,http://www.nycgovparks.org/events/2026/07/24/alfred-e-smith-recreation-center-summer-camp-regular-day
34,alfred e smith recreation center summer camp regular day|2026-07-27,Alfred E. Smith Recreation Center Summer Camp Regular Day,2026-07-27T9:00 am,Multi-Use Room (in Alfred E. Smith Playground),,40.71032072,-73.99763525,True,True,https://www.google.com/maps/search/?api=1&query=Multi-Use+Room+%28in+Alfred+E.+Smith+Playground%29%2C+New+York%2C+NY,https://www.google.com/maps/search/?api=1&query=40.71032072%2C-73.99763525,pending,False,,,2205231,http://www.nycgovparks.org/events/2026/07/27/alfred-e-smith-recreation-center-summer-camp-regular-day
35,art meets books|2026-07-16,Art Meets Books,2026-07-16T3:00 pm,Kids Playground - Large (in Washington Square Park),,40.730795465087,-73.996735811234,True,True,https://www.google.com/maps/search/?api=1&query=Kids+Playground+-+Large+%28in+Washington+Square+Park%29%2C+New+York%2C+NY,https://www.google.com/maps/search/?api=1&query=40.730795465087%2C-73.996735811234,pending,False,,,2189761,http://www.nycgovparks.org/events/2026/07/16/art-meets-books
36,art meets books|2026-07-23,Art Meets Books,2026-07-23T3:00 pm,Kids Playground - Large (in Washington Square Park),,40.730795465087,-73.996735811234,True,True,https://www.google.com/maps/search/?api=1&query=Kids+Playground+-+Large+%28in+Washington+Square+Park%29%2C+New+York%2C+NY,https://www.google.com/maps/search/?api=1&query=40.730795465087%2C-73.996735811234,pending,False,,,2189762,http://www.nycgovparks.org/events/2026/07/23/art-meets-books
37,arts culture and fun be bolder senior ballet programming|2026-07-17,"Arts, Culture and Fun: BE BOLDER: Senior Ballet Programming",2026-07-17T11:00 am,Multi-Use Room (in Williamsbridge Oval),,40.876733907,-73.878591092031,True,False,https://www.google.com/maps/search/?api=1&query=Multi-Use+Room+%28in+Williamsbridge+Oval%29%2C+New+York%2C+NY,https://www.google.com/maps/search/?api=1&query=40.876733907%2C-73.878591092031,pending,False,,,2178941,http://www.nycgovparks.org/events/2026/07/17/be-bolder-senior-ballet-programming
38,arts culture and fun be bolder senior ballet programming|2026-07-24,"Arts, Culture and Fun: BE BOLDER: Senior Ballet Programming",2026-07-24T11:00 am,Multi-Use Room (in Williamsbridge Oval),,40.876733907,-73.878591092031,True,False,https://www.google.com/maps/search/?api=1&query=Multi-Use+Room+%28in+Williamsbridge+Oval%29%2C+New+York%2C+NY,https://www.google.com/maps/search/?api=1&query=40.876733907%2C-73.878591092031,pending,False,,,2178887,http://www.nycgovparks.org/events/2026/07/24/be-bolder-senior-ballet-programming
39,astoria pool lap swim|2026-07-16,Astoria Pool: Lap Swim,2026-07-16T7:00 am,Astoria Pool (in Astoria Park),,40.778793896396,-73.922681749985,True,True,https://www.google.com/maps/search/?api=1&query=Astoria+Pool+%28in+Astoria+Park%29%2C+New+York%2C+NY,https://www.google.com/maps/search/?api=1&query=40.778793896396%2C-73.922681749985,pending,False,,,2203337,http://www.nycgovparks.org/events/2026/07/16/astoria-pool-lap-swim1
40,astoria pool lap swim|2026-07-17,Astoria Pool: Lap Swim,2026-07-17T7:00 am,Astoria Pool (in Astoria Park),,40.778793896396,-73.922681749985,True,True,https://www.google.com/maps/search/?api=1&query=Astoria+Pool+%28in+Astoria+Park%29%2C+New+York%2C+NY,https://www.google.com/maps/search/?api=1&query=40.778793896396%2C-73.922681749985,pending,False,,,2203477,http://www.nycgovparks.org/events/2026/07/17/astoria-pool-lap-swim1
41,astoria pool lap swim|2026-07-20,Astoria Pool: Lap Swim,2026-07-20T7:00 am,Astoria Pool (in Astoria Park),,40.778793896396,-73.922681749985,True,True,https://www.google.com/maps/search/?api=1&query=Astoria+Pool+%28in+Astoria+Park%29%2C+New+York%2C+NY,https://www.google.com/maps/search/?api=1&query=40.778793896396%2C-73.922681749985,pending,False,,,2203767,http://www.nycgovparks.org/events/2026/07/20/astoria-pool-lap-swim1
42,astoria pool lap swim|2026-07-21,Astoria Pool: Lap Swim,2026-07-21T7:00 am,Astoria Pool (in Astoria Park),,40.778793896396,-73.922681749985,True,True,https://www.google.com/maps/search/?api=1&query=Astoria+Pool+%28in+Astoria+Park%29%2C+New+York%2C+NY,https://www.google.com/maps/search/?api=1&query=40.778793896396%2C-73.922681749985,pending,False,,,2203450,http://www.nycgovparks.org/events/2026/07/21/astoria-pool-lap-swim1
43,astoria pool lap swim|2026-07-22,Astoria Pool: Lap Swim,2026-07-22T7:00 am,Astoria Pool (in Astoria Park),,40.778793896396,-73.922681749985,True,True,https://www.google.com/maps/search/?api=1&query=Astoria+Pool+%28in+Astoria+Park%29%2C+New+York%2C+NY,https://www.google.com/maps/search/?api=1&query=40.778793896396%2C-73.922681749985,pending,False,,,2203565,http://www.nycgovparks.org/events/2026/07/22/astoria-pool-lap-swim1
44,astoria pool lap swim|2026-07-23,Astoria Pool: Lap Swim,2026-07-23T7:00 am,Astoria Pool (in Astoria Park),,40.778793896396,-73.922681749985,True,True,https://www.google.com/maps/search/?api=1&query=Astoria+Pool+%28in+Astoria+Park%29%2C+New+York%2C+NY,https://www.google.com/maps/search/?api=1&query=40.778793896396%2C-73.922681749985,pending,False,,,2203698,http://www.nycgovparks.org/events/2026/07/23/astoria-pool-lap-swim1
45,astoria pool lap swim|2026-07-24,Astoria Pool: Lap Swim,2026-07-24T7:00 am,Astoria Pool (in Astoria Park),,40.778793896396,-73.922681749985,True,True,https://www.google.com/maps/search/?api=1&query=Astoria+Pool+%28in+Astoria+Park%29%2C+New+York%2C+NY,https://www.google.com/maps/search/?api=1&query=40.778793896396%2C-73.922681749985,pending,False,,,2203541,http://www.nycgovparks.org/events/2026/07/24/astoria-pool-lap-swim1
46,astoria pool lap swim|2026-07-27,Astoria Pool: Lap Swim,2026-07-27T7:00 am,Astoria Pool (in Astoria Park),,40.778793896396,-73.922681749985,True,True,https://www.google.com/maps/search/?api=1&query=Astoria+Pool+%28in+Astoria+Park%29%2C+New+York%2C+NY,https://www.google.com/maps/search/?api=1&query=40.778793896396%2C-73.922681749985,pending,False,,,2203670,http://www.nycgovparks.org/events/2026/07/27/astoria-pool-lap-swim1
47,basic canoeing|2026-07-19,Basic Canoeing,2026-07-19T1:00 pm,Crotona Nature Center (in Crotona Park),,40.837001800537,-73.893402099609,True,True,https://www.google.com/maps/search/?api=1&query=Crotona+Nature+Center+%28in+Crotona+Park%29%2C+New+York%2C+NY,https://www.google.com/maps/search/?api=1&query=40.837001800537%2C-73.893402099609,pending,False,,,2176627,http://www.nycgovparks.org/events/2026/07/19/basic-canoeing
48,basketball clinic at highbridge recreation center ages 5 to 7|2026-07-18,Basketball Clinic at Highbridge Recreation Center (Ages: 5 to 7),2026-07-18T12:30 pm,Gymnasium (in Highbridge Park),,40.84260178,-73.93430328,True,True,https://www.google.com/maps/search/?api=1&query=Gymnasium+%28in+Highbridge+Park%29%2C+New+York%2C+NY,https://www.google.com/maps/search/?api=1&query=40.84260178%2C-73.93430328,pending,False,,,2199959,http://www.nycgovparks.org/events/2026/07/18/basketball-clinic-at-highbridge-recreation-center-ages-5-to-7
49,basketball clinic at highbridge recreation center ages 5 to 7|2026-07-25,Basketball Clinic at Highbridge Recreation Center (Ages: 5 to 7),2026-07-25T12:30 pm,Gymnasium (in Highbridge Park),,40.84260178,-73.93430328,True,True,https://www.google.com/maps/search/?api=1&query=Gymnasium+%28in+Highbridge+Park%29%2C+New+York%2C+NY,https://www.google.com/maps/search/?api=1&query=40.84260178%2C-73.93430328,pending,False,,,2200101,http://www.nycgovparks.org/events/2026/07/25/basketball-clinic-at-highbridge-recreation-center-ages-5-to-7
50,basketball clinic at highbridge recreation center ages 8 to 12|2026-07-18,Basketball Clinic at Highbridge Recreation Center (Ages: 8 to 12),2026-07-18T1:45 pm,Gymnasium (in Highbridge Park),,40.84260178,-73.93430328,True,True,https://www.google.com/maps/search/?api=1&query=Gymnasium+%28in+Highbridge+Park%29%2C+New+York%2C+NY,https://www.google.com/maps/search/?api=1&query=40.84260178%2C-73.93430328,pending,False,,,2200212,http://www.nycgovparks.org/events/2026/07/18/basketball-clinic-at-highbridge-recreation-center-ages-8-to-12
51,basketball clinic at highbridge recreation center ages 8 to 12|2026-07-25,Basketball Clinic at Highbridge Recreation Center (Ages: 8 to 12),2026-07-25T1:45 pm,Gymnasium (in Highbridge Park),,40.84260178,-73.93430328,True,True,https://www.google.com/maps/search/?api=1&query=Gymnasium+%28in+Highbridge+Park%29%2C+New+York%2C+NY,https://www.google.com/maps/search/?api=1&query=40.84260178%2C-73.93430328,pending,False,,,2200258,http://www.nycgovparks.org/events/2026/07/25/basketball-clinic-at-highbridge-recreation-center-ages-8-to-12
52,beginner yoga|2026-07-18,Beginner Yoga,2026-07-18T10:00 am,Sobelsohn Basketball Court (in Forest Park),,40.709951990499,-73.835199058056,True,True,https://www.google.com/maps/search/?api=1&query=Sobelsohn+Basketball+Court+%28in+Forest+Park%29%2C+New+York%2C+NY,https://www.google.com/maps/search/?api=1&query=40.709951990499%2C-73.835199058056,pending,False,,,2153213,http://www.nycgovparks.org/events/2026/07/18/beginner-yoga
53,beginner yoga|2026-07-25,Beginner Yoga,2026-07-25T10:00 am,Sobelsohn Basketball Court (in Forest Park),,40.709951990499,-73.835199058056,True,True,https://www.google.com/maps/search/?api=1&query=Sobelsohn+Basketball+Court+%28in+Forest+Park%29%2C+New+York%2C+NY,https://www.google.com/maps/search/?api=1&query=40.709951990499%2C-73.835199058056,pending,False,,,2153211,http://www.nycgovparks.org/events/2026/07/25/beginner-yoga
54,big city folk in greeley square park|2026-07-20,Big City Folk in Greeley Square Park,2026-07-20T6:00 pm,Greeley Square Park,,40.748642685667,-73.988085303512,True,True,https://www.google.com/maps/search/?api=1&query=Greeley+Square+Park%2C+New+York%2C+NY,https://www.google.com/maps/search/?api=1&query=40.748642685667%2C-73.988085303512,pending,False,,,2171768,http://www.nycgovparks.org/events/2026/07/20/big-city-folk-in-greeley-square-park
55,big city folk in greeley square park|2026-07-27,Big City Folk in Greeley Square Park,2026-07-27T6:00 pm,Greeley Square Park,,40.748642685667,-73.988085303512,True,True,https://www.google.com/maps/search/?api=1&query=Greeley+Square+Park%2C+New+York%2C+NY,https://www.google.com/maps/search/?api=1&query=40.748642685667%2C-73.988085303512,pending,False,,,2171769,http://www.nycgovparks.org/events/2026/07/27/big-city-folk-in-greeley-square-park
56,big screen at the battery little fugitive movie screening|2026-07-17,"Big Screen at The Battery: ""Little Fugitive"" Movie Screening",2026-07-17T7:30 pm,Woodland Lawn (in The Battery),,40.70219198352,-74.015469135235,True,True,https://www.google.com/maps/search/?api=1&query=Woodland+Lawn+%28in+The+Battery%29%2C+New+York%2C+NY,https://www.google.com/maps/search/?api=1&query=40.70219198352%2C-74.015469135235,pending,False,,,2192732,http://www.nycgovparks.org/events/2026/07/17/big-screen-at-the-battery-little-fugitive-movie-screening
57,big screen at the battery world cup bronze final|2026-07-18,Big Screen at The Battery: World Cup Bronze Final,2026-07-18T5:00 pm,Woodland Lawn (in The Battery),,40.70219198352,-74.015469135235,True,True,https://www.google.com/maps/search/?api=1&query=Woodland+Lawn+%28in+The+Battery%29%2C+New+York%2C+NY,https://www.google.com/maps/search/?api=1&query=40.70219198352%2C-74.015469135235,pending,False,,,2192731,http://www.nycgovparks.org/events/2026/07/18/big-screen-at-the-battery-world-cup-bronze-final
58,big screen at the battery world cup final|2026-07-19,Big Screen at The Battery: World Cup Final,2026-07-19T3:00 pm,Woodland Lawn (in The Battery),,40.70219198352,-74.015469135235,True,True,https://www.google.com/maps/search/?api=1&query=Woodland+Lawn+%28in+The+Battery%29%2C+New+York%2C+NY,https://www.google.com/maps/search/?api=1&query=40.70219198352%2C-74.015469135235,pending,False,,,2192730,http://www.nycgovparks.org/events/2026/07/19/big-screen-at-the-battery-world-cup-final
59,bike ride to waterfront festival|2026-07-18,Bike Ride to Waterfront Festival,2026-07-18T11:30 am,Thomas Jefferson Park,,40.793125152588,-73.935256958008,True,True,https://www.google.com/maps/search/?api=1&query=Thomas+Jefferson+Park%2C+New+York%2C+NY,https://www.google.com/maps/search/?api=1&query=40.793125152588%2C-73.935256958008,pending,False,,,2123448,http://www.nycgovparks.org/events/2026/07/18/bike-ride-to-waterfront-festival
60,bioblitz concrete plant park to starlight park with rj hawkins|2026-07-18,Bioblitz: Concrete Plant Park to Starlight Park with RJ Hawkins,2026-07-18T11:00 am,Concrete Plant Park,,40.826900482177734,-73.88480377197266,True,True,https://www.google.com/maps/search/?api=1&query=Concrete+Plant+Park%2C+New+York%2C+NY,https://www.google.com/maps/search/?api=1&query=40.826900482177734%2C-73.88480377197266,pending,False,,,2204133,http://www.nycgovparks.org/events/2026/07/18/bioblitz-concrete-plant-park-to-starlight-park-with-rj-hawki
61,birding beach birds|2026-07-19,Birding: Beach Birds,2026-07-19T10:00 am,"Ocean Breeze Pier, Seaview Avenue and Father Capodanno Boulevard (in Franklin D. Roosevelt Boardwalk and Beach)",,40.579200744629,-74.077598571777,True,True,https://www.google.com/maps/search/?api=1&query=Ocean+Breeze+Pier%2C+Seaview+Avenue+and+Father+Capodanno+Boulevard+%28in+Franklin+D.+Roosevelt+Boardwalk+and+Beach%29%2C+New+York%2C+NY,https://www.google.com/maps/search/?api=1&query=40.579200744629%2C-74.077598571777,pending,False,,,2179038,http://www.nycgovparks.org/events/2026/07/19/birding-beach-birds
62,birding beginner birding|2026-07-26,Birding: Beginner Birding,2026-07-26T1:00 pm,Crotona Nature Center (in Crotona Park),,40.837001800537,-73.893402099609,True,True,https://www.google.com/maps/search/?api=1&query=Crotona+Nature+Center+%28in+Crotona+Park%29%2C+New+York%2C+NY,https://www.google.com/maps/search/?api=1&query=40.837001800537%2C-73.893402099609,pending,False,,,2176708,http://www.nycgovparks.org/events/2026/07/26/birding-beginner-birding
63,bloom to the beat a bronx river sound flower experience with zinzi gonzalez|2026-07-25,Bloom to the Beat: A Bronx River Sound & Flower Experience with Zinzi Gonzalez,2026-07-25T1:00 pm,Starlight Park,,40.833488887231,-73.882524013519,True,True,https://www.google.com/maps/search/?api=1&query=Starlight+Park%2C+New+York%2C+NY,https://www.google.com/maps/search/?api=1&query=40.833488887231%2C-73.882524013519,pending,False,,,2210382,http://www.nycgovparks.org/events/2026/07/25/bloom-to-the-beat-a-bronx-river-sound-flower-experience-wit
64,body boost circuit training|2026-07-16,Body-boost Circuit Training,2026-07-16T6:30 pm,Brooklyn Public Library - Ulmer Park,,40.592903657654,-73.988698124885,True,True,https://www.google.com/maps/search/?api=1&query=Brooklyn+Public+Library+-+Ulmer+Park%2C+New+York%2C+NY,https://www.google.com/maps/search/?api=1&query=40.592903657654%2C-73.988698124885,pending,False,,,2192252,http://www.nycgovparks.org/events/2026/07/16/bodyboost-circuit-training
65,body boost circuit training|2026-07-23,Body-boost Circuit Training,2026-07-23T6:30 pm,Brooklyn Public Library - Ulmer Park,,40.592903657654,-73.988698124885,True,True,https://www.google.com/maps/search/?api=1&query=Brooklyn+Public+Library+-+Ulmer+Park%2C+New+York%2C+NY,https://www.google.com/maps/search/?api=1&query=40.592903657654%2C-73.988698124885,pending,False,,,2192255,http://www.nycgovparks.org/events/2026/07/23/bodyboost-circuit-training
66,bodyroll|2026-07-21,Bodyroll,2026-07-21T9:30 am,Garibaldi Plaza (in Washington Square Park),,40.730499267578125,-73.99700164794922,True,True,https://www.google.com/maps/search/?api=1&query=Garibaldi+Plaza+%28in+Washington+Square+Park%29%2C+New+York%2C+NY,https://www.google.com/maps/search/?api=1&query=40.730499267578125%2C-73.99700164794922,pending,False,,,2189819,http://www.nycgovparks.org/events/2026/07/21/bodyroll
67,bodyweight blast|2026-07-21,Bodyweight Blast,2026-07-21T8:00 am,102nd Street Field House (in Riverside Park),,40.800691692826,-73.973306179047,True,True,https://www.google.com/maps/search/?api=1&query=102nd+Street+Field+House+%28in+Riverside+Park%29%2C+New+York%2C+NY,https://www.google.com/maps/search/?api=1&query=40.800691692826%2C-73.973306179047,pending,False,,,2128627,http://www.nycgovparks.org/events/2026/07/21/bodyweight-blast
68,bodyweight circuit training|2026-07-18,Bodyweight Circuit Training,2026-07-18T11:30 am,Dance Room (in Chelsea Recreation Center),,40.74829865,-74.00219727,True,True,https://www.google.com/maps/search/?api=1&query=Dance+Room+%28in+Chelsea+Recreation+Center%29%2C+New+York%2C+NY,https://www.google.com/maps/search/?api=1&query=40.74829865%2C-74.00219727,pending,False,,,2139141,http://www.nycgovparks.org/events/2026/07/18/bodyweight-circuit-training
69,bodyweight circuit training|2026-07-20,Bodyweight Circuit Training,2026-07-20T5:30 pm,MVMNT Fitness and Health Studio (in Prospect Park),,40.661722130567,-73.96136879921,True,True,https://www.google.com/maps/search/?api=1&query=MVMNT+Fitness+and+Health+Studio+%28in+Prospect+Park%29%2C+New+York%2C+NY,https://www.google.com/maps/search/?api=1&query=40.661722130567%2C-73.96136879921,pending,False,,,2192251,http://www.nycgovparks.org/events/2026/07/20/bodyweight-circuit-training
70,bodyweight circuit training|2026-07-22,Bodyweight Circuit Training,2026-07-22T5:00 pm,Rock Climbing Wall Room (in Gertrude Ederle Recreation Center),,40.77149963,-73.9885025,True,True,https://www.google.com/maps/search/?api=1&query=Rock+Climbing+Wall+Room+%28in+Gertrude+Ederle+Recreation+Center%29%2C+New+York%2C+NY,https://www.google.com/maps/search/?api=1&query=40.77149963%2C-73.9885025,pending,False,,,2206701,http://www.nycgovparks.org/events/2026/07/22/bodyweight-circuit-training
71,bodyweight circuit training|2026-07-25,Bodyweight Circuit Training,2026-07-25T11:30 am,Dance Room (in Chelsea Recreation Center),,40.74829865,-74.00219727,True,True,https://www.google.com/maps/search/?api=1&query=Dance+Room+%28in+Chelsea+Recreation+Center%29%2C+New+York%2C+NY,https://www.google.com/maps/search/?api=1&query=40.74829865%2C-74.00219727,pending,False,,,2139143,http://www.nycgovparks.org/events/2026/07/25/bodyweight-circuit-training
72,bodyweight circuit training|2026-07-27,Bodyweight Circuit Training,2026-07-27T5:30 pm,MVMNT Fitness and Health Studio (in Prospect Park),,40.661722130567,-73.96136879921,True,True,https://www.google.com/maps/search/?api=1&query=MVMNT+Fitness+and+Health+Studio+%28in+Prospect+Park%29%2C+New+York%2C+NY,https://www.google.com/maps/search/?api=1&query=40.661722130567%2C-73.96136879921,pending,False,,,2192235,http://www.nycgovparks.org/events/2026/07/27/bodyweight-circuit-training
73,bodyweight interval training|2026-07-20,Bodyweight Interval Training,2026-07-20T5:45 pm,Multi-Use Room C (in McCarren Park),,40.7201004,-73.94999695,True,True,https://www.google.com/maps/search/?api=1&query=Multi-Use+Room+C+%28in+McCarren+Park%29%2C+New+York%2C+NY,https://www.google.com/maps/search/?api=1&query=40.7201004%2C-73.94999695,pending,False,,,2184088,http://www.nycgovparks.org/events/2026/07/20/bodyweight-interval-training
74,bodyweight interval training|2026-07-27,Bodyweight Interval Training,2026-07-27T5:45 pm,Multi-Use Room C (in McCarren Park),,40.7201004,-73.94999695,True,True,https://www.google.com/maps/search/?api=1&query=Multi-Use+Room+C+%28in+McCarren+Park%29%2C+New+York%2C+NY,https://www.google.com/maps/search/?api=1&query=40.7201004%2C-73.94999695,pending,False,,,2184084,http://www.nycgovparks.org/events/2026/07/27/bodyweight-interval-training
75,bollyx|2026-07-20,BollyX,2026-07-20T6:30 pm,Dance Room (in Chelsea Recreation Center),,40.74829865,-74.00219727,True,True,https://www.google.com/maps/search/?api=1&query=Dance+Room+%28in+Chelsea+Recreation+Center%29%2C+New+York%2C+NY,https://www.google.com/maps/search/?api=1&query=40.74829865%2C-74.00219727,pending,False,,,2180051,http://www.nycgovparks.org/events/2026/07/20/bollyx
76,bollyx|2026-07-27,BollyX,2026-07-27T6:30 pm,Dance Room (in Chelsea Recreation Center),,40.74829865,-74.00219727,True,True,https://www.google.com/maps/search/?api=1&query=Dance+Room+%28in+Chelsea+Recreation+Center%29%2C+New+York%2C+NY,https://www.google.com/maps/search/?api=1&query=40.74829865%2C-74.00219727,pending,False,,,2180107,http://www.nycgovparks.org/events/2026/07/27/bollyx
77,bootcamp|2026-07-16,Bootcamp,2026-07-16T7:00 pm,Greenbelt Recreation Center (in Blood Root Valley),,40.591982601343,-74.139472484589,True,True,https://www.google.com/maps/search/?api=1&query=Greenbelt+Recreation+Center+%28in+Blood+Root+Valley%29%2C+New+York%2C+NY,https://www.google.com/maps/search/?api=1&query=40.591982601343%2C-74.139472484589,pending,False,,,2204156,http://www.nycgovparks.org/events/2026/07/16/bootcamp
78,bootcamp|2026-07-23,Bootcamp,2026-07-23T7:00 pm,Greenbelt Recreation Center (in Blood Root Valley),,40.591982601343,-74.139472484589,True,True,https://www.google.com/maps/search/?api=1&query=Greenbelt+Recreation+Center+%28in+Blood+Root+Valley%29%2C+New+York%2C+NY,https://www.google.com/maps/search/?api=1&query=40.591982601343%2C-74.139472484589,pending,False,,,2204172,http://www.nycgovparks.org/events/2026/07/23/bootcamp
79,bronx river city of water day celebration|2026-07-25,Bronx River City of Water Day Celebration,2026-07-25T12:00 pm,Bronx River House (in Starlight Park),,40.83279785876,-73.882915616035,True,True,https://www.google.com/maps/search/?api=1&query=Bronx+River+House+%28in+Starlight+Park%29%2C+New+York%2C+NY,https://www.google.com/maps/search/?api=1&query=40.83279785876%2C-73.882915616035,pending,False,,,2192300,http://www.nycgovparks.org/events/2026/07/25/bronx-river-city-of-water-day-celebration
80,brooklyn bridge park conservancy waterfront walks|2026-07-21,Brooklyn Bridge Park Conservancy Waterfront Walks,2026-07-21T6:30 pm,Brooklyn Bridge Park,,40.703036976271,-73.994967937469,True,True,https://www.google.com/maps/search/?api=1&query=Brooklyn+Bridge+Park%2C+New+York%2C+NY,https://www.google.com/maps/search/?api=1&query=40.703036976271%2C-73.994967937469,pending,False,,,2201592,http://www.nycgovparks.org/events/2026/07/21/brooklyn-bridge-park-conservancy-waterfront-walks
81,brooklyn bridge park movies with a view presented by persol|2026-07-16,Brooklyn Bridge Park Movies With A View presented by Persol,2026-07-16T6:00 pm,"Brooklyn Bridge Park Pier 1 Brooklyn, NY 11201 (in Brooklyn Bridge Park)",,40.700099945068,-73.997299194336,True,True,https://www.google.com/maps/search/?api=1&query=Brooklyn+Bridge+Park+Pier+1+Brooklyn%2C+NY+11201+%28in+Brooklyn+Bridge+Park%29%2C+New+York%2C+NY,https://www.google.com/maps/search/?api=1&query=40.700099945068%2C-73.997299194336,pending,False,,,2182925,http://www.nycgovparks.org/events/2026/07/16/brooklyn-bridge-park-movies-with-a-view-presented-by-persol
82,brooklyn bridge park movies with a view presented by persol|2026-07-23,Brooklyn Bridge Park Movies With A View presented by Persol,2026-07-23T6:00 pm,"Brooklyn Bridge Park Pier 1 Brooklyn, NY 11201 (in Brooklyn Bridge Park)",,40.700099945068,-73.997299194336,True,True,https://www.google.com/maps/search/?api=1&query=Brooklyn+Bridge+Park+Pier+1+Brooklyn%2C+NY+11201+%28in+Brooklyn+Bridge+Park%29%2C+New+York%2C+NY,https://www.google.com/maps/search/?api=1&query=40.700099945068%2C-73.997299194336,pending,False,,,2182926,http://www.nycgovparks.org/events/2026/07/23/brooklyn-bridge-park-movies-with-a-view-presented-by-persol
83,bryant park movie nights|2026-07-20,Bryant Park Movie Nights,2026-07-20T5:00 pm,Bryant Park Lawn (in Bryant Park),,40.753819792011,-73.983734458685,True,True,https://www.google.com/maps/search/?api=1&query=Bryant+Park+Lawn+%28in+Bryant+Park%29%2C+New+York%2C+NY,https://www.google.com/maps/search/?api=1&query=40.753819792011%2C-73.983734458685,pending,False,,,2194969,http://www.nycgovparks.org/events/2026/07/20/bryant-park-movie-nights
84,bryant park movie nights|2026-07-27,Bryant Park Movie Nights,2026-07-27T5:00 pm,Bryant Park Lawn (in Bryant Park),,40.753819792011,-73.983734458685,True,True,https://www.google.com/maps/search/?api=1&query=Bryant+Park+Lawn+%28in+Bryant+Park%29%2C+New+York%2C+NY,https://www.google.com/maps/search/?api=1&query=40.753819792011%2C-73.983734458685,pending,False,,,2194970,http://www.nycgovparks.org/events/2026/07/27/bryant-park-movie-nights
85,bryant park picnic performance carnegie hall citywide nathan the zydeco cha chas|2026-07-17,Bryant Park Picnic Performance: Carnegie Hall Citywide: Nathan & the Zydeco Cha Chas,2026-07-17T7:00 pm,Bryant Park Lawn (in Bryant Park),,40.753819792011,-73.983734458685,True,True,https://www.google.com/maps/search/?api=1&query=Bryant+Park+Lawn+%28in+Bryant+Park%29%2C+New+York%2C+NY,https://www.google.com/maps/search/?api=1&query=40.753819792011%2C-73.983734458685,pending,False,,,2172929,http://www.nycgovparks.org/events/2026/07/17/bryant-park-picnic-performance-carnegie-hall-citywide-nathan
86,bryant park picnic performance carnegie hall citywide nyc ska orchestra|2026-07-24,Bryant Park Picnic Performance: Carnegie Hall Citywide: NYC Ska Orchestra,2026-07-24T7:00 pm,Bryant Park Lawn (in Bryant Park),,40.753819792011,-73.983734458685,True,True,https://www.google.com/maps/search/?api=1&query=Bryant+Park+Lawn+%28in+Bryant+Park%29%2C+New+York%2C+NY,https://www.google.com/maps/search/?api=1&query=40.753819792011%2C-73.983734458685,pending,False,,,2172930,http://www.nycgovparks.org/events/2026/07/24/bryant-park-picnic-performance-carnegie-hall-citywide-nyc-sk
87,bryant park tai chi|2026-07-21,Bryant Park Tai Chi,2026-07-21T7:30 am,Upper Terrace (in Bryant Park),,40.75339889526367,-73.98269653320312,True,True,https://www.google.com/maps/search/?api=1&query=Upper+Terrace+%28in+Bryant+Park%29%2C+New+York%2C+NY,https://www.google.com/maps/search/?api=1&query=40.75339889526367%2C-73.98269653320312,pending,False,,,2171246,http://www.nycgovparks.org/events/2026/07/21/bryant-park-tai-chi
88,built to move circuit training|2026-07-21,Built To Move Circuit Training,2026-07-21T6:00 pm,Brooklyn Public Library - Flatbush,,40.65189722298,-73.958265781403,True,True,https://www.google.com/maps/search/?api=1&query=Brooklyn+Public+Library+-+Flatbush%2C+New+York%2C+NY,https://www.google.com/maps/search/?api=1&query=40.65189722298%2C-73.958265781403,pending,False,,,2182134,http://www.nycgovparks.org/events/2026/07/21/bodyweight-circuit-training
89,canceled full body circuit training|2026-07-16,CANCELED: Full Body Circuit Training,2026-07-16T6:30 pm,Dance Room (in Chelsea Recreation Center),,40.74829865,-74.00219727,True,False,https://www.google.com/maps/search/?api=1&query=Dance+Room+%28in+Chelsea+Recreation+Center%29%2C+New+York%2C+NY,https://www.google.com/maps/search/?api=1&query=40.74829865%2C-74.00219727,pending,False,,,2153108,http://www.nycgovparks.org/events/2026/07/16/full-body-circuit-training
90,canceled functional yoga|2026-07-16,CANCELED: Functional Yoga ,2026-07-16T1:00 pm,New York Public Library - Morningside Heights Branch,,40.806144714355,-73.964828491211,True,False,https://www.google.com/maps/search/?api=1&query=New+York+Public+Library+-+Morningside+Heights+Branch%2C+New+York%2C+NY,https://www.google.com/maps/search/?api=1&query=40.806144714355%2C-73.964828491211,pending,False,,,2191590,http://www.nycgovparks.org/events/2026/07/16/functional-yoga
91,canceled functional yoga|2026-07-23,CANCELED: Functional Yoga ,2026-07-23T1:00 pm,New York Public Library - Morningside Heights Branch,,40.806144714355,-73.964828491211,True,False,https://www.google.com/maps/search/?api=1&query=New+York+Public+Library+-+Morningside+Heights+Branch%2C+New+York%2C+NY,https://www.google.com/maps/search/?api=1&query=40.806144714355%2C-73.964828491211,pending,False,,,2190988,http://www.nycgovparks.org/events/2026/07/23/functional-yoga
92,canceled low impact bodyweight circuit training|2026-07-16,CANCELED: Low Impact Bodyweight Circuit Training,2026-07-16T6:00 pm,Astoria Pool Deck (in Astoria Park),,40.778499603271484,-73.92220306396484,True,True,https://www.google.com/maps/search/?api=1&query=Astoria+Pool+Deck+%28in+Astoria+Park%29%2C+New+York%2C+NY,https://www.google.com/maps/search/?api=1&query=40.778499603271484%2C-73.92220306396484,pending,False,,,2114579,http://www.nycgovparks.org/events/2026/07/16/low-impact-bodyweight-circuit-training
93,canceled total body fitness|2026-07-21,CANCELED: Total Body Fitness,2026-07-21T8:00 am,Handball Courts (in St. John's Park),,40.674130693336,-73.933968603611,True,True,https://www.google.com/maps/search/?api=1&query=Handball+Courts+%28in+St.+John%27s+Park%29%2C+New+York%2C+NY,https://www.google.com/maps/search/?api=1&query=40.674130693336%2C-73.933968603611,pending,False,,,2208715,http://www.nycgovparks.org/events/2026/07/21/canceled-total-body-fitness
94,canceled zumba|2026-07-18,CANCELED: Zumba,2026-07-18T10:00 am,Gymnasium (in St. John's Park),,40.67350006,-73.93479919,True,True,https://www.google.com/maps/search/?api=1&query=Gymnasium+%28in+St.+John%27s+Park%29%2C+New+York%2C+NY,https://www.google.com/maps/search/?api=1&query=40.67350006%2C-73.93479919,pending,False,,,2160287,http://www.nycgovparks.org/events/2026/07/18/zumba1
95,canceled zumba|2026-07-25,CANCELED: Zumba,2026-07-25T10:00 am,Gymnasium (in St. John's Park),,40.67350006,-73.93479919,True,True,https://www.google.com/maps/search/?api=1&query=Gymnasium+%28in+St.+John%27s+Park%29%2C+New+York%2C+NY,https://www.google.com/maps/search/?api=1&query=40.67350006%2C-73.93479919,pending,False,,,2160565,http://www.nycgovparks.org/events/2026/07/25/zumba1
96,cancelled dance in the park salsa|2026-07-18,CANCELLED: Dance in the Park: Salsa,2026-07-18T11:00 am,East River Picnic Area (in Randall's Island Park),,40.783056947393,-73.933829307556,True,False,https://www.google.com/maps/search/?api=1&query=East+River+Picnic+Area+%28in+Randall%27s+Island+Park%29%2C+New+York%2C+NY,https://www.google.com/maps/search/?api=1&query=40.783056947393%2C-73.933829307556,pending,False,,,2201714,http://www.nycgovparks.org/events/2026/07/18/dance-in-the-park-salsa
97,cardio circuit blast|2026-07-16,Cardio Circuit Blast,2026-07-16T6:00 pm,Dance Room (in Thomas Jefferson Park),,40.79349899,-73.93669891,True,True,https://www.google.com/maps/search/?api=1&query=Dance+Room+%28in+Thomas+Jefferson+Park%29%2C+New+York%2C+NY,https://www.google.com/maps/search/?api=1&query=40.79349899%2C-73.93669891,pending,False,,,2150602,http://www.nycgovparks.org/events/2026/07/16/cardio-circuit-blast
98,cardio circuit blast|2026-07-17,Cardio Circuit Blast,2026-07-17T6:00 pm,Dance Room (in Highbridge Park),,40.84260178,-73.93430328,True,True,https://www.google.com/maps/search/?api=1&query=Dance+Room+%28in+Highbridge+Park%29%2C+New+York%2C+NY,https://www.google.com/maps/search/?api=1&query=40.84260178%2C-73.93430328,pending,False,,,2151675,http://www.nycgovparks.org/events/2026/07/17/cardio-circuit-blast
99,cardio circuit blast|2026-07-18,Cardio Circuit Blast,2026-07-18T10:00 am,Dance Room (in Thomas Jefferson Park),,40.79349899,-73.93669891,True,True,https://www.google.com/maps/search/?api=1&query=Dance+Room+%28in+Thomas+Jefferson+Park%29%2C+New+York%2C+NY,https://www.google.com/maps/search/?api=1&query=40.79349899%2C-73.93669891,pending,False,,,2179096,http://www.nycgovparks.org/events/2026/07/18/cardio-circuit-blast
100,cardio circuit blast|2026-07-23,Cardio Circuit Blast,2026-07-23T6:00 pm,Dance Room (in Thomas Jefferson Park),,40.79349899,-73.93669891,True,True,https://www.google.com/maps/search/?api=1&query=Dance+Room+%28in+Thomas+Jefferson+Park%29%2C+New+York%2C+NY,https://www.google.com/maps/search/?api=1&query=40.79349899%2C-73.93669891,pending,False,,,2150575,http://www.nycgovparks.org/events/2026/07/23/cardio-circuit-blast
101,cardio circuit blast|2026-07-24,Cardio Circuit Blast,2026-07-24T6:00 pm,Dance Room (in Highbridge Park),,40.84260178,-73.93430328,True,True,https://www.google.com/maps/search/?api=1&query=Dance+Room+%28in+Highbridge+Park%29%2C+New+York%2C+NY,https://www.google.com/maps/search/?api=1&query=40.84260178%2C-73.93430328,pending,False,,,2151666,http://www.nycgovparks.org/events/2026/07/24/cardio-circuit-blast
102,cardio circuit blast|2026-07-25,Cardio Circuit Blast,2026-07-25T10:00 am,Dance Room (in Thomas Jefferson Park),,40.79349899,-73.93669891,True,True,https://www.google.com/maps/search/?api=1&query=Dance+Room+%28in+Thomas+Jefferson+Park%29%2C+New+York%2C+NY,https://www.google.com/maps/search/?api=1&query=40.79349899%2C-73.93669891,pending,False,,,2179055,http://www.nycgovparks.org/events/2026/07/25/cardio-circuit-blast
103,cardio dance|2026-07-20,Cardio Dance,2026-07-20T6:00 pm,NYPL - Hamilton Grange Library,,40.8256848,-73.9480598,True,True,https://www.google.com/maps/search/?api=1&query=NYPL+-+Hamilton+Grange+Library%2C+New+York%2C+NY,https://www.google.com/maps/search/?api=1&query=40.8256848%2C-73.9480598,pending,False,,,2115826,http://www.nycgovparks.org/events/2026/07/20/cardio-dance
104,cardio dance|2026-07-21,Cardio Dance,2026-07-21T4:30 pm,Dance Room (in Jackie Robinson Park),,40.82419968,-73.94249725,True,True,https://www.google.com/maps/search/?api=1&query=Dance+Room+%28in+Jackie+Robinson+Park%29%2C+New+York%2C+NY,https://www.google.com/maps/search/?api=1&query=40.82419968%2C-73.94249725,pending,False,,,2195027,http://www.nycgovparks.org/events/2026/07/21/cardio-dance
105,cardio dance|2026-07-27,Cardio Dance,2026-07-27T6:00 pm,NYPL - Hamilton Grange Library,,40.8256848,-73.9480598,True,True,https://www.google.com/maps/search/?api=1&query=NYPL+-+Hamilton+Grange+Library%2C+New+York%2C+NY,https://www.google.com/maps/search/?api=1&query=40.8256848%2C-73.9480598,pending,False,,,2124424,http://www.nycgovparks.org/events/2026/07/27/cardio-dance
106,cardio sculpt|2026-07-16,Cardio Sculpt,2026-07-16T11:00 am,Queensbridge Park House (in Queensbridge Park),,40.755045994592,-73.949578225613,True,True,https://www.google.com/maps/search/?api=1&query=Queensbridge+Park+House+%28in+Queensbridge+Park%29%2C+New+York%2C+NY,https://www.google.com/maps/search/?api=1&query=40.755045994592%2C-73.949578225613,pending,False,,,2205519,http://www.nycgovparks.org/events/2026/07/16/cardio-sculpt1
107,cardio sculpt|2026-07-17,Cardio Sculpt,2026-07-17T9:00 am,Athletic Courts (in Torsney Playground),,40.747336617996,-73.921119214382,True,True,https://www.google.com/maps/search/?api=1&query=Athletic+Courts+%28in+Torsney+Playground%29%2C+New+York%2C+NY,https://www.google.com/maps/search/?api=1&query=40.747336617996%2C-73.921119214382,pending,False,,,2161449,http://www.nycgovparks.org/events/2026/07/17/cardio-sculpt
108,cardio sculpt|2026-07-20,Cardio Sculpt,2026-07-20T9:00 am,Athletic Courts (in Torsney Playground),,40.747336617996,-73.921119214382,True,True,https://www.google.com/maps/search/?api=1&query=Athletic+Courts+%28in+Torsney+Playground%29%2C+New+York%2C+NY,https://www.google.com/maps/search/?api=1&query=40.747336617996%2C-73.921119214382,pending,False,,,2161748,http://www.nycgovparks.org/events/2026/07/20/cardio-sculpt
109,cardio sculpt|2026-07-21,Cardio Sculpt,2026-07-21T11:00 am,Queensbridge Park House (in Queensbridge Park),,40.755045994592,-73.949578225613,True,True,https://www.google.com/maps/search/?api=1&query=Queensbridge+Park+House+%28in+Queensbridge+Park%29%2C+New+York%2C+NY,https://www.google.com/maps/search/?api=1&query=40.755045994592%2C-73.949578225613,pending,False,,,2205582,http://www.nycgovparks.org/events/2026/07/21/cardio-sculpt
110,cardio sculpt|2026-07-22,Cardio Sculpt,2026-07-22T9:00 am,Athletic Courts (in Torsney Playground),,40.747336617996,-73.921119214382,True,True,https://www.google.com/maps/search/?api=1&query=Athletic+Courts+%28in+Torsney+Playground%29%2C+New+York%2C+NY,https://www.google.com/maps/search/?api=1&query=40.747336617996%2C-73.921119214382,pending,False,,,2161612,http://www.nycgovparks.org/events/2026/07/22/cardio-sculpt
111,cardio sculpt|2026-07-23,Cardio Sculpt,2026-07-23T11:00 am,Queensbridge Park House (in Queensbridge Park),,40.755045994592,-73.949578225613,True,True,https://www.google.com/maps/search/?api=1&query=Queensbridge+Park+House+%28in+Queensbridge+Park%29%2C+New+York%2C+NY,https://www.google.com/maps/search/?api=1&query=40.755045994592%2C-73.949578225613,pending,False,,,2205603,http://www.nycgovparks.org/events/2026/07/23/cardio-sculpt1
112,cardio sculpt|2026-07-24,Cardio Sculpt,2026-07-24T9:00 am,Athletic Courts (in Torsney Playground),,40.747336617996,-73.921119214382,True,True,https://www.google.com/maps/search/?api=1&query=Athletic+Courts+%28in+Torsney+Playground%29%2C+New+York%2C+NY,https://www.google.com/maps/search/?api=1&query=40.747336617996%2C-73.921119214382,pending,False,,,2161943,http://www.nycgovparks.org/events/2026/07/24/cardio-sculpt
113,cardio sculpt|2026-07-27,Cardio Sculpt,2026-07-27T9:00 am,Athletic Courts (in Torsney Playground),,40.747336617996,-73.921119214382,True,True,https://www.google.com/maps/search/?api=1&query=Athletic+Courts+%28in+Torsney+Playground%29%2C+New+York%2C+NY,https://www.google.com/maps/search/?api=1&query=40.747336617996%2C-73.921119214382,pending,False,,,2161683,http://www.nycgovparks.org/events/2026/07/27/cardio-sculpt
114,caribbean dance fitness|2026-07-22,Caribbean Dance Fitness,2026-07-22T6:00 pm,NYC Department of Health and Mental Hygiene- East Harlem Neighborhood Health Action Center,,40.797615,-73.9419066,True,True,https://www.google.com/maps/search/?api=1&query=NYC+Department+of+Health+and+Mental+Hygiene-+East+Harlem+Neighborhood+Health+Action+Center%2C+New+York%2C+NY,https://www.google.com/maps/search/?api=1&query=40.797615%2C-73.9419066,pending,False,,,2198616,http://www.nycgovparks.org/events/2026/07/22/caribbean-dance-fitness
115,caribeando community music and dance workshop|2026-07-18,Caribeando Community Music and Dance Workshop,2026-07-18T3:00 pm,Enslaved Burial Ground (in Van Cortlandt Park),,40.8916015625,-73.89289855957,True,True,https://www.google.com/maps/search/?api=1&query=Enslaved+Burial+Ground+%28in+Van+Cortlandt+Park%29%2C+New+York%2C+NY,https://www.google.com/maps/search/?api=1&query=40.8916015625%2C-73.89289855957,pending,False,,,2190742,http://www.nycgovparks.org/events/2026/07/18/caribeando-community-music-and-dance-workshop
116,carousel grab n go seaside bead bracelets|2026-07-23,Carousel Grab n Go - Seaside Bead Bracelets,2026-07-23T11:00 am,1 Eton Place (in Willowbrook Park),,40.60414505004883,-74.16001892089844,True,True,https://www.google.com/maps/search/?api=1&query=1+Eton+Place+%28in+Willowbrook+Park%29%2C+New+York%2C+NY,https://www.google.com/maps/search/?api=1&query=40.60414505004883%2C-74.16001892089844,pending,False,,,2209841,http://www.nycgovparks.org/events/2026/07/23/carousel-grab-n-go-seaside-bead-bracelets
117,catch and release fishing|2026-07-19,Catch-and-Release Fishing,2026-07-19T1:00 pm,Brooklyn Bridge Park,,40.700099945068,-73.997299194336,True,False,https://www.google.com/maps/search/?api=1&query=Brooklyn+Bridge+Park%2C+New+York%2C+NY,https://www.google.com/maps/search/?api=1&query=40.700099945068%2C-73.997299194336,pending,False,,,2211312,http://www.nycgovparks.org/events/2026/07/19/catchandrelease-fishing
118,celebrate marine park s history|2026-07-25,Celebrate Marine Park's history,2026-07-25T1:30 pm,Salt Marsh Nature Center (in Marine Park),,40.604698181152344,-73.92980194091797,True,True,https://www.google.com/maps/search/?api=1&query=Salt+Marsh+Nature+Center+%28in+Marine+Park%29%2C+New+York%2C+NY,https://www.google.com/maps/search/?api=1&query=40.604698181152344%2C-73.92980194091797,pending,False,,,2153124,http://www.nycgovparks.org/events/2026/07/25/celebrate-marine-parks-history
119,celebrate shorebirds|2026-07-25,Celebrate Shorebirds,2026-07-25T12:00 pm,Boardwalk at Beach 60th Street (in Rockaway Beach and Boardwalk),,40.588275354362,-73.789541244507,True,True,https://www.google.com/maps/search/?api=1&query=Boardwalk+at+Beach+60th+Street+%28in+Rockaway+Beach+and+Boardwalk%29%2C+New+York%2C+NY,https://www.google.com/maps/search/?api=1&query=40.588275354362%2C-73.789541244507,pending,False,,,2195680,http://www.nycgovparks.org/events/2026/07/25/celebrate-shorebirds
120,chair yoga at greeley square park|2026-07-22,Chair Yoga at Greeley Square Park,2026-07-22T11:00 am,Greeley Square Park,,40.748642685667,-73.988085303512,True,True,https://www.google.com/maps/search/?api=1&query=Greeley+Square+Park%2C+New+York%2C+NY,https://www.google.com/maps/search/?api=1&query=40.748642685667%2C-73.988085303512,pending,False,,,2173464,http://www.nycgovparks.org/events/2026/07/22/chair-yoga-at-greeley-square-park
121,chair yoga|2026-07-18,Chair Yoga,2026-07-18T12:00 pm,Ballroom (in John J Carty Park),,40.61333466,-74.02997589,True,True,https://www.google.com/maps/search/?api=1&query=Ballroom+%28in+John+J+Carty+Park%29%2C+New+York%2C+NY,https://www.google.com/maps/search/?api=1&query=40.61333466%2C-74.02997589,pending,False,,,2156384,http://www.nycgovparks.org/events/2026/07/18/chair-yoga
122,chair yoga|2026-07-20,Chair Yoga,2026-07-20T5:00 pm,NYPL - Eastchester Library,,40.869995298193,-73.844834804535,True,True,https://www.google.com/maps/search/?api=1&query=NYPL+-+Eastchester+Library%2C+New+York%2C+NY,https://www.google.com/maps/search/?api=1&query=40.869995298193%2C-73.844834804535,pending,False,,,2131898,http://www.nycgovparks.org/events/2026/07/20/chair-yoga1
123,chair yoga|2026-07-25,Chair Yoga,2026-07-25T12:00 pm,Ballroom (in John J Carty Park),,40.61333466,-74.02997589,True,True,https://www.google.com/maps/search/?api=1&query=Ballroom+%28in+John+J+Carty+Park%29%2C+New+York%2C+NY,https://www.google.com/maps/search/?api=1&query=40.61333466%2C-74.02997589,pending,False,,,2156610,http://www.nycgovparks.org/events/2026/07/25/chair-yoga
124,chair yoga|2026-07-27,Chair Yoga,2026-07-27T5:00 pm,NYPL - Eastchester Library,,40.869995298193,-73.844834804535,True,True,https://www.google.com/maps/search/?api=1&query=NYPL+-+Eastchester+Library%2C+New+York%2C+NY,https://www.google.com/maps/search/?api=1&query=40.869995298193%2C-73.844834804535,pending,False,,,2131988,http://www.nycgovparks.org/events/2026/07/27/chair-yoga1
125,circus arts in herald square park|2026-07-22,Circus Arts in Herald Square Park,2026-07-22T6:00 pm,Herald Square,,40.75046368599,-73.987603574991,True,True,https://www.google.com/maps/search/?api=1&query=Herald+Square%2C+New+York%2C+NY,https://www.google.com/maps/search/?api=1&query=40.75046368599%2C-73.987603574991,pending,False,,,2201617,http://www.nycgovparks.org/events/2026/07/22/circus-arts-in-herald-square-park
126,city of water day at kaiser park|2026-07-25,City of Water Day at Kaiser Park,2026-07-25T10:00 am,Kaiser Park Beach (in Kaiser Park),,40.580554782579,-73.998182935015,True,True,https://www.google.com/maps/search/?api=1&query=Kaiser+Park+Beach+%28in+Kaiser+Park%29%2C+New+York%2C+NY,https://www.google.com/maps/search/?api=1&query=40.580554782579%2C-73.998182935015,pending,False,,,2190841,http://www.nycgovparks.org/events/2026/07/25/city-of-water-day-at-kaiser-park
127,city of water day at sunset cove park|2026-07-25,City of Water Day at Sunset Cove Park,2026-07-25T10:00 am,Sunset Cove,,40.597549234987,-73.821783635057,True,True,https://www.google.com/maps/search/?api=1&query=Sunset+Cove%2C+New+York%2C+NY,https://www.google.com/maps/search/?api=1&query=40.597549234987%2C-73.821783635057,pending,False,,,2190860,http://www.nycgovparks.org/events/2026/07/25/city-of-water-day-at-sunset-cove-park
128,city of water day boardwalk tidal tales|2026-07-25,City of Water Day: Boardwalk Tidal Tales,2026-07-25T11:00 am,Poseidon Playground,,40.5724691269,-73.9920932268,True,True,https://www.google.com/maps/search/?api=1&query=Poseidon+Playground%2C+New+York%2C+NY,https://www.google.com/maps/search/?api=1&query=40.5724691269%2C-73.9920932268,pending,False,,,2178945,http://www.nycgovparks.org/events/2026/07/25/city-of-water-day-boardwalk-tidal-tales
129,city of water day salt marsh exploration|2026-07-25,City of Water Day: Salt Marsh Exploration,2026-07-25T1:00 pm,West 218th Street and Indian Road (in Inwood Hill Park),,40.873013267738,-73.918452858924,True,True,https://www.google.com/maps/search/?api=1&query=West+218th+Street+and+Indian+Road+%28in+Inwood+Hill+Park%29%2C+New+York%2C+NY,https://www.google.com/maps/search/?api=1&query=40.873013267738%2C-73.918452858924,pending,False,,,2178982,http://www.nycgovparks.org/events/2026/07/25/city-of-water-day-salt-marsh-exploration
130,city of water day saltwater fishing|2026-07-25,City of Water Day: Saltwater Fishing,2026-07-25T11:00 am,Entrance-West Street and Greenpoint Avenue (in WNYC Transmitter Park),,40.729591612081,-73.960241913795,True,True,https://www.google.com/maps/search/?api=1&query=Entrance-West+Street+and+Greenpoint+Avenue+%28in+WNYC+Transmitter+Park%29%2C+New+York%2C+NY,https://www.google.com/maps/search/?api=1&query=40.729591612081%2C-73.960241913795,pending,False,,,2178950,http://www.nycgovparks.org/events/2026/07/25/city-of-water-day-saltwater-fishing
131,city of water day silver lake|2026-07-25,City of Water Day: Silver Lake,2026-07-25T11:00 am,Forest Avenue and Silver Lake Park Road (in Silver Lake Park),,40.63159291279,-74.095857262611,True,True,https://www.google.com/maps/search/?api=1&query=Forest+Avenue+and+Silver+Lake+Park+Road+%28in+Silver+Lake+Park%29%2C+New+York%2C+NY,https://www.google.com/maps/search/?api=1&query=40.63159291279%2C-74.095857262611,pending,False,,,2179139,http://www.nycgovparks.org/events/2026/07/25/city-of-water-day-silver-lake
132,city of water day soundview park guided walk|2026-07-25,City of Water Day: Soundview Park Guided Walk,2026-07-25T10:00 am,Soundview Park,,40.817046572027,-73.87446308136,True,True,https://www.google.com/maps/search/?api=1&query=Soundview+Park%2C+New+York%2C+NY,https://www.google.com/maps/search/?api=1&query=40.817046572027%2C-73.87446308136,pending,False,,,2190757,http://www.nycgovparks.org/events/2026/07/25/city-of-water-day-soundview-park-guided-walk
133,city of water day with friends of inwood hill park|2026-07-25,City of Water Day with Friends of Inwood Hill Park,2026-07-25T10:00 am,Inwood Hill Nature Center (in Inwood Hill Park),,40.874000549316406,-73.92009735107422,True,True,https://www.google.com/maps/search/?api=1&query=Inwood+Hill+Nature+Center+%28in+Inwood+Hill+Park%29%2C+New+York%2C+NY,https://www.google.com/maps/search/?api=1&query=40.874000549316406%2C-73.92009735107422,pending,False,,,2208552,http://www.nycgovparks.org/events/2026/07/25/city-of-water-day-with-friends-of-inwood-hill-park
134,citywide nursery gardening|2026-07-22,Citywide Nursery Gardening,2026-07-22T9:00 am,Citywide Nursery,,40.901997013113,-73.8683008,True,True,https://www.google.com/maps/search/?api=1&query=Citywide+Nursery%2C+New+York%2C+NY,https://www.google.com/maps/search/?api=1&query=40.901997013113%2C-73.8683008,pending,False,,,2189172,http://www.nycgovparks.org/events/2026/07/22/citywide-nursery-gardening
135,claremont pool lap swim|2026-07-16,Claremont Pool: Lap Swim,2026-07-16T7:00 am,Main Pool (in Claremont Park),,40.83721,-73.907983,True,True,https://www.google.com/maps/search/?api=1&query=Main+Pool+%28in+Claremont+Park%29%2C+New+York%2C+NY,https://www.google.com/maps/search/?api=1&query=40.83721%2C-73.907983,pending,False,,,2203422,http://www.nycgovparks.org/events/2026/07/16/claremont-pool-lap-swim
136,claremont pool lap swim|2026-07-17,Claremont Pool: Lap Swim,2026-07-17T7:00 am,Main Pool (in Claremont Park),,40.83721,-73.907983,True,True,https://www.google.com/maps/search/?api=1&query=Main+Pool+%28in+Claremont+Park%29%2C+New+York%2C+NY,https://www.google.com/maps/search/?api=1&query=40.83721%2C-73.907983,pending,False,,,2203410,http://www.nycgovparks.org/events/2026/07/17/claremont-pool-lap-swim
137,claremont pool lap swim|2026-07-20,Claremont Pool: Lap Swim,2026-07-20T7:00 am,Main Pool (in Claremont Park),,40.83721,-73.907983,True,True,https://www.google.com/maps/search/?api=1&query=Main+Pool+%28in+Claremont+Park%29%2C+New+York%2C+NY,https://www.google.com/maps/search/?api=1&query=40.83721%2C-73.907983,pending,False,,,2203601,http://www.nycgovparks.org/events/2026/07/20/claremont-pool-lap-swim
138,claremont pool lap swim|2026-07-21,Claremont Pool: Lap Swim,2026-07-21T7:00 am,Main Pool (in Claremont Park),,40.83721,-73.907983,True,True,https://www.google.com/maps/search/?api=1&query=Main+Pool+%28in+Claremont+Park%29%2C+New+York%2C+NY,https://www.google.com/maps/search/?api=1&query=40.83721%2C-73.907983,pending,False,,,2203649,http://www.nycgovparks.org/events/2026/07/21/claremont-pool-lap-swim
139,claremont pool lap swim|2026-07-22,Claremont Pool: Lap Swim,2026-07-22T7:00 am,Main Pool (in Claremont Park),,40.83721,-73.907983,True,True,https://www.google.com/maps/search/?api=1&query=Main+Pool+%28in+Claremont+Park%29%2C+New+York%2C+NY,https://www.google.com/maps/search/?api=1&query=40.83721%2C-73.907983,pending,False,,,2203758,http://www.nycgovparks.org/events/2026/07/22/claremont-pool-lap-swim
140,claremont pool lap swim|2026-07-23,Claremont Pool: Lap Swim,2026-07-23T7:00 am,Main Pool (in Claremont Park),,40.83721,-73.907983,True,True,https://www.google.com/maps/search/?api=1&query=Main+Pool+%28in+Claremont+Park%29%2C+New+York%2C+NY,https://www.google.com/maps/search/?api=1&query=40.83721%2C-73.907983,pending,False,,,2203513,http://www.nycgovparks.org/events/2026/07/23/claremont-pool-lap-swim
141,claremont pool lap swim|2026-07-24,Claremont Pool: Lap Swim,2026-07-24T7:00 am,Main Pool (in Claremont Park),,40.83721,-73.907983,True,True,https://www.google.com/maps/search/?api=1&query=Main+Pool+%28in+Claremont+Park%29%2C+New+York%2C+NY,https://www.google.com/maps/search/?api=1&query=40.83721%2C-73.907983,pending,False,,,2203648,http://www.nycgovparks.org/events/2026/07/24/claremont-pool-lap-swim
142,claremont pool lap swim|2026-07-27,Claremont Pool: Lap Swim,2026-07-27T7:00 am,Main Pool (in Claremont Park),,40.83721,-73.907983,True,True,https://www.google.com/maps/search/?api=1&query=Main+Pool+%28in+Claremont+Park%29%2C+New+York%2C+NY,https://www.google.com/maps/search/?api=1&query=40.83721%2C-73.907983,pending,False,,,2203709,http://www.nycgovparks.org/events/2026/07/27/claremont-pool-lap-swim
143,colors from the garden natural plant dyeing|2026-07-18,Colors from the Garden: Natural Plant Dyeing,2026-07-18T2:00 pm,Harlem Grown 134th Street Farm,,40.8140187,-73.9427287,True,True,https://www.google.com/maps/search/?api=1&query=Harlem+Grown+134th+Street+Farm%2C+New+York%2C+NY,https://www.google.com/maps/search/?api=1&query=40.8140187%2C-73.9427287,pending,False,,,2179629,http://www.nycgovparks.org/events/2026/07/18/colors-from-the-garden-natural-plant-dyeing
144,community paddle at concrete plant park|2026-07-18,Community Paddle at Concrete Plant Park,2026-07-18T11:00 am,Concrete Plant Park,,40.826900482177734,-73.88480377197266,True,True,https://www.google.com/maps/search/?api=1&query=Concrete+Plant+Park%2C+New+York%2C+NY,https://www.google.com/maps/search/?api=1&query=40.826900482177734%2C-73.88480377197266,pending,False,,,2180012,http://www.nycgovparks.org/events/2026/07/18/community-paddle-at-concrete-plant-park
145,community work day|2026-07-25,Community Work Day,2026-07-25T11:00 am,Wyckoff Farmhouse Museum (in Fidler-Wyckoff House Park),,40.644317626953125,-73.9207763671875,True,True,https://www.google.com/maps/search/?api=1&query=Wyckoff+Farmhouse+Museum+%28in+Fidler-Wyckoff+House+Park%29%2C+New+York%2C+NY,https://www.google.com/maps/search/?api=1&query=40.644317626953125%2C-73.9207763671875,pending,False,,,2189943,http://www.nycgovparks.org/events/2026/07/25/community-work-day
146,cooking on the farm|2026-07-25,Cooking on the Farm,2026-07-25T1:00 pm,Urban Farm (in Randall's Island Park),,40.784213892023,-73.925898551941,True,True,https://www.google.com/maps/search/?api=1&query=Urban+Farm+%28in+Randall%27s+Island+Park%29%2C+New+York%2C+NY,https://www.google.com/maps/search/?api=1&query=40.784213892023%2C-73.925898551941,pending,False,,,2201743,http://www.nycgovparks.org/events/2026/07/25/cooking-on-the-farm
147,crotona pool swim team training|2026-07-16,Crotona Pool: Swim Team Training,2026-07-16T2:00 pm,Main Pool (in Crotona Park),,40.840685,-73.89828,True,True,https://www.google.com/maps/search/?api=1&query=Main+Pool+%28in+Crotona+Park%29%2C+New+York%2C+NY,https://www.google.com/maps/search/?api=1&query=40.840685%2C-73.89828,pending,False,,,2188217,http://www.nycgovparks.org/events/2026/07/16/crotona-pool-swim-team-training
148,crotona pool swim team training|2026-07-21,Crotona Pool: Swim Team Training,2026-07-21T2:00 pm,Main Pool (in Crotona Park),,40.840685,-73.89828,True,True,https://www.google.com/maps/search/?api=1&query=Main+Pool+%28in+Crotona+Park%29%2C+New+York%2C+NY,https://www.google.com/maps/search/?api=1&query=40.840685%2C-73.89828,pending,False,,,2188148,http://www.nycgovparks.org/events/2026/07/21/crotona-pool-swim-team-training
149,crotona pool swim team training|2026-07-23,Crotona Pool: Swim Team Training,2026-07-23T2:00 pm,Main Pool (in Crotona Park),,40.840685,-73.89828,True,True,https://www.google.com/maps/search/?api=1&query=Main+Pool+%28in+Crotona+Park%29%2C+New+York%2C+NY,https://www.google.com/maps/search/?api=1&query=40.840685%2C-73.89828,pending,False,,,2188141,http://www.nycgovparks.org/events/2026/07/23/crotona-pool-swim-team-training
150,dance fitness beats|2026-07-22,Dance Fitness Beats,2026-07-22T6:00 pm,Hudson Guild Fulton Community Center,,40.74329634805,-74.004046916962,True,True,https://www.google.com/maps/search/?api=1&query=Hudson+Guild+Fulton+Community+Center%2C+New+York%2C+NY,https://www.google.com/maps/search/?api=1&query=40.74329634805%2C-74.004046916962,pending,False,,,2161058,http://www.nycgovparks.org/events/2026/07/22/dance-fitness-beats
151,dance fitness energize|2026-07-22,Dance Fitness Energize,2026-07-22T6:00 pm,Brownsville Neighborhood Health Action Center,,40.6646618,-73.9111354,True,True,https://www.google.com/maps/search/?api=1&query=Brownsville+Neighborhood+Health+Action+Center%2C+New+York%2C+NY,https://www.google.com/maps/search/?api=1&query=40.6646618%2C-73.9111354,pending,False,,,2161639,http://www.nycgovparks.org/events/2026/07/22/dance-fitness-energize
152,dance fitness fiesta|2026-07-22,Dance Fitness Fiesta,2026-07-22T6:00 pm,Multi-Use Room A (in Rochdale Park),,40.67413632713,-73.775010301575,True,True,https://www.google.com/maps/search/?api=1&query=Multi-Use+Room+A+%28in+Rochdale+Park%29%2C+New+York%2C+NY,https://www.google.com/maps/search/?api=1&query=40.67413632713%2C-73.775010301575,pending,False,,,2124523,http://www.nycgovparks.org/events/2026/07/22/dance-fitness-fiesta
153,dance fitness upbeat pop|2026-07-18,Dance Fitness- Upbeat Pop!,2026-07-18T10:00 am,Audubon Center at the Boathouse (in Prospect Park),,40.660701751709,-73.965400695801,True,True,https://www.google.com/maps/search/?api=1&query=Audubon+Center+at+the+Boathouse+%28in+Prospect+Park%29%2C+New+York%2C+NY,https://www.google.com/maps/search/?api=1&query=40.660701751709%2C-73.965400695801,pending,False,,,2157140,http://www.nycgovparks.org/events/2026/07/18/dance-fitness-upbeat-pop
154,dance fitness upbeat pop|2026-07-25,Dance Fitness- Upbeat Pop!,2026-07-25T10:00 am,Audubon Center at the Boathouse (in Prospect Park),,40.660701751709,-73.965400695801,True,True,https://www.google.com/maps/search/?api=1&query=Audubon+Center+at+the+Boathouse+%28in+Prospect+Park%29%2C+New+York%2C+NY,https://www.google.com/maps/search/?api=1&query=40.660701751709%2C-73.965400695801,pending,False,,,2157160,http://www.nycgovparks.org/events/2026/07/25/dance-fitness-upbeat-pop
155,dance fitness world wide beats|2026-07-22,Dance Fitness World-Wide Beats,2026-07-22T6:00 pm,Astoria Love Family Enrichment Center,,40.764049476746,-73.924003243447,True,True,https://www.google.com/maps/search/?api=1&query=Astoria+Love+Family+Enrichment+Center%2C+New+York%2C+NY,https://www.google.com/maps/search/?api=1&query=40.764049476746%2C-73.924003243447,pending,False,,,2198798,http://www.nycgovparks.org/events/2026/07/22/dance-fitness-worldwide-beats
156,dance fitness|2026-07-16,Dance Fitness,2026-07-16T7:00 pm,Dance Room (in Nostrand Playground),,40.637883828414,-73.946818290168,True,True,https://www.google.com/maps/search/?api=1&query=Dance+Room+%28in+Nostrand+Playground%29%2C+New+York%2C+NY,https://www.google.com/maps/search/?api=1&query=40.637883828414%2C-73.946818290168,pending,False,,,2169570,http://www.nycgovparks.org/events/2026/07/16/dance-fitness
157,dance fitness|2026-07-18,Dance Fitness,2026-07-18T11:00 am,125th Street and Marginal Street (in West Harlem Piers),,40.8188362121582,-73.9609146118164,True,True,https://www.google.com/maps/search/?api=1&query=125th+Street+and+Marginal+Street+%28in+West+Harlem+Piers%29%2C+New+York%2C+NY,https://www.google.com/maps/search/?api=1&query=40.8188362121582%2C-73.9609146118164,pending,False,,,2159861,http://www.nycgovparks.org/events/2026/07/18/dance-fitness
158,dance fitness|2026-07-23,Dance Fitness,2026-07-23T7:00 pm,Dance Room (in Nostrand Playground),,40.637883828414,-73.946818290168,True,True,https://www.google.com/maps/search/?api=1&query=Dance+Room+%28in+Nostrand+Playground%29%2C+New+York%2C+NY,https://www.google.com/maps/search/?api=1&query=40.637883828414%2C-73.946818290168,pending,False,,,2169563,http://www.nycgovparks.org/events/2026/07/23/dance-fitness
159,dance fitness|2026-07-25,Dance Fitness,2026-07-25T11:00 am,125th Street and Marginal Street (in West Harlem Piers),,40.8188362121582,-73.9609146118164,True,True,https://www.google.com/maps/search/?api=1&query=125th+Street+and+Marginal+Street+%28in+West+Harlem+Piers%29%2C+New+York%2C+NY,https://www.google.com/maps/search/?api=1&query=40.8188362121582%2C-73.9609146118164,pending,False,,,2159850,http://www.nycgovparks.org/events/2026/07/25/dance-fitness1
160,dance fusion|2026-07-16,Dance Fusion,2026-07-16T6:30 pm,Gymnasium (in Julio Carballo Fields),,40.814910128999,-73.889116707316,True,False,https://www.google.com/maps/search/?api=1&query=Gymnasium+%28in+Julio+Carballo+Fields%29%2C+New+York%2C+NY,https://www.google.com/maps/search/?api=1&query=40.814910128999%2C-73.889116707316,pending,False,,,2211477,http://www.nycgovparks.org/events/2026/07/16/dance-fusion
161,dance fusion|2026-07-23,Dance Fusion,2026-07-23T6:30 pm,Gymnasium (in Julio Carballo Fields),,40.814910128999,-73.889116707316,True,False,https://www.google.com/maps/search/?api=1&query=Gymnasium+%28in+Julio+Carballo+Fields%29%2C+New+York%2C+NY,https://www.google.com/maps/search/?api=1&query=40.814910128999%2C-73.889116707316,pending,False,,,2211482,http://www.nycgovparks.org/events/2026/07/23/dance-fusion
162,dance in the park merengue|2026-07-25,Dance in the Park: Merengue,2026-07-25T11:00 am,East River Picnic Area (in Randall's Island Park),,40.783056947393,-73.933829307556,True,True,https://www.google.com/maps/search/?api=1&query=East+River+Picnic+Area+%28in+Randall%27s+Island+Park%29%2C+New+York%2C+NY,https://www.google.com/maps/search/?api=1&query=40.783056947393%2C-73.933829307556,pending,False,,,2201716,http://www.nycgovparks.org/events/2026/07/25/dance-in-the-park-merengue
163,disability pride month accessible art tour|2026-07-18,Disability Pride Month: Accessible Art Tour,2026-07-18T12:00 pm,The Carousel (in Prospect Park),,40.663700103759766,-73.96419525146484,True,True,https://www.google.com/maps/search/?api=1&query=The+Carousel+%28in+Prospect+Park%29%2C+New+York%2C+NY,https://www.google.com/maps/search/?api=1&query=40.663700103759766%2C-73.96419525146484,pending,False,,,2178953,http://www.nycgovparks.org/events/2026/07/18/disability-pride-month-accessible-art-tour
164,discovery hike staten island s shoreline|2026-07-26,Discovery Hike: Staten Island's Shoreline,2026-07-26T11:00 am,Chester Avenue and Huguenot Avenue (in Wolfe's Pond Park),,40.520599365234,-74.18399810791,True,True,https://www.google.com/maps/search/?api=1&query=Chester+Avenue+and+Huguenot+Avenue+%28in+Wolfe%27s+Pond+Park%29%2C+New+York%2C+NY,https://www.google.com/maps/search/?api=1&query=40.520599365234%2C-74.18399810791,pending,False,,,2179147,http://www.nycgovparks.org/events/2026/07/26/discovery-hike-staten-islands-shoreline
165,double dutch|2026-07-16,Double Dutch,2026-07-16T5:30 pm,Garibaldi Plaza (in Washington Square Park),,40.730499267578125,-73.99700164794922,True,True,https://www.google.com/maps/search/?api=1&query=Garibaldi+Plaza+%28in+Washington+Square+Park%29%2C+New+York%2C+NY,https://www.google.com/maps/search/?api=1&query=40.730499267578125%2C-73.99700164794922,pending,False,,,2189925,http://www.nycgovparks.org/events/2026/07/16/double-dutch1
166,double dutch|2026-07-23,Double Dutch,2026-07-23T5:30 pm,Garibaldi Plaza (in Washington Square Park),,40.730499267578125,-73.99700164794922,True,True,https://www.google.com/maps/search/?api=1&query=Garibaldi+Plaza+%28in+Washington+Square+Park%29%2C+New+York%2C+NY,https://www.google.com/maps/search/?api=1&query=40.730499267578125%2C-73.99700164794922,pending,False,,,2189926,http://www.nycgovparks.org/events/2026/07/23/double-dutch1
167,earthing in my city|2026-07-19,Earthing in My City,2026-07-19T1:00 pm,Success Garden - East New York,,40.6648739,-73.8975101,True,True,https://www.google.com/maps/search/?api=1&query=Success+Garden+-+East+New+York%2C+New+York%2C+NY,https://www.google.com/maps/search/?api=1&query=40.6648739%2C-73.8975101,pending,False,,,2110696,http://www.nycgovparks.org/events/2026/07/19/earthing-in-my-city
168,eibs pond park forest restoration|2026-07-18,Eibs Pond Park Forest Restoration,2026-07-18T10:00 am,Eibs Pond Park,,40.611000061035156,-74.0824966430664,True,True,https://www.google.com/maps/search/?api=1&query=Eibs+Pond+Park%2C+New+York%2C+NY,https://www.google.com/maps/search/?api=1&query=40.611000061035156%2C-74.0824966430664,pending,False,,,2189171,http://www.nycgovparks.org/events/2026/07/18/eibs-pond-park-forest-restoration
169,faber pool lap swim|2026-07-16,Faber Pool: Lap Swim,2026-07-16T7:00 am,Faber Pool (in Faber Pool and Park),,40.641190674648,-74.135482956731,True,True,https://www.google.com/maps/search/?api=1&query=Faber+Pool+%28in+Faber+Pool+and+Park%29%2C+New+York%2C+NY,https://www.google.com/maps/search/?api=1&query=40.641190674648%2C-74.135482956731,pending,False,,,2203559,http://www.nycgovparks.org/events/2026/07/16/faber-pool-lap-swim1
170,faber pool lap swim|2026-07-17,Faber Pool: Lap Swim,2026-07-17T7:00 am,Faber Pool (in Faber Pool and Park),,40.641190674648,-74.135482956731,True,True,https://www.google.com/maps/search/?api=1&query=Faber+Pool+%28in+Faber+Pool+and+Park%29%2C+New+York%2C+NY,https://www.google.com/maps/search/?api=1&query=40.641190674648%2C-74.135482956731,pending,False,,,2203453,http://www.nycgovparks.org/events/2026/07/17/faber-pool-lap-swim1
171,faber pool lap swim|2026-07-20,Faber Pool: Lap Swim,2026-07-20T7:00 am,Faber Pool (in Faber Pool and Park),,40.641190674648,-74.135482956731,True,True,https://www.google.com/maps/search/?api=1&query=Faber+Pool+%28in+Faber+Pool+and+Park%29%2C+New+York%2C+NY,https://www.google.com/maps/search/?api=1&query=40.641190674648%2C-74.135482956731,pending,False,,,2203333,http://www.nycgovparks.org/events/2026/07/20/faber-pool-lap-swim1
172,faber pool lap swim|2026-07-21,Faber Pool: Lap Swim,2026-07-21T7:00 am,Faber Pool (in Faber Pool and Park),,40.641190674648,-74.135482956731,True,True,https://www.google.com/maps/search/?api=1&query=Faber+Pool+%28in+Faber+Pool+and+Park%29%2C+New+York%2C+NY,https://www.google.com/maps/search/?api=1&query=40.641190674648%2C-74.135482956731,pending,False,,,2203481,http://www.nycgovparks.org/events/2026/07/21/faber-pool-lap-swim1
173,faber pool lap swim|2026-07-22,Faber Pool: Lap Swim,2026-07-22T7:00 am,Faber Pool (in Faber Pool and Park),,40.641190674648,-74.135482956731,True,True,https://www.google.com/maps/search/?api=1&query=Faber+Pool+%28in+Faber+Pool+and+Park%29%2C+New+York%2C+NY,https://www.google.com/maps/search/?api=1&query=40.641190674648%2C-74.135482956731,pending,False,,,2203310,http://www.nycgovparks.org/events/2026/07/22/faber-pool-lap-swim1
174,faber pool lap swim|2026-07-23,Faber Pool: Lap Swim,2026-07-23T7:00 am,Faber Pool (in Faber Pool and Park),,40.641190674648,-74.135482956731,True,True,https://www.google.com/maps/search/?api=1&query=Faber+Pool+%28in+Faber+Pool+and+Park%29%2C+New+York%2C+NY,https://www.google.com/maps/search/?api=1&query=40.641190674648%2C-74.135482956731,pending,False,,,2203671,http://www.nycgovparks.org/events/2026/07/23/faber-pool-lap-swim1
175,faber pool lap swim|2026-07-24,Faber Pool: Lap Swim,2026-07-24T7:00 am,Faber Pool (in Faber Pool and Park),,40.641190674648,-74.135482956731,True,True,https://www.google.com/maps/search/?api=1&query=Faber+Pool+%28in+Faber+Pool+and+Park%29%2C+New+York%2C+NY,https://www.google.com/maps/search/?api=1&query=40.641190674648%2C-74.135482956731,pending,False,,,2203745,http://www.nycgovparks.org/events/2026/07/24/faber-pool-lap-swim1
176,faber pool lap swim|2026-07-27,Faber Pool: Lap Swim,2026-07-27T7:00 am,Faber Pool (in Faber Pool and Park),,40.641190674648,-74.135482956731,True,True,https://www.google.com/maps/search/?api=1&query=Faber+Pool+%28in+Faber+Pool+and+Park%29%2C+New+York%2C+NY,https://www.google.com/maps/search/?api=1&query=40.641190674648%2C-74.135482956731,pending,False,,,2203496,http://www.nycgovparks.org/events/2026/07/27/faber-pool-lap-swim1
177,faber pool swim team training|2026-07-16,Faber Pool: Swim Team Training,2026-07-16T11:00 am,Faber Pool (in Faber Pool and Park),,40.641190674648,-74.135482956731,True,True,https://www.google.com/maps/search/?api=1&query=Faber+Pool+%28in+Faber+Pool+and+Park%29%2C+New+York%2C+NY,https://www.google.com/maps/search/?api=1&query=40.641190674648%2C-74.135482956731,pending,False,,,2188149,http://www.nycgovparks.org/events/2026/07/16/faber-pool-swim-team-training
178,faber pool swim team training|2026-07-21,Faber Pool: Swim Team Training,2026-07-21T11:00 am,Faber Pool (in Faber Pool and Park),,40.641190674648,-74.135482956731,True,True,https://www.google.com/maps/search/?api=1&query=Faber+Pool+%28in+Faber+Pool+and+Park%29%2C+New+York%2C+NY,https://www.google.com/maps/search/?api=1&query=40.641190674648%2C-74.135482956731,pending,False,,,2188356,http://www.nycgovparks.org/events/2026/07/21/faber-pool-swim-team-training
179,faber pool swim team training|2026-07-23,Faber Pool: Swim Team Training,2026-07-23T11:00 am,Faber Pool (in Faber Pool and Park),,40.641190674648,-74.135482956731,True,True,https://www.google.com/maps/search/?api=1&query=Faber+Pool+%28in+Faber+Pool+and+Park%29%2C+New+York%2C+NY,https://www.google.com/maps/search/?api=1&query=40.641190674648%2C-74.135482956731,pending,False,,,2188155,http://www.nycgovparks.org/events/2026/07/23/faber-pool-swim-team-training
180,family camping brooklyn|2026-07-19,Family Camping: Brooklyn,2026-07-19T6:00 pm,Salt Marsh Nature Center (in Marine Park),,40.604108850803,-73.930557247851,True,True,https://www.google.com/maps/search/?api=1&query=Salt+Marsh+Nature+Center+%28in+Marine+Park%29%2C+New+York%2C+NY,https://www.google.com/maps/search/?api=1&query=40.604108850803%2C-73.930557247851,pending,False,,,2178765,http://www.nycgovparks.org/events/2026/07/19/family-camping-brooklyn
181,family camping manhattan|2026-07-18,Family Camping: Manhattan,2026-07-18T7:00 pm,Entrance - West 106th Street and Central Park West (in Central Park),,40.798030221936,-73.960046768188,True,True,https://www.google.com/maps/search/?api=1&query=Entrance+-+West+106th+Street+and+Central+Park+West+%28in+Central+Park%29%2C+New+York%2C+NY,https://www.google.com/maps/search/?api=1&query=40.798030221936%2C-73.960046768188,pending,False,,,2178968,http://www.nycgovparks.org/events/2026/07/18/family-camping-manhattan
182,family camping queens|2026-07-26,Family Camping: Queens,2026-07-26T6:00 pm,Alley Pond Adventure Course (in Alley Pond Park),,40.742768103299,-73.741125994751,True,True,https://www.google.com/maps/search/?api=1&query=Alley+Pond+Adventure+Course+%28in+Alley+Pond+Park%29%2C+New+York%2C+NY,https://www.google.com/maps/search/?api=1&query=40.742768103299%2C-73.741125994751,pending,False,,,2176588,http://www.nycgovparks.org/events/2026/07/26/family-camping-queens
183,family camping staten island|2026-07-24,Family Camping: Staten Island,2026-07-24T6:00 pm,Blue Heron Nature Center (in Blue Heron Park),,40.530857179196,-74.177863717079,True,True,https://www.google.com/maps/search/?api=1&query=Blue+Heron+Nature+Center+%28in+Blue+Heron+Park%29%2C+New+York%2C+NY,https://www.google.com/maps/search/?api=1&query=40.530857179196%2C-74.177863717079,pending,False,,,2172860,http://www.nycgovparks.org/events/2026/07/24/family-camping-staten-island
184,financial lit 101 at herald square park|2026-07-21,Financial Lit 101 at Herald Square Park,2026-07-21T12:30 pm,Herald Square,,40.75046368599,-73.987603574991,True,True,https://www.google.com/maps/search/?api=1&query=Herald+Square%2C+New+York%2C+NY,https://www.google.com/maps/search/?api=1&query=40.75046368599%2C-73.987603574991,pending,False,,,2174941,http://www.nycgovparks.org/events/2026/07/21/financial-lit-101-at-herald-square-park
185,financial literacy class at herald square park|2026-07-21,Financial Literacy class at Herald Square Park,2026-07-21T12:30 pm,Herald Square,,40.75046368599,-73.987603574991,True,True,https://www.google.com/maps/search/?api=1&query=Herald+Square%2C+New+York%2C+NY,https://www.google.com/maps/search/?api=1&query=40.75046368599%2C-73.987603574991,pending,False,,,2173775,http://www.nycgovparks.org/events/2026/07/21/financial-literacy-class-at-herald-square-park
186,fisher pool swim team training|2026-07-16,Fisher Pool: Swim Team Training,2026-07-16T11:00 am,Main Pool (in Fisher Pool),,40.758966192496,-73.86943819189,True,True,https://www.google.com/maps/search/?api=1&query=Main+Pool+%28in+Fisher+Pool%29%2C+New+York%2C+NY,https://www.google.com/maps/search/?api=1&query=40.758966192496%2C-73.86943819189,pending,False,,,2188171,http://www.nycgovparks.org/events/2026/07/16/fisher-pool-swim-team-training
187,fisher pool swim team training|2026-07-21,Fisher Pool: Swim Team Training,2026-07-21T11:00 am,Main Pool (in Fisher Pool),,40.758966192496,-73.86943819189,True,True,https://www.google.com/maps/search/?api=1&query=Main+Pool+%28in+Fisher+Pool%29%2C+New+York%2C+NY,https://www.google.com/maps/search/?api=1&query=40.758966192496%2C-73.86943819189,pending,False,,,2188241,http://www.nycgovparks.org/events/2026/07/21/fisher-pool-swim-team-training
188,fisher pool swim team training|2026-07-23,Fisher Pool: Swim Team Training,2026-07-23T11:00 am,Main Pool (in Fisher Pool),,40.758966192496,-73.86943819189,True,True,https://www.google.com/maps/search/?api=1&query=Main+Pool+%28in+Fisher+Pool%29%2C+New+York%2C+NY,https://www.google.com/maps/search/?api=1&query=40.758966192496%2C-73.86943819189,pending,False,,,2188120,http://www.nycgovparks.org/events/2026/07/23/fisher-pool-swim-team-training
189,flower bundle dyeing|2026-07-18,Flower Bundle Dyeing,2026-07-18T12:30 pm,Maple Street Community Garden,,40.660908,-73.9528349,True,False,https://www.google.com/maps/search/?api=1&query=Maple+Street+Community+Garden%2C+New+York%2C+NY,https://www.google.com/maps/search/?api=1&query=40.660908%2C-73.9528349,pending,False,,,2211129,http://www.nycgovparks.org/events/2026/07/18/flower-bundle-dyeing
190,foragers in the foodway|2026-07-18,Foragers in the Foodway,2026-07-18T10:00 am,Concrete Plant Park,,40.826900482177734,-73.88480377197266,True,True,https://www.google.com/maps/search/?api=1&query=Concrete+Plant+Park%2C+New+York%2C+NY,https://www.google.com/maps/search/?api=1&query=40.826900482177734%2C-73.88480377197266,pending,False,,,2182029,http://www.nycgovparks.org/events/2026/07/18/foragers-in-the-foodway
191,forest stewardship with friends of inwood hill park|2026-07-19,Forest Stewardship with Friends of Inwood Hill Park,2026-07-19T10:00 am,Seaman Avenue and Isham Street Entrance (in Inwood Hill Park),,40.869998931884766,-73.92109680175781,True,True,https://www.google.com/maps/search/?api=1&query=Seaman+Avenue+and+Isham+Street+Entrance+%28in+Inwood+Hill+Park%29%2C+New+York%2C+NY,https://www.google.com/maps/search/?api=1&query=40.869998931884766%2C-73.92109680175781,pending,False,,,2208548,http://www.nycgovparks.org/events/2026/07/19/forest-stewardship-with-friends-of-inwood-hill-park
192,free movie on the waterfront ferris bueller s day off|2026-07-27,Free Movie On The Waterfront: Ferris Bueller's Day Off,2026-07-27T8:30 pm,Astoria Park Lawn (in Astoria Park),,40.778156030221,-73.924406886101,True,True,https://www.google.com/maps/search/?api=1&query=Astoria+Park+Lawn+%28in+Astoria+Park%29%2C+New+York%2C+NY,https://www.google.com/maps/search/?api=1&query=40.778156030221%2C-73.924406886101,pending,False,,,2180021,http://www.nycgovparks.org/events/2026/07/27/free-movie-on-the-waterfront-kpop-demon-hunters
193,friends of shoelace park meeting|2026-07-21,Friends of Shoelace Park Meeting,2026-07-21T12:00 pm,Virtual/Online Events,,40.7583263,-73.9935168,True,True,https://www.google.com/maps/search/?api=1&query=Virtual%2FOnline+Events%2C+New+York%2C+NY,https://www.google.com/maps/search/?api=1&query=40.7583263%2C-73.9935168,pending,False,,,2192282,http://www.nycgovparks.org/events/2026/07/21/friends-of-shoelace-park-meeting
194,from plant to paper with sana ashraf|2026-07-25,From Plant to Paper with Sana Ashraf,2026-07-25T1:00 pm,Bronx River House (in Starlight Park),,40.83279785876,-73.882915616035,True,True,https://www.google.com/maps/search/?api=1&query=Bronx+River+House+%28in+Starlight+Park%29%2C+New+York%2C+NY,https://www.google.com/maps/search/?api=1&query=40.83279785876%2C-73.882915616035,pending,False,,,2204136,http://www.nycgovparks.org/events/2026/07/25/from-plant-to-paper-with-sana-ashraf
195,full body circuit training|2026-07-23,Full Body Circuit Training,2026-07-23T6:30 pm,Dance Room (in Chelsea Recreation Center),,40.74829865,-74.00219727,True,True,https://www.google.com/maps/search/?api=1&query=Dance+Room+%28in+Chelsea+Recreation+Center%29%2C+New+York%2C+NY,https://www.google.com/maps/search/?api=1&query=40.74829865%2C-74.00219727,pending,False,,,2153118,http://www.nycgovparks.org/events/2026/07/23/full-body-circuit-training
196,fun with fitness circuit training|2026-07-21,Fun with Fitness Circuit Training,2026-07-21T6:30 pm,"East Flatbush Village, Inc (in Tilden Playground)",,40.648339760454,-73.929733514786,True,True,https://www.google.com/maps/search/?api=1&query=East+Flatbush+Village%2C+Inc+%28in+Tilden+Playground%29%2C+New+York%2C+NY,https://www.google.com/maps/search/?api=1&query=40.648339760454%2C-73.929733514786,pending,False,,,2206907,http://www.nycgovparks.org/events/2026/07/21/fun-with-fitness-circuit-training
197,game movie night at little bay park wicked for good|2026-07-17,Game/Movie Night at Little Bay Park: Wicked: For Good,2026-07-17T6:00 pm,Little Bay Park,,40.78960037231445,-73.78700256347656,True,True,https://www.google.com/maps/search/?api=1&query=Little+Bay+Park%2C+New+York%2C+NY,https://www.google.com/maps/search/?api=1&query=40.78960037231445%2C-73.78700256347656,pending,False,,,2200938,http://www.nycgovparks.org/events/2026/07/17/prek-bubbling-potions-with-mad-science1
198,garden sing along|2026-07-26,Garden Sing-Along,2026-07-26T1:00 pm,East Fourth Street Community Garden,,40.6482048,-73.9773563,True,True,https://www.google.com/maps/search/?api=1&query=East+Fourth+Street+Community+Garden%2C+New+York%2C+NY,https://www.google.com/maps/search/?api=1&query=40.6482048%2C-73.9773563,pending,False,,,2198622,http://www.nycgovparks.org/events/2026/07/26/garden-singalong
199,garden wisdoms earthly sounds|2026-07-18,Garden Wisdoms & Earthly Sounds,2026-07-18T3:00 pm,Pleasant Village Community Garden,,40.796600341797,-73.931602478027,True,True,https://www.google.com/maps/search/?api=1&query=Pleasant+Village+Community+Garden%2C+New+York%2C+NY,https://www.google.com/maps/search/?api=1&query=40.796600341797%2C-73.931602478027,pending,False,,,2172940,http://www.nycgovparks.org/events/2026/07/18/garden-wisdoms-earthly-sounds
200,gather for field day|2026-07-18,Gather for Field Day,2026-07-18T1:00 pm,Success Garden - East New York,,40.6648739,-73.8975101,True,False,https://www.google.com/maps/search/?api=1&query=Success+Garden+-+East+New+York%2C+New+York%2C+NY,https://www.google.com/maps/search/?api=1&query=40.6648739%2C-73.8975101,pending,False,,,2211577,http://www.nycgovparks.org/events/2026/07/18/gather-for-field-day
201,gentle yoga|2026-07-16,Gentle Yoga,2026-07-16T6:00 pm,Queens Public Library - Bayside,,40.7601617,-73.7683806,True,True,https://www.google.com/maps/search/?api=1&query=Queens+Public+Library+-+Bayside%2C+New+York%2C+NY,https://www.google.com/maps/search/?api=1&query=40.7601617%2C-73.7683806,pending,False,,,2135038,http://www.nycgovparks.org/events/2026/07/16/gentle-yoga
202,gentle yoga|2026-07-20,Gentle Yoga,2026-07-20T11:30 am,Queens Public Library - Bayside,,40.7601617,-73.7683806,True,True,https://www.google.com/maps/search/?api=1&query=Queens+Public+Library+-+Bayside%2C+New+York%2C+NY,https://www.google.com/maps/search/?api=1&query=40.7601617%2C-73.7683806,pending,False,,,2144958,http://www.nycgovparks.org/events/2026/07/20/gentle-yoga
203,gentle yoga|2026-07-23,Gentle Yoga,2026-07-23T6:00 pm,Queens Public Library - Bayside,,40.7601617,-73.7683806,True,True,https://www.google.com/maps/search/?api=1&query=Queens+Public+Library+-+Bayside%2C+New+York%2C+NY,https://www.google.com/maps/search/?api=1&query=40.7601617%2C-73.7683806,pending,False,,,2135139,http://www.nycgovparks.org/events/2026/07/23/gentle-yoga
204,gentle yoga|2026-07-27,Gentle Yoga,2026-07-27T11:30 am,Queens Public Library - Bayside,,40.7601617,-73.7683806,True,True,https://www.google.com/maps/search/?api=1&query=Queens+Public+Library+-+Bayside%2C+New+York%2C+NY,https://www.google.com/maps/search/?api=1&query=40.7601617%2C-73.7683806,pending,False,,,2144909,http://www.nycgovparks.org/events/2026/07/27/gentle-yoga
205,giant bubble at greeley square park|2026-07-22,Giant Bubble at Greeley Square Park,2026-07-22T12:30 pm,Greeley Square Park,,40.748642685667,-73.988085303512,True,True,https://www.google.com/maps/search/?api=1&query=Greeley+Square+Park%2C+New+York%2C+NY,https://www.google.com/maps/search/?api=1&query=40.748642685667%2C-73.988085303512,pending,False,,,2173035,http://www.nycgovparks.org/events/2026/07/22/giant-bubble-at-greeley-square-park
206,goatham festival|2026-07-18,Goatham Festival,2026-07-18T11:00 am,148 Street Hudson River waterfront (in Riverside Park),,40.829861145374,-73.95298576355,True,True,https://www.google.com/maps/search/?api=1&query=148+Street+Hudson+River+waterfront+%28in+Riverside+Park%29%2C+New+York%2C+NY,https://www.google.com/maps/search/?api=1&query=40.829861145374%2C-73.95298576355,pending,False,,,2158492,http://www.nycgovparks.org/events/2026/07/18/goatham-festival
207,golden hour at greeley square park|2026-07-16,Golden Hour at Greeley Square Park,2026-07-16T6:30 pm,Greeley Square Park,,40.748642685667,-73.988085303512,True,True,https://www.google.com/maps/search/?api=1&query=Greeley+Square+Park%2C+New+York%2C+NY,https://www.google.com/maps/search/?api=1&query=40.748642685667%2C-73.988085303512,pending,False,,,2198969,http://www.nycgovparks.org/events/2026/07/16/golden-hour-at-greeley-square-park
208,golden hour at greeley square park|2026-07-23,Golden Hour at Greeley Square Park,2026-07-23T6:30 pm,Greeley Square Park,,40.748642685667,-73.988085303512,True,True,https://www.google.com/maps/search/?api=1&query=Greeley+Square+Park%2C+New+York%2C+NY,https://www.google.com/maps/search/?api=1&query=40.748642685667%2C-73.988085303512,pending,False,,,2198970,http://www.nycgovparks.org/events/2026/07/23/golden-hour-at-greeley-square-park
209,gottesman pool lap swim|2026-07-16,Gottesman Pool: Lap Swim,2026-07-16T7:00 am,Gottesman Pool at the Davis Center (in Central Park),,40.796516568594,-73.954254508019,True,True,https://www.google.com/maps/search/?api=1&query=Gottesman+Pool+at+the+Davis+Center+%28in+Central+Park%29%2C+New+York%2C+NY,https://www.google.com/maps/search/?api=1&query=40.796516568594%2C-73.954254508019,pending,False,,,2203622,http://www.nycgovparks.org/events/2026/07/16/gottesman-pool-lap-swim1
210,gottesman pool lap swim|2026-07-17,Gottesman Pool: Lap Swim,2026-07-17T7:00 am,Gottesman Pool at the Davis Center (in Central Park),,40.796516568594,-73.954254508019,True,True,https://www.google.com/maps/search/?api=1&query=Gottesman+Pool+at+the+Davis+Center+%28in+Central+Park%29%2C+New+York%2C+NY,https://www.google.com/maps/search/?api=1&query=40.796516568594%2C-73.954254508019,pending,False,,,2203408,http://www.nycgovparks.org/events/2026/07/17/gottesman-pool-lap-swim1
211,gottesman pool lap swim|2026-07-20,Gottesman Pool: Lap Swim,2026-07-20T7:00 am,Gottesman Pool at the Davis Center (in Central Park),,40.796516568594,-73.954254508019,True,True,https://www.google.com/maps/search/?api=1&query=Gottesman+Pool+at+the+Davis+Center+%28in+Central+Park%29%2C+New+York%2C+NY,https://www.google.com/maps/search/?api=1&query=40.796516568594%2C-73.954254508019,pending,False,,,2203424,http://www.nycgovparks.org/events/2026/07/20/gottesman-pool-lap-swim1
212,gottesman pool lap swim|2026-07-21,Gottesman Pool: Lap Swim,2026-07-21T7:00 am,Gottesman Pool at the Davis Center (in Central Park),,40.796516568594,-73.954254508019,True,True,https://www.google.com/maps/search/?api=1&query=Gottesman+Pool+at+the+Davis+Center+%28in+Central+Park%29%2C+New+York%2C+NY,https://www.google.com/maps/search/?api=1&query=40.796516568594%2C-73.954254508019,pending,False,,,2203381,http://www.nycgovparks.org/events/2026/07/21/gottesman-pool-lap-swim1
213,gottesman pool lap swim|2026-07-22,Gottesman Pool: Lap Swim,2026-07-22T7:00 am,Gottesman Pool at the Davis Center (in Central Park),,40.796516568594,-73.954254508019,True,True,https://www.google.com/maps/search/?api=1&query=Gottesman+Pool+at+the+Davis+Center+%28in+Central+Park%29%2C+New+York%2C+NY,https://www.google.com/maps/search/?api=1&query=40.796516568594%2C-73.954254508019,pending,False,,,2203591,http://www.nycgovparks.org/events/2026/07/22/gottesman-pool-lap-swim1
214,gottesman pool lap swim|2026-07-23,Gottesman Pool: Lap Swim,2026-07-23T7:00 am,Gottesman Pool at the Davis Center (in Central Park),,40.796516568594,-73.954254508019,True,True,https://www.google.com/maps/search/?api=1&query=Gottesman+Pool+at+the+Davis+Center+%28in+Central+Park%29%2C+New+York%2C+NY,https://www.google.com/maps/search/?api=1&query=40.796516568594%2C-73.954254508019,pending,False,,,2203597,http://www.nycgovparks.org/events/2026/07/23/gottesman-pool-lap-swim1
215,gottesman pool lap swim|2026-07-24,Gottesman Pool: Lap Swim,2026-07-24T7:00 am,Gottesman Pool at the Davis Center (in Central Park),,40.796516568594,-73.954254508019,True,True,https://www.google.com/maps/search/?api=1&query=Gottesman+Pool+at+the+Davis+Center+%28in+Central+Park%29%2C+New+York%2C+NY,https://www.google.com/maps/search/?api=1&query=40.796516568594%2C-73.954254508019,pending,False,,,2203487,http://www.nycgovparks.org/events/2026/07/24/gottesman-pool-lap-swim1
216,gottesman pool lap swim|2026-07-27,Gottesman Pool: Lap Swim,2026-07-27T7:00 am,Gottesman Pool at the Davis Center (in Central Park),,40.796516568594,-73.954254508019,True,True,https://www.google.com/maps/search/?api=1&query=Gottesman+Pool+at+the+Davis+Center+%28in+Central+Park%29%2C+New+York%2C+NY,https://www.google.com/maps/search/?api=1&query=40.796516568594%2C-73.954254508019,pending,False,,,2208074,http://www.nycgovparks.org/events/2026/07/27/gottesman-pool-lap-swim1
217,groove glow|2026-07-17,Groove & Glow,2026-07-17T5:00 pm,Multi-Use Room (in Asser Levy Playground),,40.73609924,-73.97570038,True,False,https://www.google.com/maps/search/?api=1&query=Multi-Use+Room+%28in+Asser+Levy+Playground%29%2C+New+York%2C+NY,https://www.google.com/maps/search/?api=1&query=40.73609924%2C-73.97570038,pending,False,,,2211513,http://www.nycgovparks.org/events/2026/07/17/groove-glow
218,groove glow|2026-07-18,Groove & Glow,2026-07-18T11:00 am,NYPL - Tompkins Square Library,,40.7273154,-73.9803838,True,True,https://www.google.com/maps/search/?api=1&query=NYPL+-+Tompkins+Square+Library%2C+New+York%2C+NY,https://www.google.com/maps/search/?api=1&query=40.7273154%2C-73.9803838,pending,False,,,2159991,http://www.nycgovparks.org/events/2026/07/18/groove-glow
219,groove glow|2026-07-24,Groove & Glow,2026-07-24T5:00 pm,Multi-Use Room (in Asser Levy Playground),,40.73609924,-73.97570038,True,False,https://www.google.com/maps/search/?api=1&query=Multi-Use+Room+%28in+Asser+Levy+Playground%29%2C+New+York%2C+NY,https://www.google.com/maps/search/?api=1&query=40.73609924%2C-73.97570038,pending,False,,,2211512,http://www.nycgovparks.org/events/2026/07/24/groove-glow
220,groove glow|2026-07-25,Groove & Glow,2026-07-25T11:00 am,NYPL - Tompkins Square Library,,40.7273154,-73.9803838,True,True,https://www.google.com/maps/search/?api=1&query=NYPL+-+Tompkins+Square+Library%2C+New+York%2C+NY,https://www.google.com/maps/search/?api=1&query=40.7273154%2C-73.9803838,pending,False,,,2159989,http://www.nycgovparks.org/events/2026/07/25/groove-glow
221,gyotaku printmaking|2026-07-19,Gyotaku Printmaking,2026-07-19T2:00 pm,Salt Marsh Nature Center (in Marine Park),,40.604698181152344,-73.92980194091797,True,True,https://www.google.com/maps/search/?api=1&query=Salt+Marsh+Nature+Center+%28in+Marine+Park%29%2C+New+York%2C+NY,https://www.google.com/maps/search/?api=1&query=40.604698181152344%2C-73.92980194091797,pending,False,,,2170761,http://www.nycgovparks.org/events/2026/07/19/gyotaku-printmaking
222,hamilton fish pool lap swim|2026-07-16,Hamilton Fish Pool: Lap Swim,2026-07-16T7:00 am,Main Pool (in Hamilton Fish Park),,40.719952,-73.981491,True,True,https://www.google.com/maps/search/?api=1&query=Main+Pool+%28in+Hamilton+Fish+Park%29%2C+New+York%2C+NY,https://www.google.com/maps/search/?api=1&query=40.719952%2C-73.981491,pending,False,,,2203609,http://www.nycgovparks.org/events/2026/07/16/hamilton-fish-pool-lap-swim1
223,hamilton fish pool lap swim|2026-07-17,Hamilton Fish Pool: Lap Swim,2026-07-17T7:00 am,Main Pool (in Hamilton Fish Park),,40.719952,-73.981491,True,True,https://www.google.com/maps/search/?api=1&query=Main+Pool+%28in+Hamilton+Fish+Park%29%2C+New+York%2C+NY,https://www.google.com/maps/search/?api=1&query=40.719952%2C-73.981491,pending,False,,,2203562,http://www.nycgovparks.org/events/2026/07/17/hamilton-fish-pool-lap-swim1
224,hamilton fish pool lap swim|2026-07-20,Hamilton Fish Pool: Lap Swim,2026-07-20T7:00 am,Main Pool (in Hamilton Fish Park),,40.719952,-73.981491,True,True,https://www.google.com/maps/search/?api=1&query=Main+Pool+%28in+Hamilton+Fish+Park%29%2C+New+York%2C+NY,https://www.google.com/maps/search/?api=1&query=40.719952%2C-73.981491,pending,False,,,2203528,http://www.nycgovparks.org/events/2026/07/20/hamilton-fish-pool-lap-swim1
225,hamilton fish pool lap swim|2026-07-21,Hamilton Fish Pool: Lap Swim,2026-07-21T7:00 am,Main Pool (in Hamilton Fish Park),,40.719952,-73.981491,True,True,https://www.google.com/maps/search/?api=1&query=Main+Pool+%28in+Hamilton+Fish+Park%29%2C+New+York%2C+NY,https://www.google.com/maps/search/?api=1&query=40.719952%2C-73.981491,pending,False,,,2203576,http://www.nycgovparks.org/events/2026/07/21/hamilton-fish-pool-lap-swim1
226,hamilton fish pool lap swim|2026-07-22,Hamilton Fish Pool: Lap Swim,2026-07-22T7:00 am,Main Pool (in Hamilton Fish Park),,40.719952,-73.981491,True,True,https://www.google.com/maps/search/?api=1&query=Main+Pool+%28in+Hamilton+Fish+Park%29%2C+New+York%2C+NY,https://www.google.com/maps/search/?api=1&query=40.719952%2C-73.981491,pending,False,,,2203779,http://www.nycgovparks.org/events/2026/07/22/hamilton-fish-pool-lap-swim1
227,hamilton fish pool lap swim|2026-07-23,Hamilton Fish Pool: Lap Swim,2026-07-23T7:00 am,Main Pool (in Hamilton Fish Park),,40.719952,-73.981491,True,True,https://www.google.com/maps/search/?api=1&query=Main+Pool+%28in+Hamilton+Fish+Park%29%2C+New+York%2C+NY,https://www.google.com/maps/search/?api=1&query=40.719952%2C-73.981491,pending,False,,,2203525,http://www.nycgovparks.org/events/2026/07/23/hamilton-fish-pool-lap-swim1
228,hamilton fish pool lap swim|2026-07-24,Hamilton Fish Pool: Lap Swim,2026-07-24T7:00 am,Main Pool (in Hamilton Fish Park),,40.719952,-73.981491,True,True,https://www.google.com/maps/search/?api=1&query=Main+Pool+%28in+Hamilton+Fish+Park%29%2C+New+York%2C+NY,https://www.google.com/maps/search/?api=1&query=40.719952%2C-73.981491,pending,False,,,2203317,http://www.nycgovparks.org/events/2026/07/24/hamilton-fish-pool-lap-swim1
229,hamilton fish pool lap swim|2026-07-27,Hamilton Fish Pool: Lap Swim,2026-07-27T7:00 am,Main Pool (in Hamilton Fish Park),,40.719952,-73.981491,True,True,https://www.google.com/maps/search/?api=1&query=Main+Pool+%28in+Hamilton+Fish+Park%29%2C+New+York%2C+NY,https://www.google.com/maps/search/?api=1&query=40.719952%2C-73.981491,pending,False,,,2203538,http://www.nycgovparks.org/events/2026/07/27/hamilton-fish-pool-lap-swim1
230,harlem in person care captain training|2026-07-17,Harlem In-Person Care Captain Training,2026-07-17T0:00 am,W 140th Street and Malcolm X Boulevard,,40.8173232,-73.9386045,True,True,https://www.google.com/maps/search/?api=1&query=W+140th+Street+and+Malcolm+X+Boulevard%2C+New+York%2C+NY,https://www.google.com/maps/search/?api=1&query=40.8173232%2C-73.9386045,pending,False,,,2195692,http://www.nycgovparks.org/events/2026/07/17/harlem-inperson-care-captain-training
231,harlem run monday night run|2026-07-20,Harlem Run: Monday Night Run,2026-07-20T6:45 pm,Marcus Garvey Park,,40.804508209229,-73.943664550781,True,True,https://www.google.com/maps/search/?api=1&query=Marcus+Garvey+Park%2C+New+York%2C+NY,https://www.google.com/maps/search/?api=1&query=40.804508209229%2C-73.943664550781,pending,False,,,2183268,http://www.nycgovparks.org/events/2026/07/20/harlem-run-monday-night-run
232,harlem run monday night run|2026-07-27,Harlem Run: Monday Night Run,2026-07-27T6:45 pm,Marcus Garvey Park,,40.804508209229,-73.943664550781,True,True,https://www.google.com/maps/search/?api=1&query=Marcus+Garvey+Park%2C+New+York%2C+NY,https://www.google.com/maps/search/?api=1&query=40.804508209229%2C-73.943664550781,pending,False,,,2183269,http://www.nycgovparks.org/events/2026/07/27/harlem-run-monday-night-run
233,hatha flow|2026-07-19,Hatha Flow,2026-07-19T1:00 pm,Brower Park Lawn (in Brower Park),,40.673487329365,-73.942834436893,True,False,https://www.google.com/maps/search/?api=1&query=Brower+Park+Lawn+%28in+Brower+Park%29%2C+New+York%2C+NY,https://www.google.com/maps/search/?api=1&query=40.673487329365%2C-73.942834436893,pending,False,,,2211126,http://www.nycgovparks.org/events/2026/07/19/hatha-flow
234,hatha flow|2026-07-21,Hatha Flow,2026-07-21T6:00 pm,Dance Room (in St. John's Park),,40.67350006,-73.93479919,True,True,https://www.google.com/maps/search/?api=1&query=Dance+Room+%28in+St.+John%27s+Park%29%2C+New+York%2C+NY,https://www.google.com/maps/search/?api=1&query=40.67350006%2C-73.93479919,pending,False,,,2189080,http://www.nycgovparks.org/events/2026/07/21/hatha-flow
235,hatha flow|2026-07-26,Hatha Flow,2026-07-26T1:00 pm,Brower Park Lawn (in Brower Park),,40.673487329365,-73.942834436893,True,False,https://www.google.com/maps/search/?api=1&query=Brower+Park+Lawn+%28in+Brower+Park%29%2C+New+York%2C+NY,https://www.google.com/maps/search/?api=1&query=40.673487329365%2C-73.942834436893,pending,False,,,2211114,http://www.nycgovparks.org/events/2026/07/26/hatha-flow
236,highland park community garden sip seek|2026-07-22,Highland Park Community Garden: Sip & Seek,2026-07-22T6:00 pm,Community Garden (in Highland Park),,40.682991343794,-73.887737512589,True,True,https://www.google.com/maps/search/?api=1&query=Community+Garden+%28in+Highland+Park%29%2C+New+York%2C+NY,https://www.google.com/maps/search/?api=1&query=40.682991343794%2C-73.887737512589,pending,False,,,2184994,http://www.nycgovparks.org/events/2026/07/22/highland-park-community-garden-sip-seek
237,hippo playground summer concerts featuring michael napolitano|2026-07-22,Hippo Playground Summer Concerts featuring Michael Napolitano,2026-07-22T3:30 pm,Hippo Playground (in Riverside Park),,40.79309844970703,-73.97820281982422,True,True,https://www.google.com/maps/search/?api=1&query=Hippo+Playground+%28in+Riverside+Park%29%2C+New+York%2C+NY,https://www.google.com/maps/search/?api=1&query=40.79309844970703%2C-73.97820281982422,pending,False,,,2146744,http://www.nycgovparks.org/events/2026/07/22/hippo-playground-summer-concerts
238,historic new york the highbridge water tower|2026-07-26,Historic New York: The Highbridge Water Tower,2026-07-26T1:00 pm,West 174 Street and Amsterdam Avenue (in Highbridge Park),,40.843101501464844,-73.9343032836914,True,True,https://www.google.com/maps/search/?api=1&query=West+174+Street+and+Amsterdam+Avenue+%28in+Highbridge+Park%29%2C+New+York%2C+NY,https://www.google.com/maps/search/?api=1&query=40.843101501464844%2C-73.9343032836914,pending,False,,,2179071,http://www.nycgovparks.org/events/2026/07/26/historic-new-york-the-highbridge-water-tower
239,hoop jam in herald square park|2026-07-20,Hoop Jam in Herald Square Park,2026-07-20T6:00 pm,Herald Square,,40.75046368599,-73.987603574991,True,True,https://www.google.com/maps/search/?api=1&query=Herald+Square%2C+New+York%2C+NY,https://www.google.com/maps/search/?api=1&query=40.75046368599%2C-73.987603574991,pending,False,,,2171642,http://www.nycgovparks.org/events/2026/07/20/hoop-jam-in-herald-square-park
240,hoop jam in herald square park|2026-07-27,Hoop Jam in Herald Square Park,2026-07-27T6:00 pm,Herald Square,,40.75046368599,-73.987603574991,True,True,https://www.google.com/maps/search/?api=1&query=Herald+Square%2C+New+York%2C+NY,https://www.google.com/maps/search/?api=1&query=40.75046368599%2C-73.987603574991,pending,False,,,2171643,http://www.nycgovparks.org/events/2026/07/27/hoop-jam-in-herald-square-park
241,hudson classical theater company presents hamlet|2026-07-16,Hudson Classical Theater Company presents: Hamlet,2026-07-16T6:30 pm,Soldiers' and Sailors' Monument (in Riverside Park),,40.791999816895,-73.978996276855,True,True,https://www.google.com/maps/search/?api=1&query=Soldiers%27+and+Sailors%27+Monument+%28in+Riverside+Park%29%2C+New+York%2C+NY,https://www.google.com/maps/search/?api=1&query=40.791999816895%2C-73.978996276855,pending,False,,,2172899,http://www.nycgovparks.org/events/2026/07/16/hudson-classical-theater-company-presents-hamlet1
242,hudson classical theater company presents hamlet|2026-07-17,Hudson Classical Theater Company presents: Hamlet,2026-07-17T6:30 pm,Soldiers' and Sailors' Monument (in Riverside Park),,40.791999816895,-73.978996276855,True,True,https://www.google.com/maps/search/?api=1&query=Soldiers%27+and+Sailors%27+Monument+%28in+Riverside+Park%29%2C+New+York%2C+NY,https://www.google.com/maps/search/?api=1&query=40.791999816895%2C-73.978996276855,pending,False,,,2172900,http://www.nycgovparks.org/events/2026/07/17/hudson-classical-theater-company-presents-hamlet1
243,hudson classical theater company presents hamlet|2026-07-18,Hudson Classical Theater Company presents: Hamlet,2026-07-18T6:30 pm,Soldiers' and Sailors' Monument (in Riverside Park),,40.791999816895,-73.978996276855,True,True,https://www.google.com/maps/search/?api=1&query=Soldiers%27+and+Sailors%27+Monument+%28in+Riverside+Park%29%2C+New+York%2C+NY,https://www.google.com/maps/search/?api=1&query=40.791999816895%2C-73.978996276855,pending,False,,,2172901,http://www.nycgovparks.org/events/2026/07/18/hudson-classical-theater-company-presents-hamlet1
244,hudson classical theater company presents hamlet|2026-07-19,Hudson Classical Theater Company presents: Hamlet,2026-07-19T6:30 pm,Soldiers' and Sailors' Monument (in Riverside Park),,40.791999816895,-73.978996276855,True,True,https://www.google.com/maps/search/?api=1&query=Soldiers%27+and+Sailors%27+Monument+%28in+Riverside+Park%29%2C+New+York%2C+NY,https://www.google.com/maps/search/?api=1&query=40.791999816895%2C-73.978996276855,pending,False,,,2172902,http://www.nycgovparks.org/events/2026/07/19/hudson-classical-theater-company-presents-hamlet1
245,hudson classical theater company presents the dancing men|2026-07-23,Hudson Classical Theater Company presents: The Dancing Men,2026-07-23T6:30 pm,Soldiers' and Sailors' Monument (in Riverside Park),,40.791999816895,-73.978996276855,True,True,https://www.google.com/maps/search/?api=1&query=Soldiers%27+and+Sailors%27+Monument+%28in+Riverside+Park%29%2C+New+York%2C+NY,https://www.google.com/maps/search/?api=1&query=40.791999816895%2C-73.978996276855,pending,False,,,2172905,http://www.nycgovparks.org/events/2026/07/23/hudson-classical-theater-company-presents-the-dancing-men
246,hudson classical theater company presents the dancing men|2026-07-24,Hudson Classical Theater Company presents: The Dancing Men,2026-07-24T6:30 pm,Soldiers' and Sailors' Monument (in Riverside Park),,40.791999816895,-73.978996276855,True,True,https://www.google.com/maps/search/?api=1&query=Soldiers%27+and+Sailors%27+Monument+%28in+Riverside+Park%29%2C+New+York%2C+NY,https://www.google.com/maps/search/?api=1&query=40.791999816895%2C-73.978996276855,pending,False,,,2172906,http://www.nycgovparks.org/events/2026/07/24/hudson-classical-theater-company-presents-the-dancing-men
247,hudson classical theater company presents the dancing men|2026-07-25,Hudson Classical Theater Company presents: The Dancing Men,2026-07-25T6:30 pm,Soldiers' and Sailors' Monument (in Riverside Park),,40.791999816895,-73.978996276855,True,True,https://www.google.com/maps/search/?api=1&query=Soldiers%27+and+Sailors%27+Monument+%28in+Riverside+Park%29%2C+New+York%2C+NY,https://www.google.com/maps/search/?api=1&query=40.791999816895%2C-73.978996276855,pending,False,,,2172907,http://www.nycgovparks.org/events/2026/07/25/hudson-classical-theater-company-presents-the-dancing-men
248,hudson classical theater company presents the dancing men|2026-07-26,Hudson Classical Theater Company presents: The Dancing Men,2026-07-26T6:30 pm,Soldiers' and Sailors' Monument (in Riverside Park),,40.791999816895,-73.978996276855,True,True,https://www.google.com/maps/search/?api=1&query=Soldiers%27+and+Sailors%27+Monument+%28in+Riverside+Park%29%2C+New+York%2C+NY,https://www.google.com/maps/search/?api=1&query=40.791999816895%2C-73.978996276855,pending,False,,,2172908,http://www.nycgovparks.org/events/2026/07/26/hudson-classical-theater-company-presents-the-dancing-men
249,hula hoop aerobics|2026-07-18,Hula Hoop Aerobics,2026-07-18T12:30 pm,Multi-Use Room B (in Marcus Garvey Park),,40.80502319,-73.94498444,True,True,https://www.google.com/maps/search/?api=1&query=Multi-Use+Room+B+%28in+Marcus+Garvey+Park%29%2C+New+York%2C+NY,https://www.google.com/maps/search/?api=1&query=40.80502319%2C-73.94498444,pending,False,,,2208827,http://www.nycgovparks.org/events/2026/07/18/hula-hoop-aerobics
250,hula hoop aerobics|2026-07-25,Hula Hoop Aerobics,2026-07-25T12:30 pm,Multi-Use Room B (in Marcus Garvey Park),,40.80502319,-73.94498444,True,True,https://www.google.com/maps/search/?api=1&query=Multi-Use+Room+B+%28in+Marcus+Garvey+Park%29%2C+New+York%2C+NY,https://www.google.com/maps/search/?api=1&query=40.80502319%2C-73.94498444,pending,False,,,2208664,http://www.nycgovparks.org/events/2026/07/25/hula-hoop-aerobics
251,ice cream flavors of the diaspora|2026-07-25,Ice Cream Flavors of the Diaspora,2026-07-25T1:00 pm,Tranquility Farm,,40.6947128,-73.9430199,True,True,https://www.google.com/maps/search/?api=1&query=Tranquility+Farm%2C+New+York%2C+NY,https://www.google.com/maps/search/?api=1&query=40.6947128%2C-73.9430199,pending,False,,,2173449,http://www.nycgovparks.org/events/2026/07/25/ice-cream-flavors-of-the-diaspora
252,indigenous art workshop with naic ny|2026-07-25,Indigenous Art Workshop with NAIC-NY,2026-07-25T12:00 pm,Bronx River House (in Starlight Park),,40.83279785876,-73.882915616035,True,True,https://www.google.com/maps/search/?api=1&query=Bronx+River+House+%28in+Starlight+Park%29%2C+New+York%2C+NY,https://www.google.com/maps/search/?api=1&query=40.83279785876%2C-73.882915616035,pending,False,,,2192299,http://www.nycgovparks.org/events/2026/07/25/indigenous-art-workshop-with-naicny
253,intensati|2026-07-22,intenSati,2026-07-22T5:30 pm,Myrtle Avenue and Park Lane South (in Forest Park),,40.701185916345,-73.841875076294,True,True,https://www.google.com/maps/search/?api=1&query=Myrtle+Avenue+and+Park+Lane+South+%28in+Forest+Park%29%2C+New+York%2C+NY,https://www.google.com/maps/search/?api=1&query=40.701185916345%2C-73.841875076294,pending,False,,,2127721,http://www.nycgovparks.org/events/2026/07/22/intensati
254,intermediate canoeing|2026-07-18,Intermediate Canoeing,2026-07-18T11:00 am,Ballfield 13 - Meadow Lake Drive (in Flushing Meadows Corona Park),,40.728338779812,-73.835040330887,True,True,https://www.google.com/maps/search/?api=1&query=Ballfield+13+-+Meadow+Lake+Drive+%28in+Flushing+Meadows+Corona+Park%29%2C+New+York%2C+NY,https://www.google.com/maps/search/?api=1&query=40.728338779812%2C-73.835040330887,pending,False,,,2176285,http://www.nycgovparks.org/events/2026/07/18/intermediate-canoeing
255,invasive species removal|2026-07-18,Invasive Species Removal,2026-07-18T10:00 am,Inwood Canoe Club (in Inwood Hill Park),,40.86869812011719,-73.93260192871094,True,True,https://www.google.com/maps/search/?api=1&query=Inwood+Canoe+Club+%28in+Inwood+Hill+Park%29%2C+New+York%2C+NY,https://www.google.com/maps/search/?api=1&query=40.86869812011719%2C-73.93260192871094,pending,False,,,2184048,http://www.nycgovparks.org/events/2026/07/18/invasive-species-removal
256,inwood canoe club city of water saturday open house|2026-07-25,Inwood Canoe Club City of Water Saturday Open House,2026-07-25T9:00 am,Inwood Canoe Club (in Inwood Hill Park),,40.86869812011719,-73.93260192871094,True,True,https://www.google.com/maps/search/?api=1&query=Inwood+Canoe+Club+%28in+Inwood+Hill+Park%29%2C+New+York%2C+NY,https://www.google.com/maps/search/?api=1&query=40.86869812011719%2C-73.93260192871094,pending,False,,,2190858,http://www.nycgovparks.org/events/2026/07/25/inwood-canoe-club-sunday-open-house
257,inwood canoe club sunday open house|2026-07-19,Inwood Canoe Club Sunday Open House,2026-07-19T9:00 am,Inwood Canoe Club (in Inwood Hill Park),,40.86869812011719,-73.93260192871094,True,True,https://www.google.com/maps/search/?api=1&query=Inwood+Canoe+Club+%28in+Inwood+Hill+Park%29%2C+New+York%2C+NY,https://www.google.com/maps/search/?api=1&query=40.86869812011719%2C-73.93260192871094,pending,False,,,2190856,http://www.nycgovparks.org/events/2026/07/19/inwood-canoe-club-sunday-open-house
258,it s my park at andrew haswell green park|2026-07-17,It's My Park at Andrew Haswell Green Park,2026-07-17T9:00 am,Andrew Haswell Green Park,,40.759700775146484,-73.95760345458984,True,True,https://www.google.com/maps/search/?api=1&query=Andrew+Haswell+Green+Park%2C+New+York%2C+NY,https://www.google.com/maps/search/?api=1&query=40.759700775146484%2C-73.95760345458984,pending,False,,,2195839,http://www.nycgovparks.org/events/2026/07/17/its-my-park-at-andrew-haswell-green-park
259,it s my park at andrew haswell green park|2026-07-24,It's My Park at Andrew Haswell Green Park,2026-07-24T9:00 am,Andrew Haswell Green Park,,40.759700775146484,-73.95760345458984,True,True,https://www.google.com/maps/search/?api=1&query=Andrew+Haswell+Green+Park%2C+New+York%2C+NY,https://www.google.com/maps/search/?api=1&query=40.759700775146484%2C-73.95760345458984,pending,False,,,2195842,http://www.nycgovparks.org/events/2026/07/24/its-my-park-at-andrew-haswell-green-park
260,it s my park at bensonhurst park|2026-07-22,It's My Park at Bensonhurst Park,2026-07-22T3:00 pm,Bensonhurst Park,,40.597301483154,-74.000801086426,True,False,https://www.google.com/maps/search/?api=1&query=Bensonhurst+Park%2C+New+York%2C+NY,https://www.google.com/maps/search/?api=1&query=40.597301483154%2C-74.000801086426,pending,False,,,2211150,http://www.nycgovparks.org/events/2026/07/22/its-my-park-at-bensonhurst-park
261,it s my park at brower park|2026-07-22,It's My Park at Brower Park,2026-07-22T10:00 am,Brower Park Butterfly Garden (in Brower Park),,40.67375339583,-73.943148255348,True,False,https://www.google.com/maps/search/?api=1&query=Brower+Park+Butterfly+Garden+%28in+Brower+Park%29%2C+New+York%2C+NY,https://www.google.com/maps/search/?api=1&query=40.67375339583%2C-73.943148255348,pending,False,,,2211148,http://www.nycgovparks.org/events/2026/07/22/its-my-park-at-brower-park
262,it s my park at brust park|2026-07-26,It's My Park at Brust Park,2026-07-26T12:00 pm,Brust Park,,40.88990020751953,-73.90360260009766,True,True,https://www.google.com/maps/search/?api=1&query=Brust+Park%2C+New+York%2C+NY,https://www.google.com/maps/search/?api=1&query=40.88990020751953%2C-73.90360260009766,pending,False,,,2207345,http://www.nycgovparks.org/events/2026/07/26/its-my-park-at-brust-park
263,it s my park at cooper park|2026-07-18,It's My Park at Cooper Park,2026-07-18T9:00 am,Cooper Park,,40.71590042114258,-73.93730163574219,True,True,https://www.google.com/maps/search/?api=1&query=Cooper+Park%2C+New+York%2C+NY,https://www.google.com/maps/search/?api=1&query=40.71590042114258%2C-73.93730163574219,pending,False,,,2195840,http://www.nycgovparks.org/events/2026/07/18/its-my-park-at-cooper-park
264,it s my park at cooper park|2026-07-25,It's My Park at Cooper Park,2026-07-25T9:00 am,Cooper Park,,40.71590042114258,-73.93730163574219,True,True,https://www.google.com/maps/search/?api=1&query=Cooper+Park%2C+New+York%2C+NY,https://www.google.com/maps/search/?api=1&query=40.71590042114258%2C-73.93730163574219,pending,False,,,2207342,http://www.nycgovparks.org/events/2026/07/25/its-my-park-at-cooper-park
265,it s my park at east river esplanade|2026-07-25,It's My Park at East River Esplanade,2026-07-25T9:30 am,East River Esplanade,,40.744998931884766,-73.97049713134766,True,True,https://www.google.com/maps/search/?api=1&query=East+River+Esplanade%2C+New+York%2C+NY,https://www.google.com/maps/search/?api=1&query=40.744998931884766%2C-73.97049713134766,pending,False,,,2195843,http://www.nycgovparks.org/events/2026/07/25/its-my-park-at-east-river-esplanade
266,it s my park at ewen park|2026-07-19,It's My Park at Ewen Park,2026-07-19T9:30 am,Ewen Park Dog Run (in Ewen Park),,40.882289575529,-73.910017073154,True,True,https://www.google.com/maps/search/?api=1&query=Ewen+Park+Dog+Run+%28in+Ewen+Park%29%2C+New+York%2C+NY,https://www.google.com/maps/search/?api=1&query=40.882289575529%2C-73.910017073154,pending,False,,,2180000,http://www.nycgovparks.org/events/2026/07/19/its-my-park-at-ewen-park
267,it s my park at fraser square|2026-07-24,It's My Park at Fraser Square,2026-07-24T9:00 am,Fraser Square Park (in Fraser Square),,40.619970278,-73.9412285575,True,False,https://www.google.com/maps/search/?api=1&query=Fraser+Square+Park+%28in+Fraser+Square%29%2C+New+York%2C+NY,https://www.google.com/maps/search/?api=1&query=40.619970278%2C-73.9412285575,pending,False,,,2211151,http://www.nycgovparks.org/events/2026/07/24/its-my-park-at-fraser-square
268,it s my park at highbridge park|2026-07-27,It's My Park at Highbridge Park,2026-07-27T9:00 am,Basketball courts at 175th and Amsterdam (in Highbridge Park),,40.844556316711,-73.933160424232,True,False,https://www.google.com/maps/search/?api=1&query=Basketball+courts+at+175th+and+Amsterdam+%28in+Highbridge+Park%29%2C+New+York%2C+NY,https://www.google.com/maps/search/?api=1&query=40.844556316711%2C-73.933160424232,pending,False,,,2211157,http://www.nycgovparks.org/events/2026/07/27/its-my-park-at-highbridge-park
269,it s my park at hollis playground|2026-07-18,It's My Park at Hollis Playground,2026-07-18T11:00 am,Hollis Playground,,40.70650100708008,-73.75309753417969,True,True,https://www.google.com/maps/search/?api=1&query=Hollis+Playground%2C+New+York%2C+NY,https://www.google.com/maps/search/?api=1&query=40.70650100708008%2C-73.75309753417969,pending,False,,,2195841,http://www.nycgovparks.org/events/2026/07/18/its-my-park-at-hollis-playground
270,it s my park at hollis playground|2026-07-25,It's My Park at Hollis Playground,2026-07-25T11:00 am,Hollis Playground,,40.70650100708008,-73.75309753417969,True,True,https://www.google.com/maps/search/?api=1&query=Hollis+Playground%2C+New+York%2C+NY,https://www.google.com/maps/search/?api=1&query=40.70650100708008%2C-73.75309753417969,pending,False,,,2195845,http://www.nycgovparks.org/events/2026/07/25/its-my-park-at-hollis-playground
271,it s my park at hunter s point south park|2026-07-16,It's My Park at Hunter's Point South Park,2026-07-16T10:00 am,Hunter's Point South Park,,40.741905676395,-73.960692945351,True,True,https://www.google.com/maps/search/?api=1&query=Hunter%27s+Point+South+Park%2C+New+York%2C+NY,https://www.google.com/maps/search/?api=1&query=40.741905676395%2C-73.960692945351,pending,False,,,2183891,http://www.nycgovparks.org/events/2026/07/16/its-my-park-at-hunters-point-south-park1
272,it s my park at hunter s point south park|2026-07-23,It's My Park at Hunter's Point South Park,2026-07-23T10:00 am,Hunter's Point South Park,,40.741905676395,-73.960692945351,True,True,https://www.google.com/maps/search/?api=1&query=Hunter%27s+Point+South+Park%2C+New+York%2C+NY,https://www.google.com/maps/search/?api=1&query=40.741905676395%2C-73.960692945351,pending,False,,,2182077,http://www.nycgovparks.org/events/2026/07/23/its-my-park-at-hunters-point-south-park
273,it s my park at hunter s point south park|2026-07-25,It's My Park at Hunter's Point South Park,2026-07-25T1:00 pm,Hunter's Point South Park,,40.741905676395,-73.960692945351,True,True,https://www.google.com/maps/search/?api=1&query=Hunter%27s+Point+South+Park%2C+New+York%2C+NY,https://www.google.com/maps/search/?api=1&query=40.741905676395%2C-73.960692945351,pending,False,,,2182079,http://www.nycgovparks.org/events/2026/07/25/its-my-park-at-hunters-point-south-park
274,it s my park at leif ericson park|2026-07-16,It's My Park at Leif Ericson Park,2026-07-16T7:00 am,Leif Ericson Park,,40.631000518799,-74.012199401855,True,True,https://www.google.com/maps/search/?api=1&query=Leif+Ericson+Park%2C+New+York%2C+NY,https://www.google.com/maps/search/?api=1&query=40.631000518799%2C-74.012199401855,pending,False,,,2207333,http://www.nycgovparks.org/events/2026/07/16/its-my-park-at-leif-ericson-park
275,it s my park at leif ericson park|2026-07-17,It's My Park at Leif Ericson Park,2026-07-17T7:00 am,Leif Ericson Park,,40.631000518799,-74.012199401855,True,True,https://www.google.com/maps/search/?api=1&query=Leif+Ericson+Park%2C+New+York%2C+NY,https://www.google.com/maps/search/?api=1&query=40.631000518799%2C-74.012199401855,pending,False,,,2207334,http://www.nycgovparks.org/events/2026/07/17/its-my-park-at-leif-ericson-park
276,it s my park at leif ericson park|2026-07-18,It's My Park at Leif Ericson Park,2026-07-18T10:00 am,Leif Ericson Park,,40.631000518799,-74.012199401855,True,False,https://www.google.com/maps/search/?api=1&query=Leif+Ericson+Park%2C+New+York%2C+NY,https://www.google.com/maps/search/?api=1&query=40.631000518799%2C-74.012199401855,pending,False,,,2211144,http://www.nycgovparks.org/events/2026/07/18/its-my-park-at-leif-ericson-park
277,it s my park at leif ericson park|2026-07-20,It's My Park at Leif Ericson Park,2026-07-20T7:00 am,Leif Ericson Park,,40.631000518799,-74.012199401855,True,True,https://www.google.com/maps/search/?api=1&query=Leif+Ericson+Park%2C+New+York%2C+NY,https://www.google.com/maps/search/?api=1&query=40.631000518799%2C-74.012199401855,pending,False,,,2207336,http://www.nycgovparks.org/events/2026/07/20/its-my-park-at-leif-ericson-park
278,it s my park at leif ericson park|2026-07-21,It's My Park at Leif Ericson Park,2026-07-21T7:00 am,Leif Ericson Park,,40.631000518799,-74.012199401855,True,True,https://www.google.com/maps/search/?api=1&query=Leif+Ericson+Park%2C+New+York%2C+NY,https://www.google.com/maps/search/?api=1&query=40.631000518799%2C-74.012199401855,pending,False,,,2207337,http://www.nycgovparks.org/events/2026/07/21/its-my-park-at-leif-ericson-park
279,it s my park at leif ericson park|2026-07-22,It's My Park at Leif Ericson Park,2026-07-22T7:00 am,Leif Ericson Park,,40.631000518799,-74.012199401855,True,True,https://www.google.com/maps/search/?api=1&query=Leif+Ericson+Park%2C+New+York%2C+NY,https://www.google.com/maps/search/?api=1&query=40.631000518799%2C-74.012199401855,pending,False,,,2207339,http://www.nycgovparks.org/events/2026/07/22/its-my-park-at-leif-ericson-park
280,it s my park at leif ericson park|2026-07-23,It's My Park at Leif Ericson Park,2026-07-23T7:00 am,Leif Ericson Park,,40.631000518799,-74.012199401855,True,True,https://www.google.com/maps/search/?api=1&query=Leif+Ericson+Park%2C+New+York%2C+NY,https://www.google.com/maps/search/?api=1&query=40.631000518799%2C-74.012199401855,pending,False,,,2207340,http://www.nycgovparks.org/events/2026/07/23/its-my-park-at-leif-ericson-park
281,it s my park at leif ericson park|2026-07-24,It's My Park at Leif Ericson Park,2026-07-24T7:00 am,Leif Ericson Park,,40.631000518799,-74.012199401855,True,True,https://www.google.com/maps/search/?api=1&query=Leif+Ericson+Park%2C+New+York%2C+NY,https://www.google.com/maps/search/?api=1&query=40.631000518799%2C-74.012199401855,pending,False,,,2207341,http://www.nycgovparks.org/events/2026/07/24/its-my-park-at-leif-ericson-park
282,it s my park at leif ericson park|2026-07-25,It's My Park at Leif Ericson Park,2026-07-25T10:00 am,Leif Ericson Park,,40.631000518799,-74.012199401855,True,False,https://www.google.com/maps/search/?api=1&query=Leif+Ericson+Park%2C+New+York%2C+NY,https://www.google.com/maps/search/?api=1&query=40.631000518799%2C-74.012199401855,pending,False,,,2211153,http://www.nycgovparks.org/events/2026/07/25/its-my-park-at-leif-ericson-park
283,it s my park at marine park|2026-07-25,It's My Park at Marine Park,2026-07-25T9:30 am,Marine Park,,40.592098236084,-73.9208984375,True,True,https://www.google.com/maps/search/?api=1&query=Marine+Park%2C+New+York%2C+NY,https://www.google.com/maps/search/?api=1&query=40.592098236084%2C-73.9208984375,pending,False,,,2182078,http://www.nycgovparks.org/events/2026/07/25/its-my-park-at-marine-park
284,it s my park at mckinley park|2026-07-19,It's My Park at McKinley Park,2026-07-19T10:00 am,McKinley Park,,40.62670135498,-74.016403198242,True,False,https://www.google.com/maps/search/?api=1&query=McKinley+Park%2C+New+York%2C+NY,https://www.google.com/maps/search/?api=1&query=40.62670135498%2C-74.016403198242,pending,False,,,2211145,http://www.nycgovparks.org/events/2026/07/19/its-my-park-at-mckinley-park
285,it s my park at mckinley park|2026-07-26,It's My Park at McKinley Park,2026-07-26T10:00 am,McKinley Park,,40.62670135498,-74.016403198242,True,False,https://www.google.com/maps/search/?api=1&query=McKinley+Park%2C+New+York%2C+NY,https://www.google.com/maps/search/?api=1&query=40.62670135498%2C-74.016403198242,pending,False,,,2211154,http://www.nycgovparks.org/events/2026/07/26/its-my-park-at-mckinley-park
286,it s my park at parade ground|2026-07-25,It's My Park at Parade Ground,2026-07-25T10:00 am,Parade Ground,,40.650901794433594,-73.96829986572266,True,False,https://www.google.com/maps/search/?api=1&query=Parade+Ground%2C+New+York%2C+NY,https://www.google.com/maps/search/?api=1&query=40.650901794433594%2C-73.96829986572266,pending,False,,,2211152,http://www.nycgovparks.org/events/2026/07/25/its-my-park-at-parade-ground
287,it s my park at peter detmold park|2026-07-16,It's My Park at Peter Detmold Park,2026-07-16T9:00 am,Peter Detmold Park,,40.7531244364,-73.9640294361,True,True,https://www.google.com/maps/search/?api=1&query=Peter+Detmold+Park%2C+New+York%2C+NY,https://www.google.com/maps/search/?api=1&query=40.7531244364%2C-73.9640294361,pending,False,,,2195838,http://www.nycgovparks.org/events/2026/07/16/its-my-park-at-peter-detmold-park
288,it s my park at ralph bunche park|2026-07-21,It's My Park at Ralph Bunche Park,2026-07-21T10:00 am,Ralph Bunche Park,,40.7493242373,-73.9697516846,True,True,https://www.google.com/maps/search/?api=1&query=Ralph+Bunche+Park%2C+New+York%2C+NY,https://www.google.com/maps/search/?api=1&query=40.7493242373%2C-73.9697516846,pending,False,,,2207338,http://www.nycgovparks.org/events/2026/07/21/its-my-park-at-ralph-bunche-park
289,it s my park at seaside wildlife nature park|2026-07-22,It's My Park at Seaside Wildlife Nature Park,2026-07-22T11:00 am,Seaside Wildlife Nature Park - boardwalk area (in Seaside Wildlife Nature Park),,40.5401825059,-74.142326843721,True,False,https://www.google.com/maps/search/?api=1&query=Seaside+Wildlife+Nature+Park+-+boardwalk+area+%28in+Seaside+Wildlife+Nature+Park%29%2C+New+York%2C+NY,https://www.google.com/maps/search/?api=1&query=40.5401825059%2C-74.142326843721,pending,False,,,2211149,http://www.nycgovparks.org/events/2026/07/22/its-my-park-at-seaside-wildlife-nature-park
290,it s my park at sunset park|2026-07-16,It's My Park at Sunset Park,2026-07-16T7:00 am,Sunset Park Recreation Center (in Sunset Park),,40.646701812744,-74.002395629883,True,True,https://www.google.com/maps/search/?api=1&query=Sunset+Park+Recreation+Center+%28in+Sunset+Park%29%2C+New+York%2C+NY,https://www.google.com/maps/search/?api=1&query=40.646701812744%2C-74.002395629883,pending,False,,,2207332,http://www.nycgovparks.org/events/2026/07/16/its-my-park-at-sunset-park
291,it s my park at sunset park|2026-07-17,It's My Park at Sunset Park,2026-07-17T7:00 am,Sunset Park Recreation Center (in Sunset Park),,40.646701812744,-74.002395629883,True,True,https://www.google.com/maps/search/?api=1&query=Sunset+Park+Recreation+Center+%28in+Sunset+Park%29%2C+New+York%2C+NY,https://www.google.com/maps/search/?api=1&query=40.646701812744%2C-74.002395629883,pending,False,,,2207335,http://www.nycgovparks.org/events/2026/07/17/its-my-park-at-sunset-park
292,it s my park at sunset park|2026-07-19,It's My Park at Sunset Park,2026-07-19T10:00 am,Sunset Park Recreation Center (in Sunset Park),,40.646701812744,-74.002395629883,True,False,https://www.google.com/maps/search/?api=1&query=Sunset+Park+Recreation+Center+%28in+Sunset+Park%29%2C+New+York%2C+NY,https://www.google.com/maps/search/?api=1&query=40.646701812744%2C-74.002395629883,pending,False,,,2211146,http://www.nycgovparks.org/events/2026/07/19/its-my-park-at-sunset-park
293,it s my park at sunset park|2026-07-21,It's My Park at Sunset Park,2026-07-21T10:00 am,Sunset Park Recreation Center (in Sunset Park),,40.646701812744,-74.002395629883,True,False,https://www.google.com/maps/search/?api=1&query=Sunset+Park+Recreation+Center+%28in+Sunset+Park%29%2C+New+York%2C+NY,https://www.google.com/maps/search/?api=1&query=40.646701812744%2C-74.002395629883,pending,False,,,2211147,http://www.nycgovparks.org/events/2026/07/21/its-my-park-at-sunset-park
294,it s my park at sunset park|2026-07-26,It's My Park at Sunset Park,2026-07-26T10:00 am,Sunset Park Recreation Center (in Sunset Park),,40.646701812744,-74.002395629883,True,False,https://www.google.com/maps/search/?api=1&query=Sunset+Park+Recreation+Center+%28in+Sunset+Park%29%2C+New+York%2C+NY,https://www.google.com/maps/search/?api=1&query=40.646701812744%2C-74.002395629883,pending,False,,,2211155,http://www.nycgovparks.org/events/2026/07/26/its-my-park-at-sunset-park
295,it s my park at tompkins square park|2026-07-25,It's My Park at Tompkins Square Park,2026-07-25T10:00 am,Tompkins Square Park,,40.7264382747,-73.9816918005,True,True,https://www.google.com/maps/search/?api=1&query=Tompkins+Square+Park%2C+New+York%2C+NY,https://www.google.com/maps/search/?api=1&query=40.7264382747%2C-73.9816918005,pending,False,,,2195844,http://www.nycgovparks.org/events/2026/07/25/its-my-park-at-tompkins-square-park
296,it s my park at westerleigh park|2026-07-18,It's My Park at Westerleigh Park,2026-07-18T9:00 am,Westerleigh Park,,40.619800567627,-74.134498596191,True,True,https://www.google.com/maps/search/?api=1&query=Westerleigh+Park%2C+New+York%2C+NY,https://www.google.com/maps/search/?api=1&query=40.619800567627%2C-74.134498596191,pending,False,,,2183892,http://www.nycgovparks.org/events/2026/07/18/its-my-park-at-westerleigh-park
297,it s my park at westerleigh park|2026-07-25,It's My Park at Westerleigh Park,2026-07-25T9:00 am,Westerleigh Park,,40.619800567627,-74.134498596191,True,True,https://www.google.com/maps/search/?api=1&query=Westerleigh+Park%2C+New+York%2C+NY,https://www.google.com/maps/search/?api=1&query=40.619800567627%2C-74.134498596191,pending,False,,,2207343,http://www.nycgovparks.org/events/2026/07/25/its-my-park-at-westerleigh-park
298,it s my park at wnyc transmitter park|2026-07-26,It's My Park at WNYC Transmitter Park,2026-07-26T10:00 am,WNYC Transmitter Park,,40.7297706604,-73.960708618164,True,True,https://www.google.com/maps/search/?api=1&query=WNYC+Transmitter+Park%2C+New+York%2C+NY,https://www.google.com/maps/search/?api=1&query=40.7297706604%2C-73.960708618164,pending,False,,,2182080,http://www.nycgovparks.org/events/2026/07/26/its-my-park-at-wnyc-transmitter-park
299,jazz in the park at ralph ellison|2026-07-19,Jazz in the Park at Ralph Ellison,2026-07-19T2:00 pm,Ralph Ellison Plaza,,40.8303481,-73.9499595,True,True,https://www.google.com/maps/search/?api=1&query=Ralph+Ellison+Plaza%2C+New+York%2C+NY,https://www.google.com/maps/search/?api=1&query=40.8303481%2C-73.9499595,pending,False,,,2153674,http://www.nycgovparks.org/events/2026/07/19/jazz-in-the-park-at-ralph-ellison
300,jazz in the park at ralph ellison|2026-07-26,Jazz in the Park at Ralph Ellison,2026-07-26T2:00 pm,Ralph Ellison Plaza,,40.8303481,-73.9499595,True,True,https://www.google.com/maps/search/?api=1&query=Ralph+Ellison+Plaza%2C+New+York%2C+NY,https://www.google.com/maps/search/?api=1&query=40.8303481%2C-73.9499595,pending,False,,,2153675,http://www.nycgovparks.org/events/2026/07/26/jazz-in-the-park-at-ralph-ellison
301,juggling in greeley square park|2026-07-17,Juggling in Greeley Square Park,2026-07-17T2:00 pm,Greeley Square Park,,40.748642685667,-73.988085303512,True,True,https://www.google.com/maps/search/?api=1&query=Greeley+Square+Park%2C+New+York%2C+NY,https://www.google.com/maps/search/?api=1&query=40.748642685667%2C-73.988085303512,pending,False,,,2171668,http://www.nycgovparks.org/events/2026/07/17/juggling-in-greeley-square-park
302,juggling in greeley square park|2026-07-24,Juggling in Greeley Square Park,2026-07-24T2:00 pm,Greeley Square Park,,40.748642685667,-73.988085303512,True,True,https://www.google.com/maps/search/?api=1&query=Greeley+Square+Park%2C+New+York%2C+NY,https://www.google.com/maps/search/?api=1&query=40.748642685667%2C-73.988085303512,pending,False,,,2171669,http://www.nycgovparks.org/events/2026/07/24/juggling-in-greeley-square-park
303,july book swap and upcycle paper craft|2026-07-24,July Book Swap and Upcycle Paper Craft,2026-07-24T3:00 pm,Greenbelt Nature Center (in Blood Root Valley),,40.588401794434,-74.139099121094,True,True,https://www.google.com/maps/search/?api=1&query=Greenbelt+Nature+Center+%28in+Blood+Root+Valley%29%2C+New+York%2C+NY,https://www.google.com/maps/search/?api=1&query=40.588401794434%2C-74.139099121094,pending,False,,,2190733,http://www.nycgovparks.org/events/2026/07/24/july-book-swap-and-upcycle-paper-craft
304,just for kids clowning around with looney louie|2026-07-26,Just for Kids: Clowning Around with Looney Louie,2026-07-26T11:00 am,Playground 278 (in Marine Park),,40.6074677,-73.9391634,True,True,https://www.google.com/maps/search/?api=1&query=Playground+278+%28in+Marine+Park%29%2C+New+York%2C+NY,https://www.google.com/maps/search/?api=1&query=40.6074677%2C-73.9391634,pending,False,,,2141012,http://www.nycgovparks.org/events/2026/07/26/just-for-kids-clowning-around-with-loco-luis
305,just for kids uncle tony 8217 s reptile show|2026-07-18,Just for Kids: Uncle Tony&#8217;s Reptile Show,2026-07-18T11:00 am,Playground 278 (in Marine Park),,40.6074677,-73.9391634,True,False,https://www.google.com/maps/search/?api=1&query=Playground+278+%28in+Marine+Park%29%2C+New+York%2C+NY,https://www.google.com/maps/search/?api=1&query=40.6074677%2C-73.9391634,pending,False,,,2141011,http://www.nycgovparks.org/events/2026/07/18/just-for-kids-uncle-tonys-reptile-show
306,k pop dance at greeley square park|2026-07-24,K-Pop Dance at Greeley Square Park,2026-07-24T6:00 pm,Greeley Square Park,,40.748642685667,-73.988085303512,True,True,https://www.google.com/maps/search/?api=1&query=Greeley+Square+Park%2C+New+York%2C+NY,https://www.google.com/maps/search/?api=1&query=40.748642685667%2C-73.988085303512,pending,False,,,2174927,http://www.nycgovparks.org/events/2026/07/24/kpop-dance-at-greeley-square-park
307,kids in motion addabbo playground|2026-07-16,Kids In Motion: Addabbo Playground,2026-07-16T10:00 am,Addabbo Playground (in Tudor Park),,40.673348394581,-73.854245422554,True,True,https://www.google.com/maps/search/?api=1&query=Addabbo+Playground+%28in+Tudor+Park%29%2C+New+York%2C+NY,https://www.google.com/maps/search/?api=1&query=40.673348394581%2C-73.854245422554,pending,False,,,2206940,http://www.nycgovparks.org/events/2026/07/16/kids-in-motion-addabbo-playground
308,kids in motion addabbo playground|2026-07-17,Kids In Motion: Addabbo Playground,2026-07-17T10:00 am,Addabbo Playground (in Tudor Park),,40.673348394581,-73.854245422554,True,True,https://www.google.com/maps/search/?api=1&query=Addabbo+Playground+%28in+Tudor+Park%29%2C+New+York%2C+NY,https://www.google.com/maps/search/?api=1&query=40.673348394581%2C-73.854245422554,pending,False,,,2207008,http://www.nycgovparks.org/events/2026/07/17/kids-in-motion-addabbo-playground
309,kids in motion addabbo playground|2026-07-18,Kids In Motion: Addabbo Playground,2026-07-18T10:00 am,Addabbo Playground (in Tudor Park),,40.673348394581,-73.854245422554,True,True,https://www.google.com/maps/search/?api=1&query=Addabbo+Playground+%28in+Tudor+Park%29%2C+New+York%2C+NY,https://www.google.com/maps/search/?api=1&query=40.673348394581%2C-73.854245422554,pending,False,,,2206843,http://www.nycgovparks.org/events/2026/07/18/kids-in-motion-addabbo-playground
310,kids in motion addabbo playground|2026-07-21,Kids In Motion: Addabbo Playground,2026-07-21T10:00 am,Addabbo Playground (in Tudor Park),,40.673348394581,-73.854245422554,True,True,https://www.google.com/maps/search/?api=1&query=Addabbo+Playground+%28in+Tudor+Park%29%2C+New+York%2C+NY,https://www.google.com/maps/search/?api=1&query=40.673348394581%2C-73.854245422554,pending,False,,,2206875,http://www.nycgovparks.org/events/2026/07/21/kids-in-motion-addabbo-playground
311,kids in motion addabbo playground|2026-07-22,Kids In Motion: Addabbo Playground,2026-07-22T10:00 am,Addabbo Playground (in Tudor Park),,40.673348394581,-73.854245422554,True,True,https://www.google.com/maps/search/?api=1&query=Addabbo+Playground+%28in+Tudor+Park%29%2C+New+York%2C+NY,https://www.google.com/maps/search/?api=1&query=40.673348394581%2C-73.854245422554,pending,False,,,2206944,http://www.nycgovparks.org/events/2026/07/22/kids-in-motion-addabbo-playground
312,kids in motion addabbo playground|2026-07-23,Kids In Motion: Addabbo Playground,2026-07-23T10:00 am,Addabbo Playground (in Tudor Park),,40.673348394581,-73.854245422554,True,True,https://www.google.com/maps/search/?api=1&query=Addabbo+Playground+%28in+Tudor+Park%29%2C+New+York%2C+NY,https://www.google.com/maps/search/?api=1&query=40.673348394581%2C-73.854245422554,pending,False,,,2206950,http://www.nycgovparks.org/events/2026/07/23/kids-in-motion-addabbo-playground
313,kids in motion addabbo playground|2026-07-24,Kids In Motion: Addabbo Playground,2026-07-24T10:00 am,Addabbo Playground (in Tudor Park),,40.673348394581,-73.854245422554,True,True,https://www.google.com/maps/search/?api=1&query=Addabbo+Playground+%28in+Tudor+Park%29%2C+New+York%2C+NY,https://www.google.com/maps/search/?api=1&query=40.673348394581%2C-73.854245422554,pending,False,,,2206812,http://www.nycgovparks.org/events/2026/07/24/kids-in-motion-addabbo-playground
314,kids in motion addabbo playground|2026-07-25,Kids In Motion: Addabbo Playground,2026-07-25T10:00 am,Addabbo Playground (in Tudor Park),,40.673348394581,-73.854245422554,True,True,https://www.google.com/maps/search/?api=1&query=Addabbo+Playground+%28in+Tudor+Park%29%2C+New+York%2C+NY,https://www.google.com/maps/search/?api=1&query=40.673348394581%2C-73.854245422554,pending,False,,,2206911,http://www.nycgovparks.org/events/2026/07/25/kids-in-motion-addabbo-playground
315,kids in motion al quinones playground color me tote bag|2026-07-22,"Kids in Motion: Al Quinones Playground (Color Me, Tote Bag)",2026-07-22T3:00 pm,Play Area (in Al Quiñones Playground),,40.815412778979,-73.901274625272,True,True,https://www.google.com/maps/search/?api=1&query=Play+Area+%28in+Al+Qui%C3%B1ones+Playground%29%2C+New+York%2C+NY,https://www.google.com/maps/search/?api=1&query=40.815412778979%2C-73.901274625272,pending,False,,,2180924,http://www.nycgovparks.org/events/2026/07/22/kids-in-motion-al-quinones-playground-color-me-tote-bag
316,kids in motion al quinones playground|2026-07-16,Kids in Motion: Al Quinones Playground,2026-07-16T10:00 am,Play Area (in Al Quiñones Playground),,40.815412778979,-73.901274625272,True,True,https://www.google.com/maps/search/?api=1&query=Play+Area+%28in+Al+Qui%C3%B1ones+Playground%29%2C+New+York%2C+NY,https://www.google.com/maps/search/?api=1&query=40.815412778979%2C-73.901274625272,pending,False,,,2180521,http://www.nycgovparks.org/events/2026/07/16/kids-in-motion-al-quinones-playground
317,kids in motion al quinones playground|2026-07-17,Kids in Motion: Al Quinones Playground,2026-07-17T10:00 am,Play Area (in Al Quiñones Playground),,40.815412778979,-73.901274625272,True,True,https://www.google.com/maps/search/?api=1&query=Play+Area+%28in+Al+Qui%C3%B1ones+Playground%29%2C+New+York%2C+NY,https://www.google.com/maps/search/?api=1&query=40.815412778979%2C-73.901274625272,pending,False,,,2180598,http://www.nycgovparks.org/events/2026/07/17/kids-in-motion-al-quinones-playground
318,kids in motion al quinones playground|2026-07-18,Kids in Motion: Al Quinones Playground,2026-07-18T10:00 am,Play Area (in Al Quiñones Playground),,40.815412778979,-73.901274625272,True,True,https://www.google.com/maps/search/?api=1&query=Play+Area+%28in+Al+Qui%C3%B1ones+Playground%29%2C+New+York%2C+NY,https://www.google.com/maps/search/?api=1&query=40.815412778979%2C-73.901274625272,pending,False,,,2180750,http://www.nycgovparks.org/events/2026/07/18/kids-in-motion-al-quinones-playground
319,kids in motion al quinones playground|2026-07-21,Kids in Motion: Al Quinones Playground,2026-07-21T10:00 am,Play Area (in Al Quiñones Playground),,40.815412778979,-73.901274625272,True,True,https://www.google.com/maps/search/?api=1&query=Play+Area+%28in+Al+Qui%C3%B1ones+Playground%29%2C+New+York%2C+NY,https://www.google.com/maps/search/?api=1&query=40.815412778979%2C-73.901274625272,pending,False,,,2180427,http://www.nycgovparks.org/events/2026/07/21/kids-in-motion-al-quinones-playground
320,kids in motion al quinones playground|2026-07-22,Kids in Motion: Al Quinones Playground,2026-07-22T10:00 am,Play Area (in Al Quiñones Playground),,40.815412778979,-73.901274625272,True,True,https://www.google.com/maps/search/?api=1&query=Play+Area+%28in+Al+Qui%C3%B1ones+Playground%29%2C+New+York%2C+NY,https://www.google.com/maps/search/?api=1&query=40.815412778979%2C-73.901274625272,pending,False,,,2180527,http://www.nycgovparks.org/events/2026/07/22/kids-in-motion-al-quinones-playground
321,kids in motion al quinones playground|2026-07-23,Kids in Motion: Al Quinones Playground,2026-07-23T10:00 am,Play Area (in Al Quiñones Playground),,40.815412778979,-73.901274625272,True,True,https://www.google.com/maps/search/?api=1&query=Play+Area+%28in+Al+Qui%C3%B1ones+Playground%29%2C+New+York%2C+NY,https://www.google.com/maps/search/?api=1&query=40.815412778979%2C-73.901274625272,pending,False,,,2180546,http://www.nycgovparks.org/events/2026/07/23/kids-in-motion-al-quinones-playground
322,kids in motion al quinones playground|2026-07-24,Kids in Motion: Al Quinones Playground,2026-07-24T10:00 am,Play Area (in Al Quiñones Playground),,40.815412778979,-73.901274625272,True,True,https://www.google.com/maps/search/?api=1&query=Play+Area+%28in+Al+Qui%C3%B1ones+Playground%29%2C+New+York%2C+NY,https://www.google.com/maps/search/?api=1&query=40.815412778979%2C-73.901274625272,pending,False,,,2180747,http://www.nycgovparks.org/events/2026/07/24/kids-in-motion-al-quinones-playground
323,kids in motion al quinones playground|2026-07-25,Kids in Motion: Al Quinones Playground,2026-07-25T10:00 am,Play Area (in Al Quiñones Playground),,40.815412778979,-73.901274625272,True,True,https://www.google.com/maps/search/?api=1&query=Play+Area+%28in+Al+Qui%C3%B1ones+Playground%29%2C+New+York%2C+NY,https://www.google.com/maps/search/?api=1&query=40.815412778979%2C-73.901274625272,pending,False,,,2180731,http://www.nycgovparks.org/events/2026/07/25/kids-in-motion-al-quinones-playground
324,kids in motion alley springfield playground|2026-07-16,Kids In Motion: Alley Springfield Playground,2026-07-16T10:00 am,Alley Springfield Playground (in Alley Pond Park),,40.741525676437,-73.748691678048,True,True,https://www.google.com/maps/search/?api=1&query=Alley+Springfield+Playground+%28in+Alley+Pond+Park%29%2C+New+York%2C+NY,https://www.google.com/maps/search/?api=1&query=40.741525676437%2C-73.748691678048,pending,False,,,2207217,http://www.nycgovparks.org/events/2026/07/16/kids-in-motion-lower-highland-playground
325,kids in motion alley springfield playground|2026-07-17,Kids In Motion: Alley Springfield Playground,2026-07-17T10:00 am,Alley Springfield Playground (in Alley Pond Park),,40.741525676437,-73.748691678048,True,True,https://www.google.com/maps/search/?api=1&query=Alley+Springfield+Playground+%28in+Alley+Pond+Park%29%2C+New+York%2C+NY,https://www.google.com/maps/search/?api=1&query=40.741525676437%2C-73.748691678048,pending,False,,,2207184,http://www.nycgovparks.org/events/2026/07/17/kids-in-motion-lower-highland-playground
326,kids in motion alley springfield playground|2026-07-18,Kids In Motion: Alley Springfield Playground,2026-07-18T10:00 am,Alley Springfield Playground (in Alley Pond Park),,40.741525676437,-73.748691678048,True,True,https://www.google.com/maps/search/?api=1&query=Alley+Springfield+Playground+%28in+Alley+Pond+Park%29%2C+New+York%2C+NY,https://www.google.com/maps/search/?api=1&query=40.741525676437%2C-73.748691678048,pending,False,,,2207204,http://www.nycgovparks.org/events/2026/07/18/kids-in-motion-lower-highland-playground
327,kids in motion alley springfield playground|2026-07-21,Kids In Motion: Alley Springfield Playground,2026-07-21T10:00 am,Alley Springfield Playground (in Alley Pond Park),,40.741525676437,-73.748691678048,True,True,https://www.google.com/maps/search/?api=1&query=Alley+Springfield+Playground+%28in+Alley+Pond+Park%29%2C+New+York%2C+NY,https://www.google.com/maps/search/?api=1&query=40.741525676437%2C-73.748691678048,pending,False,,,2207155,http://www.nycgovparks.org/events/2026/07/21/kids-in-motion-lower-highland-playground
328,kids in motion alley springfield playground|2026-07-22,Kids In Motion: Alley Springfield Playground,2026-07-22T10:00 am,Alley Springfield Playground (in Alley Pond Park),,40.741525676437,-73.748691678048,True,True,https://www.google.com/maps/search/?api=1&query=Alley+Springfield+Playground+%28in+Alley+Pond+Park%29%2C+New+York%2C+NY,https://www.google.com/maps/search/?api=1&query=40.741525676437%2C-73.748691678048,pending,False,,,2207170,http://www.nycgovparks.org/events/2026/07/22/kids-in-motion-lower-highland-playground
329,kids in motion alley springfield playground|2026-07-23,Kids In Motion: Alley Springfield Playground,2026-07-23T10:00 am,Alley Springfield Playground (in Alley Pond Park),,40.741525676437,-73.748691678048,True,True,https://www.google.com/maps/search/?api=1&query=Alley+Springfield+Playground+%28in+Alley+Pond+Park%29%2C+New+York%2C+NY,https://www.google.com/maps/search/?api=1&query=40.741525676437%2C-73.748691678048,pending,False,,,2207227,http://www.nycgovparks.org/events/2026/07/23/kids-in-motion-lower-highland-playground
330,kids in motion alley springfield playground|2026-07-24,Kids In Motion: Alley Springfield Playground,2026-07-24T10:00 am,Alley Springfield Playground (in Alley Pond Park),,40.741525676437,-73.748691678048,True,True,https://www.google.com/maps/search/?api=1&query=Alley+Springfield+Playground+%28in+Alley+Pond+Park%29%2C+New+York%2C+NY,https://www.google.com/maps/search/?api=1&query=40.741525676437%2C-73.748691678048,pending,False,,,2207108,http://www.nycgovparks.org/events/2026/07/24/kids-in-motion-lower-highland-playground
331,kids in motion alley springfield playground|2026-07-25,Kids In Motion: Alley Springfield Playground,2026-07-25T10:00 am,Alley Springfield Playground (in Alley Pond Park),,40.741525676437,-73.748691678048,True,True,https://www.google.com/maps/search/?api=1&query=Alley+Springfield+Playground+%28in+Alley+Pond+Park%29%2C+New+York%2C+NY,https://www.google.com/maps/search/?api=1&query=40.741525676437%2C-73.748691678048,pending,False,,,2207113,http://www.nycgovparks.org/events/2026/07/25/kids-in-motion-lower-highland-playground
332,kids in motion arrochar|2026-07-16,Kids In Motion: Arrochar,2026-07-16T10:00 am,Play Area (in Arrochar Playground),,40.597699406311,-74.071126343877,True,True,https://www.google.com/maps/search/?api=1&query=Play+Area+%28in+Arrochar+Playground%29%2C+New+York%2C+NY,https://www.google.com/maps/search/?api=1&query=40.597699406311%2C-74.071126343877,pending,False,,,2172730,http://www.nycgovparks.org/events/2026/07/16/kim-arrochar
333,kids in motion arrochar|2026-07-17,Kids In Motion: Arrochar,2026-07-17T10:00 am,Play Area (in Arrochar Playground),,40.597699406311,-74.071126343877,True,True,https://www.google.com/maps/search/?api=1&query=Play+Area+%28in+Arrochar+Playground%29%2C+New+York%2C+NY,https://www.google.com/maps/search/?api=1&query=40.597699406311%2C-74.071126343877,pending,False,,,2172578,http://www.nycgovparks.org/events/2026/07/17/kim-arrochar
334,kids in motion arrochar|2026-07-18,Kids In Motion: Arrochar,2026-07-18T10:00 am,Play Area (in Arrochar Playground),,40.597699406311,-74.071126343877,True,True,https://www.google.com/maps/search/?api=1&query=Play+Area+%28in+Arrochar+Playground%29%2C+New+York%2C+NY,https://www.google.com/maps/search/?api=1&query=40.597699406311%2C-74.071126343877,pending,False,,,2172165,http://www.nycgovparks.org/events/2026/07/18/kim-arrochar
335,kids in motion arrochar|2026-07-21,Kids In Motion: Arrochar,2026-07-21T10:00 am,Play Area (in Arrochar Playground),,40.597699406311,-74.071126343877,True,True,https://www.google.com/maps/search/?api=1&query=Play+Area+%28in+Arrochar+Playground%29%2C+New+York%2C+NY,https://www.google.com/maps/search/?api=1&query=40.597699406311%2C-74.071126343877,pending,False,,,2171932,http://www.nycgovparks.org/events/2026/07/21/kim-arrochar
336,kids in motion arrochar|2026-07-22,Kids In Motion: Arrochar,2026-07-22T10:00 am,Play Area (in Arrochar Playground),,40.597699406311,-74.071126343877,True,True,https://www.google.com/maps/search/?api=1&query=Play+Area+%28in+Arrochar+Playground%29%2C+New+York%2C+NY,https://www.google.com/maps/search/?api=1&query=40.597699406311%2C-74.071126343877,pending,False,,,2172338,http://www.nycgovparks.org/events/2026/07/22/kim-arrochar
337,kids in motion arrochar|2026-07-23,Kids In Motion: Arrochar,2026-07-23T10:00 am,Play Area (in Arrochar Playground),,40.597699406311,-74.071126343877,True,True,https://www.google.com/maps/search/?api=1&query=Play+Area+%28in+Arrochar+Playground%29%2C+New+York%2C+NY,https://www.google.com/maps/search/?api=1&query=40.597699406311%2C-74.071126343877,pending,False,,,2172256,http://www.nycgovparks.org/events/2026/07/23/kim-arrochar
338,kids in motion arrochar|2026-07-24,Kids In Motion: Arrochar,2026-07-24T10:00 am,Play Area (in Arrochar Playground),,40.597699406311,-74.071126343877,True,True,https://www.google.com/maps/search/?api=1&query=Play+Area+%28in+Arrochar+Playground%29%2C+New+York%2C+NY,https://www.google.com/maps/search/?api=1&query=40.597699406311%2C-74.071126343877,pending,False,,,2172496,http://www.nycgovparks.org/events/2026/07/24/kim-arrochar
339,kids in motion arrochar|2026-07-25,Kids In Motion: Arrochar,2026-07-25T10:00 am,Play Area (in Arrochar Playground),,40.597699406311,-74.071126343877,True,True,https://www.google.com/maps/search/?api=1&query=Play+Area+%28in+Arrochar+Playground%29%2C+New+York%2C+NY,https://www.google.com/maps/search/?api=1&query=40.597699406311%2C-74.071126343877,pending,False,,,2172572,http://www.nycgovparks.org/events/2026/07/25/kim-arrochar
340,kids in motion austin j mcdonald s playground|2026-07-16,Kids In Motion: Austin J. McDonald's Playground,2026-07-16T10:00 am,Austin J. McDonald Playground Fieldhouse (in Austin J. McDonald Playground),,40.629100799561,-74.115501403809,True,True,https://www.google.com/maps/search/?api=1&query=Austin+J.+McDonald+Playground+Fieldhouse+%28in+Austin+J.+McDonald+Playground%29%2C+New+York%2C+NY,https://www.google.com/maps/search/?api=1&query=40.629100799561%2C-74.115501403809,pending,False,,,2175827,http://www.nycgovparks.org/events/2026/07/16/kim-austin-j-mcdonalds-playground
341,kids in motion austin j mcdonald s playground|2026-07-17,Kids In Motion: Austin J. McDonald's Playground,2026-07-17T10:00 am,Austin J. McDonald Playground Fieldhouse (in Austin J. McDonald Playground),,40.629100799561,-74.115501403809,True,True,https://www.google.com/maps/search/?api=1&query=Austin+J.+McDonald+Playground+Fieldhouse+%28in+Austin+J.+McDonald+Playground%29%2C+New+York%2C+NY,https://www.google.com/maps/search/?api=1&query=40.629100799561%2C-74.115501403809,pending,False,,,2176061,http://www.nycgovparks.org/events/2026/07/17/kim-austin-j-mcdonalds-playground
342,kids in motion austin j mcdonald s playground|2026-07-18,Kids In Motion: Austin J. McDonald's Playground,2026-07-18T10:00 am,Austin J. McDonald Playground Fieldhouse (in Austin J. McDonald Playground),,40.629100799561,-74.115501403809,True,True,https://www.google.com/maps/search/?api=1&query=Austin+J.+McDonald+Playground+Fieldhouse+%28in+Austin+J.+McDonald+Playground%29%2C+New+York%2C+NY,https://www.google.com/maps/search/?api=1&query=40.629100799561%2C-74.115501403809,pending,False,,,2175837,http://www.nycgovparks.org/events/2026/07/18/kim-austin-j-mcdonalds-playground
343,kids in motion austin j mcdonald s playground|2026-07-21,Kids In Motion: Austin J. McDonald's Playground,2026-07-21T10:00 am,Austin J. McDonald Playground Fieldhouse (in Austin J. McDonald Playground),,40.629100799561,-74.115501403809,True,True,https://www.google.com/maps/search/?api=1&query=Austin+J.+McDonald+Playground+Fieldhouse+%28in+Austin+J.+McDonald+Playground%29%2C+New+York%2C+NY,https://www.google.com/maps/search/?api=1&query=40.629100799561%2C-74.115501403809,pending,False,,,2175906,http://www.nycgovparks.org/events/2026/07/21/kim-austin-j-mcdonalds-playground
344,kids in motion austin j mcdonald s playground|2026-07-22,Kids In Motion: Austin J. McDonald's Playground,2026-07-22T10:00 am,Austin J. McDonald Playground Fieldhouse (in Austin J. McDonald Playground),,40.629100799561,-74.115501403809,True,True,https://www.google.com/maps/search/?api=1&query=Austin+J.+McDonald+Playground+Fieldhouse+%28in+Austin+J.+McDonald+Playground%29%2C+New+York%2C+NY,https://www.google.com/maps/search/?api=1&query=40.629100799561%2C-74.115501403809,pending,False,,,2175907,http://www.nycgovparks.org/events/2026/07/22/kim-austin-j-mcdonalds-playground
345,kids in motion austin j mcdonald s playground|2026-07-23,Kids In Motion: Austin J. McDonald's Playground,2026-07-23T10:00 am,Austin J. McDonald Playground Fieldhouse (in Austin J. McDonald Playground),,40.629100799561,-74.115501403809,True,True,https://www.google.com/maps/search/?api=1&query=Austin+J.+McDonald+Playground+Fieldhouse+%28in+Austin+J.+McDonald+Playground%29%2C+New+York%2C+NY,https://www.google.com/maps/search/?api=1&query=40.629100799561%2C-74.115501403809,pending,False,,,2176003,http://www.nycgovparks.org/events/2026/07/23/kim-austin-j-mcdonalds-playground
346,kids in motion austin j mcdonald s playground|2026-07-24,Kids In Motion: Austin J. McDonald's Playground,2026-07-24T10:00 am,Austin J. McDonald Playground Fieldhouse (in Austin J. McDonald Playground),,40.629100799561,-74.115501403809,True,True,https://www.google.com/maps/search/?api=1&query=Austin+J.+McDonald+Playground+Fieldhouse+%28in+Austin+J.+McDonald+Playground%29%2C+New+York%2C+NY,https://www.google.com/maps/search/?api=1&query=40.629100799561%2C-74.115501403809,pending,False,,,2175910,http://www.nycgovparks.org/events/2026/07/24/kim-austin-j-mcdonalds-playground
347,kids in motion austin j mcdonald s playground|2026-07-25,Kids In Motion: Austin J. McDonald's Playground,2026-07-25T10:00 am,Austin J. McDonald Playground Fieldhouse (in Austin J. McDonald Playground),,40.629100799561,-74.115501403809,True,True,https://www.google.com/maps/search/?api=1&query=Austin+J.+McDonald+Playground+Fieldhouse+%28in+Austin+J.+McDonald+Playground%29%2C+New+York%2C+NY,https://www.google.com/maps/search/?api=1&query=40.629100799561%2C-74.115501403809,pending,False,,,2175823,http://www.nycgovparks.org/events/2026/07/25/kim-austin-j-mcdonalds-playground
348,kids in motion ben abrams playground color me tote bag|2026-07-22,"Kids in Motion: Ben Abrams Playground (Color Me, Tote Bag)",2026-07-22T3:00 pm,Ben Abrams Playground (in Bronx Park),,40.854499816895,-73.870101928711,True,True,https://www.google.com/maps/search/?api=1&query=Ben+Abrams+Playground+%28in+Bronx+Park%29%2C+New+York%2C+NY,https://www.google.com/maps/search/?api=1&query=40.854499816895%2C-73.870101928711,pending,False,,,2181076,http://www.nycgovparks.org/events/2026/07/22/kids-in-motion-ben-abrams-playground-color-me-tote-bag
349,kids in motion ben abrams playground|2026-07-16,Kids in Motion: Ben Abrams Playground,2026-07-16T10:00 am,Ben Abrams Playground (in Bronx Park),,40.854499816895,-73.870101928711,True,True,https://www.google.com/maps/search/?api=1&query=Ben+Abrams+Playground+%28in+Bronx+Park%29%2C+New+York%2C+NY,https://www.google.com/maps/search/?api=1&query=40.854499816895%2C-73.870101928711,pending,False,,,2208848,http://www.nycgovparks.org/events/2026/07/16/kids-in-motion-ben-abrams-playground
350,kids in motion ben abrams playground|2026-07-17,Kids in Motion: Ben Abrams Playground,2026-07-17T10:00 am,Ben Abrams Playground (in Bronx Park),,40.854499816895,-73.870101928711,True,True,https://www.google.com/maps/search/?api=1&query=Ben+Abrams+Playground+%28in+Bronx+Park%29%2C+New+York%2C+NY,https://www.google.com/maps/search/?api=1&query=40.854499816895%2C-73.870101928711,pending,False,,,2208740,http://www.nycgovparks.org/events/2026/07/17/kids-in-motion-ben-abrams-playground
351,kids in motion ben abrams playground|2026-07-18,Kids in Motion: Ben Abrams Playground,2026-07-18T10:00 am,Ben Abrams Playground (in Bronx Park),,40.854499816895,-73.870101928711,True,True,https://www.google.com/maps/search/?api=1&query=Ben+Abrams+Playground+%28in+Bronx+Park%29%2C+New+York%2C+NY,https://www.google.com/maps/search/?api=1&query=40.854499816895%2C-73.870101928711,pending,False,,,2208710,http://www.nycgovparks.org/events/2026/07/18/kids-in-motion-ben-abrams-playground
352,kids in motion ben abrams playground|2026-07-21,Kids in Motion: Ben Abrams Playground,2026-07-21T10:00 am,Ben Abrams Playground (in Bronx Park),,40.854499816895,-73.870101928711,True,True,https://www.google.com/maps/search/?api=1&query=Ben+Abrams+Playground+%28in+Bronx+Park%29%2C+New+York%2C+NY,https://www.google.com/maps/search/?api=1&query=40.854499816895%2C-73.870101928711,pending,False,,,2208849,http://www.nycgovparks.org/events/2026/07/21/kids-in-motion-ben-abrams-playground
353,kids in motion ben abrams playground|2026-07-22,Kids in Motion: Ben Abrams Playground,2026-07-22T10:00 am,Ben Abrams Playground (in Bronx Park),,40.854499816895,-73.870101928711,True,True,https://www.google.com/maps/search/?api=1&query=Ben+Abrams+Playground+%28in+Bronx+Park%29%2C+New+York%2C+NY,https://www.google.com/maps/search/?api=1&query=40.854499816895%2C-73.870101928711,pending,False,,,2208866,http://www.nycgovparks.org/events/2026/07/22/kids-in-motion-ben-abrams-playground
354,kids in motion ben abrams playground|2026-07-23,Kids in Motion: Ben Abrams Playground,2026-07-23T10:00 am,Ben Abrams Playground (in Bronx Park),,40.854499816895,-73.870101928711,True,True,https://www.google.com/maps/search/?api=1&query=Ben+Abrams+Playground+%28in+Bronx+Park%29%2C+New+York%2C+NY,https://www.google.com/maps/search/?api=1&query=40.854499816895%2C-73.870101928711,pending,False,,,2208850,http://www.nycgovparks.org/events/2026/07/23/kids-in-motion-ben-abrams-playground
355,kids in motion ben abrams playground|2026-07-24,Kids in Motion: Ben Abrams Playground,2026-07-24T10:00 am,Ben Abrams Playground (in Bronx Park),,40.854499816895,-73.870101928711,True,True,https://www.google.com/maps/search/?api=1&query=Ben+Abrams+Playground+%28in+Bronx+Park%29%2C+New+York%2C+NY,https://www.google.com/maps/search/?api=1&query=40.854499816895%2C-73.870101928711,pending,False,,,2208800,http://www.nycgovparks.org/events/2026/07/24/kids-in-motion-ben-abrams-playground
356,kids in motion ben abrams playground|2026-07-25,Kids in Motion: Ben Abrams Playground,2026-07-25T10:00 am,Ben Abrams Playground (in Bronx Park),,40.854499816895,-73.870101928711,True,True,https://www.google.com/maps/search/?api=1&query=Ben+Abrams+Playground+%28in+Bronx+Park%29%2C+New+York%2C+NY,https://www.google.com/maps/search/?api=1&query=40.854499816895%2C-73.870101928711,pending,False,,,2208704,http://www.nycgovparks.org/events/2026/07/25/kids-in-motion-ben-abrams-playground
357,kids in motion bloomingdale playground|2026-07-16,Kids In Motion: Bloomingdale Playground,2026-07-16T10:00 am,Play Area (in Bloomingdale Playground),,40.799301147461,-73.966003417969,True,True,https://www.google.com/maps/search/?api=1&query=Play+Area+%28in+Bloomingdale+Playground%29%2C+New+York%2C+NY,https://www.google.com/maps/search/?api=1&query=40.799301147461%2C-73.966003417969,pending,False,,,2207283,http://www.nycgovparks.org/events/2026/07/16/kids-in-motion-bloomingdale-playground
358,kids in motion bloomingdale playground|2026-07-17,Kids In Motion: Bloomingdale Playground,2026-07-17T10:00 am,Play Area (in Bloomingdale Playground),,40.799301147461,-73.966003417969,True,True,https://www.google.com/maps/search/?api=1&query=Play+Area+%28in+Bloomingdale+Playground%29%2C+New+York%2C+NY,https://www.google.com/maps/search/?api=1&query=40.799301147461%2C-73.966003417969,pending,False,,,2207305,http://www.nycgovparks.org/events/2026/07/17/kids-in-motion-bloomingdale-playground
359,kids in motion bloomingdale playground|2026-07-18,Kids In Motion: Bloomingdale Playground,2026-07-18T10:00 am,Play Area (in Bloomingdale Playground),,40.799301147461,-73.966003417969,True,True,https://www.google.com/maps/search/?api=1&query=Play+Area+%28in+Bloomingdale+Playground%29%2C+New+York%2C+NY,https://www.google.com/maps/search/?api=1&query=40.799301147461%2C-73.966003417969,pending,False,,,2183228,http://www.nycgovparks.org/events/2026/07/18/kids-in-motion-bloomingdale-playground
360,kids in motion bloomingdale playground|2026-07-21,Kids In Motion: Bloomingdale Playground,2026-07-21T10:00 am,Play Area (in Bloomingdale Playground),,40.799301147461,-73.966003417969,True,True,https://www.google.com/maps/search/?api=1&query=Play+Area+%28in+Bloomingdale+Playground%29%2C+New+York%2C+NY,https://www.google.com/maps/search/?api=1&query=40.799301147461%2C-73.966003417969,pending,False,,,2207288,http://www.nycgovparks.org/events/2026/07/21/kids-in-motion-bloomingdale-playground
361,kids in motion bloomingdale playground|2026-07-22,Kids In Motion: Bloomingdale Playground,2026-07-22T10:00 am,Play Area (in Bloomingdale Playground),,40.799301147461,-73.966003417969,True,True,https://www.google.com/maps/search/?api=1&query=Play+Area+%28in+Bloomingdale+Playground%29%2C+New+York%2C+NY,https://www.google.com/maps/search/?api=1&query=40.799301147461%2C-73.966003417969,pending,False,,,2207269,http://www.nycgovparks.org/events/2026/07/22/kids-in-motion-bloomingdale-playground
362,kids in motion bloomingdale playground|2026-07-23,Kids In Motion: Bloomingdale Playground,2026-07-23T10:00 am,Play Area (in Bloomingdale Playground),,40.799301147461,-73.966003417969,True,True,https://www.google.com/maps/search/?api=1&query=Play+Area+%28in+Bloomingdale+Playground%29%2C+New+York%2C+NY,https://www.google.com/maps/search/?api=1&query=40.799301147461%2C-73.966003417969,pending,False,,,2207258,http://www.nycgovparks.org/events/2026/07/23/kids-in-motion-bloomingdale-playground
363,kids in motion bloomingdale playground|2026-07-24,Kids In Motion: Bloomingdale Playground,2026-07-24T10:00 am,Play Area (in Bloomingdale Playground),,40.799301147461,-73.966003417969,True,True,https://www.google.com/maps/search/?api=1&query=Play+Area+%28in+Bloomingdale+Playground%29%2C+New+York%2C+NY,https://www.google.com/maps/search/?api=1&query=40.799301147461%2C-73.966003417969,pending,False,,,2207281,http://www.nycgovparks.org/events/2026/07/24/kids-in-motion-bloomingdale-playground
364,kids in motion bloomingdale playground|2026-07-25,Kids In Motion: Bloomingdale Playground,2026-07-25T10:00 am,Play Area (in Bloomingdale Playground),,40.799301147461,-73.966003417969,True,True,https://www.google.com/maps/search/?api=1&query=Play+Area+%28in+Bloomingdale+Playground%29%2C+New+York%2C+NY,https://www.google.com/maps/search/?api=1&query=40.799301147461%2C-73.966003417969,pending,False,,,2183240,http://www.nycgovparks.org/events/2026/07/25/kids-in-motion-bloomingdale-playground
365,kids in motion bowne park|2026-07-16,Kids In Motion: Bowne Park,2026-07-16T10:00 am,Bowne Park Playground (in Bowne Park),,40.770342804862,-73.805915415287,True,True,https://www.google.com/maps/search/?api=1&query=Bowne+Park+Playground+%28in+Bowne+Park%29%2C+New+York%2C+NY,https://www.google.com/maps/search/?api=1&query=40.770342804862%2C-73.805915415287,pending,False,,,2204525,http://www.nycgovparks.org/events/2026/07/16/kids-in-motion-bowne-park
366,kids in motion bowne park|2026-07-17,Kids In Motion: Bowne Park,2026-07-17T10:00 am,Bowne Park Playground (in Bowne Park),,40.770342804862,-73.805915415287,True,True,https://www.google.com/maps/search/?api=1&query=Bowne+Park+Playground+%28in+Bowne+Park%29%2C+New+York%2C+NY,https://www.google.com/maps/search/?api=1&query=40.770342804862%2C-73.805915415287,pending,False,,,2204566,http://www.nycgovparks.org/events/2026/07/17/kids-in-motion-bowne-park
367,kids in motion bowne park|2026-07-18,Kids In Motion: Bowne Park,2026-07-18T10:00 am,Bowne Park Playground (in Bowne Park),,40.770342804862,-73.805915415287,True,True,https://www.google.com/maps/search/?api=1&query=Bowne+Park+Playground+%28in+Bowne+Park%29%2C+New+York%2C+NY,https://www.google.com/maps/search/?api=1&query=40.770342804862%2C-73.805915415287,pending,False,,,2204564,http://www.nycgovparks.org/events/2026/07/18/kids-in-motion-bowne-park
368,kids in motion bowne park|2026-07-21,Kids In Motion: Bowne Park,2026-07-21T10:00 am,Bowne Park Playground (in Bowne Park),,40.770342804862,-73.805915415287,True,True,https://www.google.com/maps/search/?api=1&query=Bowne+Park+Playground+%28in+Bowne+Park%29%2C+New+York%2C+NY,https://www.google.com/maps/search/?api=1&query=40.770342804862%2C-73.805915415287,pending,False,,,2204505,http://www.nycgovparks.org/events/2026/07/21/kids-in-motion-bowne-park
369,kids in motion bowne park|2026-07-22,Kids In Motion: Bowne Park,2026-07-22T10:00 am,Bowne Park Playground (in Bowne Park),,40.770342804862,-73.805915415287,True,True,https://www.google.com/maps/search/?api=1&query=Bowne+Park+Playground+%28in+Bowne+Park%29%2C+New+York%2C+NY,https://www.google.com/maps/search/?api=1&query=40.770342804862%2C-73.805915415287,pending,False,,,2204487,http://www.nycgovparks.org/events/2026/07/22/kids-in-motion-bowne-park
370,kids in motion bowne park|2026-07-23,Kids In Motion: Bowne Park,2026-07-23T10:00 am,Bowne Park Playground (in Bowne Park),,40.770342804862,-73.805915415287,True,True,https://www.google.com/maps/search/?api=1&query=Bowne+Park+Playground+%28in+Bowne+Park%29%2C+New+York%2C+NY,https://www.google.com/maps/search/?api=1&query=40.770342804862%2C-73.805915415287,pending,False,,,2204527,http://www.nycgovparks.org/events/2026/07/23/kids-in-motion-bowne-park
371,kids in motion bowne park|2026-07-24,Kids In Motion: Bowne Park,2026-07-24T10:00 am,Bowne Park Playground (in Bowne Park),,40.770342804862,-73.805915415287,True,True,https://www.google.com/maps/search/?api=1&query=Bowne+Park+Playground+%28in+Bowne+Park%29%2C+New+York%2C+NY,https://www.google.com/maps/search/?api=1&query=40.770342804862%2C-73.805915415287,pending,False,,,2204524,http://www.nycgovparks.org/events/2026/07/24/kids-in-motion-bowne-park
372,kids in motion bowne park|2026-07-25,Kids In Motion: Bowne Park,2026-07-25T10:00 am,Bowne Park Playground (in Bowne Park),,40.770342804862,-73.805915415287,True,True,https://www.google.com/maps/search/?api=1&query=Bowne+Park+Playground+%28in+Bowne+Park%29%2C+New+York%2C+NY,https://www.google.com/maps/search/?api=1&query=40.770342804862%2C-73.805915415287,pending,False,,,2204506,http://www.nycgovparks.org/events/2026/07/25/kids-in-motion-bowne-park
373,kids in motion bowne playground|2026-07-16,Kids In Motion: Bowne Playground,2026-07-16T10:00 am,Play Area (in Bowne Playground),,40.758201599121,-73.824798583984,True,True,https://www.google.com/maps/search/?api=1&query=Play+Area+%28in+Bowne+Playground%29%2C+New+York%2C+NY,https://www.google.com/maps/search/?api=1&query=40.758201599121%2C-73.824798583984,pending,False,,,2184872,http://www.nycgovparks.org/events/2026/07/16/kids-in-motion-bowne-playground
374,kids in motion bowne playground|2026-07-17,Kids In Motion: Bowne Playground,2026-07-17T10:00 am,Play Area (in Bowne Playground),,40.758201599121,-73.824798583984,True,True,https://www.google.com/maps/search/?api=1&query=Play+Area+%28in+Bowne+Playground%29%2C+New+York%2C+NY,https://www.google.com/maps/search/?api=1&query=40.758201599121%2C-73.824798583984,pending,False,,,2184880,http://www.nycgovparks.org/events/2026/07/17/kids-in-motion-bowne-playground
375,kids in motion bowne playground|2026-07-18,Kids In Motion: Bowne Playground,2026-07-18T10:00 am,Play Area (in Bowne Playground),,40.758201599121,-73.824798583984,True,True,https://www.google.com/maps/search/?api=1&query=Play+Area+%28in+Bowne+Playground%29%2C+New+York%2C+NY,https://www.google.com/maps/search/?api=1&query=40.758201599121%2C-73.824798583984,pending,False,,,2184862,http://www.nycgovparks.org/events/2026/07/18/kids-in-motion-bowne-playground
376,kids in motion bowne playground|2026-07-21,Kids In Motion: Bowne Playground,2026-07-21T10:00 am,Play Area (in Bowne Playground),,40.758201599121,-73.824798583984,True,True,https://www.google.com/maps/search/?api=1&query=Play+Area+%28in+Bowne+Playground%29%2C+New+York%2C+NY,https://www.google.com/maps/search/?api=1&query=40.758201599121%2C-73.824798583984,pending,False,,,2184855,http://www.nycgovparks.org/events/2026/07/21/kids-in-motion-bowne-playground
377,kids in motion bowne playground|2026-07-22,Kids In Motion: Bowne Playground,2026-07-22T10:00 am,Play Area (in Bowne Playground),,40.758201599121,-73.824798583984,True,True,https://www.google.com/maps/search/?api=1&query=Play+Area+%28in+Bowne+Playground%29%2C+New+York%2C+NY,https://www.google.com/maps/search/?api=1&query=40.758201599121%2C-73.824798583984,pending,False,,,2184761,http://www.nycgovparks.org/events/2026/07/22/kids-in-motion-bowne-playground
378,kids in motion bowne playground|2026-07-23,Kids In Motion: Bowne Playground,2026-07-23T10:00 am,Play Area (in Bowne Playground),,40.758201599121,-73.824798583984,True,True,https://www.google.com/maps/search/?api=1&query=Play+Area+%28in+Bowne+Playground%29%2C+New+York%2C+NY,https://www.google.com/maps/search/?api=1&query=40.758201599121%2C-73.824798583984,pending,False,,,2184763,http://www.nycgovparks.org/events/2026/07/23/kids-in-motion-bowne-playground
379,kids in motion bowne playground|2026-07-24,Kids In Motion: Bowne Playground,2026-07-24T10:00 am,Play Area (in Bowne Playground),,40.758201599121,-73.824798583984,True,True,https://www.google.com/maps/search/?api=1&query=Play+Area+%28in+Bowne+Playground%29%2C+New+York%2C+NY,https://www.google.com/maps/search/?api=1&query=40.758201599121%2C-73.824798583984,pending,False,,,2184719,http://www.nycgovparks.org/events/2026/07/24/kids-in-motion-bowne-playground
380,kids in motion bowne playground|2026-07-25,Kids In Motion: Bowne Playground,2026-07-25T10:00 am,Play Area (in Bowne Playground),,40.758201599121,-73.824798583984,True,True,https://www.google.com/maps/search/?api=1&query=Play+Area+%28in+Bowne+Playground%29%2C+New+York%2C+NY,https://www.google.com/maps/search/?api=1&query=40.758201599121%2C-73.824798583984,pending,False,,,2184714,http://www.nycgovparks.org/events/2026/07/25/kids-in-motion-bowne-playground
381,kids in motion brookville park|2026-07-16,Kids In Motion: Brookville Park,2026-07-16T10:00 am,Brookville Playground (in Brookville Park),,40.6622043,-73.742109417915,True,True,https://www.google.com/maps/search/?api=1&query=Brookville+Playground+%28in+Brookville+Park%29%2C+New+York%2C+NY,https://www.google.com/maps/search/?api=1&query=40.6622043%2C-73.742109417915,pending,False,,,2183427,http://www.nycgovparks.org/events/2026/07/16/kids-in-motion-brookville-park
382,kids in motion brookville park|2026-07-17,Kids In Motion: Brookville Park,2026-07-17T10:00 am,Brookville Playground (in Brookville Park),,40.6622043,-73.742109417915,True,True,https://www.google.com/maps/search/?api=1&query=Brookville+Playground+%28in+Brookville+Park%29%2C+New+York%2C+NY,https://www.google.com/maps/search/?api=1&query=40.6622043%2C-73.742109417915,pending,False,,,2183554,http://www.nycgovparks.org/events/2026/07/17/kids-in-motion-brookville-park
383,kids in motion brookville park|2026-07-18,Kids In Motion: Brookville Park,2026-07-18T10:00 am,Brookville Playground (in Brookville Park),,40.6622043,-73.742109417915,True,True,https://www.google.com/maps/search/?api=1&query=Brookville+Playground+%28in+Brookville+Park%29%2C+New+York%2C+NY,https://www.google.com/maps/search/?api=1&query=40.6622043%2C-73.742109417915,pending,False,,,2183456,http://www.nycgovparks.org/events/2026/07/18/kids-in-motion-brookville-park
384,kids in motion brookville park|2026-07-21,Kids In Motion: Brookville Park,2026-07-21T10:00 am,Brookville Playground (in Brookville Park),,40.6622043,-73.742109417915,True,True,https://www.google.com/maps/search/?api=1&query=Brookville+Playground+%28in+Brookville+Park%29%2C+New+York%2C+NY,https://www.google.com/maps/search/?api=1&query=40.6622043%2C-73.742109417915,pending,False,,,2183685,http://www.nycgovparks.org/events/2026/07/21/kids-in-motion-brookville-park
385,kids in motion brookville park|2026-07-22,Kids In Motion: Brookville Park,2026-07-22T10:00 am,Brookville Playground (in Brookville Park),,40.6622043,-73.742109417915,True,True,https://www.google.com/maps/search/?api=1&query=Brookville+Playground+%28in+Brookville+Park%29%2C+New+York%2C+NY,https://www.google.com/maps/search/?api=1&query=40.6622043%2C-73.742109417915,pending,False,,,2183616,http://www.nycgovparks.org/events/2026/07/22/kids-in-motion-brookville-park
386,kids in motion brookville park|2026-07-23,Kids In Motion: Brookville Park,2026-07-23T10:00 am,Brookville Playground (in Brookville Park),,40.6622043,-73.742109417915,True,True,https://www.google.com/maps/search/?api=1&query=Brookville+Playground+%28in+Brookville+Park%29%2C+New+York%2C+NY,https://www.google.com/maps/search/?api=1&query=40.6622043%2C-73.742109417915,pending,False,,,2183601,http://www.nycgovparks.org/events/2026/07/23/kids-in-motion-brookville-park
387,kids in motion brookville park|2026-07-24,Kids In Motion: Brookville Park,2026-07-24T10:00 am,Brookville Playground (in Brookville Park),,40.6622043,-73.742109417915,True,True,https://www.google.com/maps/search/?api=1&query=Brookville+Playground+%28in+Brookville+Park%29%2C+New+York%2C+NY,https://www.google.com/maps/search/?api=1&query=40.6622043%2C-73.742109417915,pending,False,,,2183568,http://www.nycgovparks.org/events/2026/07/24/kids-in-motion-brookville-park
388,kids in motion brookville park|2026-07-25,Kids In Motion: Brookville Park,2026-07-25T10:00 am,Brookville Playground (in Brookville Park),,40.6622043,-73.742109417915,True,True,https://www.google.com/maps/search/?api=1&query=Brookville+Playground+%28in+Brookville+Park%29%2C+New+York%2C+NY,https://www.google.com/maps/search/?api=1&query=40.6622043%2C-73.742109417915,pending,False,,,2183586,http://www.nycgovparks.org/events/2026/07/25/kids-in-motion-brookville-park
389,kids in motion carl schruz park|2026-07-16,Kids In Motion: Carl Schruz Park,2026-07-16T10:00 am,Catbird Playground (in Carl Schurz Park),,40.77389907836914,-73.9448013305664,True,True,https://www.google.com/maps/search/?api=1&query=Catbird+Playground+%28in+Carl+Schurz+Park%29%2C+New+York%2C+NY,https://www.google.com/maps/search/?api=1&query=40.77389907836914%2C-73.9448013305664,pending,False,,,2207468,http://www.nycgovparks.org/events/2026/07/16/kids-in-motions-carl-schruz-park
390,kids in motion carl schruz park|2026-07-17,Kids In Motion: Carl Schruz Park,2026-07-17T10:00 am,Catbird Playground (in Carl Schurz Park),,40.77389907836914,-73.9448013305664,True,True,https://www.google.com/maps/search/?api=1&query=Catbird+Playground+%28in+Carl+Schurz+Park%29%2C+New+York%2C+NY,https://www.google.com/maps/search/?api=1&query=40.77389907836914%2C-73.9448013305664,pending,False,,,2207429,http://www.nycgovparks.org/events/2026/07/17/kids-in-motions-carl-schruz-park
391,kids in motion carl schruz park|2026-07-18,Kids In Motion: Carl Schruz Park,2026-07-18T10:00 am,Catbird Playground (in Carl Schurz Park),,40.77389907836914,-73.9448013305664,True,True,https://www.google.com/maps/search/?api=1&query=Catbird+Playground+%28in+Carl+Schurz+Park%29%2C+New+York%2C+NY,https://www.google.com/maps/search/?api=1&query=40.77389907836914%2C-73.9448013305664,pending,False,,,2207387,http://www.nycgovparks.org/events/2026/07/18/kids-in-motions-carl-schruz-park
392,kids in motion carl schruz park|2026-07-21,Kids In Motion: Carl Schruz Park,2026-07-21T10:00 am,Catbird Playground (in Carl Schurz Park),,40.77389907836914,-73.9448013305664,True,True,https://www.google.com/maps/search/?api=1&query=Catbird+Playground+%28in+Carl+Schurz+Park%29%2C+New+York%2C+NY,https://www.google.com/maps/search/?api=1&query=40.77389907836914%2C-73.9448013305664,pending,False,,,2207543,http://www.nycgovparks.org/events/2026/07/21/kids-in-motions-carl-schruz-park
393,kids in motion carl schruz park|2026-07-22,Kids In Motion: Carl Schruz Park,2026-07-22T10:00 am,Catbird Playground (in Carl Schurz Park),,40.77389907836914,-73.9448013305664,True,True,https://www.google.com/maps/search/?api=1&query=Catbird+Playground+%28in+Carl+Schurz+Park%29%2C+New+York%2C+NY,https://www.google.com/maps/search/?api=1&query=40.77389907836914%2C-73.9448013305664,pending,False,,,2207668,http://www.nycgovparks.org/events/2026/07/22/kids-in-motions-carl-schruz-park
394,kids in motion carl schruz park|2026-07-23,Kids In Motion: Carl Schruz Park,2026-07-23T10:00 am,Catbird Playground (in Carl Schurz Park),,40.77389907836914,-73.9448013305664,True,True,https://www.google.com/maps/search/?api=1&query=Catbird+Playground+%28in+Carl+Schurz+Park%29%2C+New+York%2C+NY,https://www.google.com/maps/search/?api=1&query=40.77389907836914%2C-73.9448013305664,pending,False,,,2207430,http://www.nycgovparks.org/events/2026/07/23/kids-in-motions-carl-schruz-park
395,kids in motion carl schruz park|2026-07-24,Kids In Motion: Carl Schruz Park,2026-07-24T10:00 am,Catbird Playground (in Carl Schurz Park),,40.77389907836914,-73.9448013305664,True,True,https://www.google.com/maps/search/?api=1&query=Catbird+Playground+%28in+Carl+Schurz+Park%29%2C+New+York%2C+NY,https://www.google.com/maps/search/?api=1&query=40.77389907836914%2C-73.9448013305664,pending,False,,,2207673,http://www.nycgovparks.org/events/2026/07/24/kids-in-motions-carl-schruz-park
396,kids in motion carl schruz park|2026-07-25,Kids In Motion: Carl Schruz Park,2026-07-25T10:00 am,Catbird Playground (in Carl Schurz Park),,40.77389907836914,-73.9448013305664,True,True,https://www.google.com/maps/search/?api=1&query=Catbird+Playground+%28in+Carl+Schurz+Park%29%2C+New+York%2C+NY,https://www.google.com/maps/search/?api=1&query=40.77389907836914%2C-73.9448013305664,pending,False,,,2207722,http://www.nycgovparks.org/events/2026/07/25/kids-in-motions-carl-schruz-park
397,kids in motion columbus park|2026-07-16,Kids in Motion: Columbus Park,2026-07-16T10:00 am,Columbus Park,,40.715198516846,-74.0,True,True,https://www.google.com/maps/search/?api=1&query=Columbus+Park%2C+New+York%2C+NY,https://www.google.com/maps/search/?api=1&query=40.715198516846%2C-74.0,pending,False,,,2178133,http://www.nycgovparks.org/events/2026/07/16/kids-in-motion-columbus-park
398,kids in motion columbus park|2026-07-17,Kids in Motion: Columbus Park,2026-07-17T10:00 am,Columbus Park,,40.715198516846,-74.0,True,True,https://www.google.com/maps/search/?api=1&query=Columbus+Park%2C+New+York%2C+NY,https://www.google.com/maps/search/?api=1&query=40.715198516846%2C-74.0,pending,False,,,2178293,http://www.nycgovparks.org/events/2026/07/17/kids-in-motion-columbus-park
399,kids in motion columbus park|2026-07-18,Kids in Motion: Columbus Park,2026-07-18T10:00 am,Columbus Park,,40.715198516846,-74.0,True,True,https://www.google.com/maps/search/?api=1&query=Columbus+Park%2C+New+York%2C+NY,https://www.google.com/maps/search/?api=1&query=40.715198516846%2C-74.0,pending,False,,,2178072,http://www.nycgovparks.org/events/2026/07/18/kids-in-motion-columbus-park
400,kids in motion columbus park|2026-07-21,Kids in Motion: Columbus Park,2026-07-21T10:00 am,Columbus Park,,40.715198516846,-74.0,True,True,https://www.google.com/maps/search/?api=1&query=Columbus+Park%2C+New+York%2C+NY,https://www.google.com/maps/search/?api=1&query=40.715198516846%2C-74.0,pending,False,,,2178381,http://www.nycgovparks.org/events/2026/07/21/kids-in-motion-columbus-park
401,kids in motion columbus park|2026-07-22,Kids in Motion: Columbus Park,2026-07-22T10:00 am,Columbus Park,,40.715198516846,-74.0,True,True,https://www.google.com/maps/search/?api=1&query=Columbus+Park%2C+New+York%2C+NY,https://www.google.com/maps/search/?api=1&query=40.715198516846%2C-74.0,pending,False,,,2178183,http://www.nycgovparks.org/events/2026/07/22/kids-in-motion-columbus-park
402,kids in motion columbus park|2026-07-23,Kids in Motion: Columbus Park,2026-07-23T10:00 am,Columbus Park,,40.715198516846,-74.0,True,True,https://www.google.com/maps/search/?api=1&query=Columbus+Park%2C+New+York%2C+NY,https://www.google.com/maps/search/?api=1&query=40.715198516846%2C-74.0,pending,False,,,2178091,http://www.nycgovparks.org/events/2026/07/23/kids-in-motion-columbus-park
403,kids in motion columbus park|2026-07-24,Kids in Motion: Columbus Park,2026-07-24T10:00 am,Columbus Park,,40.715198516846,-74.0,True,True,https://www.google.com/maps/search/?api=1&query=Columbus+Park%2C+New+York%2C+NY,https://www.google.com/maps/search/?api=1&query=40.715198516846%2C-74.0,pending,False,,,2178409,http://www.nycgovparks.org/events/2026/07/24/kids-in-motion-columbus-park
404,kids in motion columbus park|2026-07-25,Kids in Motion: Columbus Park,2026-07-25T10:00 am,Columbus Park,,40.715198516846,-74.0,True,True,https://www.google.com/maps/search/?api=1&query=Columbus+Park%2C+New+York%2C+NY,https://www.google.com/maps/search/?api=1&query=40.715198516846%2C-74.0,pending,False,,,2178322,http://www.nycgovparks.org/events/2026/07/25/kids-in-motion-columbus-park
405,kids in motion de matti playground|2026-07-16,Kids In Motion: De Matti Playground,2026-07-16T10:00 am,De Matti Playground (in De Matti Park),,40.614498138427734,-74.07420349121094,True,True,https://www.google.com/maps/search/?api=1&query=De+Matti+Playground+%28in+De+Matti+Park%29%2C+New+York%2C+NY,https://www.google.com/maps/search/?api=1&query=40.614498138427734%2C-74.07420349121094,pending,False,,,2172396,http://www.nycgovparks.org/events/2026/07/16/kim-dematti-playground
406,kids in motion de matti playground|2026-07-17,Kids In Motion: De Matti Playground,2026-07-17T10:00 am,De Matti Playground (in De Matti Park),,40.614498138427734,-74.07420349121094,True,True,https://www.google.com/maps/search/?api=1&query=De+Matti+Playground+%28in+De+Matti+Park%29%2C+New+York%2C+NY,https://www.google.com/maps/search/?api=1&query=40.614498138427734%2C-74.07420349121094,pending,False,,,2172686,http://www.nycgovparks.org/events/2026/07/17/kim-dematti-playground
407,kids in motion de matti playground|2026-07-18,Kids In Motion: De Matti Playground,2026-07-18T10:00 am,De Matti Playground (in De Matti Park),,40.614498138427734,-74.07420349121094,True,True,https://www.google.com/maps/search/?api=1&query=De+Matti+Playground+%28in+De+Matti+Park%29%2C+New+York%2C+NY,https://www.google.com/maps/search/?api=1&query=40.614498138427734%2C-74.07420349121094,pending,False,,,2172721,http://www.nycgovparks.org/events/2026/07/18/kim-dematti-playground
408,kids in motion de matti playground|2026-07-21,Kids In Motion: De Matti Playground,2026-07-21T10:00 am,De Matti Playground (in De Matti Park),,40.614498138427734,-74.07420349121094,True,True,https://www.google.com/maps/search/?api=1&query=De+Matti+Playground+%28in+De+Matti+Park%29%2C+New+York%2C+NY,https://www.google.com/maps/search/?api=1&query=40.614498138427734%2C-74.07420349121094,pending,False,,,2171898,http://www.nycgovparks.org/events/2026/07/21/kim-dematti-playground
409,kids in motion de matti playground|2026-07-22,Kids In Motion: De Matti Playground,2026-07-22T10:00 am,De Matti Playground (in De Matti Park),,40.614498138427734,-74.07420349121094,True,True,https://www.google.com/maps/search/?api=1&query=De+Matti+Playground+%28in+De+Matti+Park%29%2C+New+York%2C+NY,https://www.google.com/maps/search/?api=1&query=40.614498138427734%2C-74.07420349121094,pending,False,,,2172763,http://www.nycgovparks.org/events/2026/07/22/kim-dematti-playground
410,kids in motion de matti playground|2026-07-23,Kids In Motion: De Matti Playground,2026-07-23T10:00 am,De Matti Playground (in De Matti Park),,40.614498138427734,-74.07420349121094,True,True,https://www.google.com/maps/search/?api=1&query=De+Matti+Playground+%28in+De+Matti+Park%29%2C+New+York%2C+NY,https://www.google.com/maps/search/?api=1&query=40.614498138427734%2C-74.07420349121094,pending,False,,,2172758,http://www.nycgovparks.org/events/2026/07/23/kim-dematti-playground
411,kids in motion de matti playground|2026-07-24,Kids In Motion: De Matti Playground,2026-07-24T10:00 am,De Matti Playground (in De Matti Park),,40.614498138427734,-74.07420349121094,True,True,https://www.google.com/maps/search/?api=1&query=De+Matti+Playground+%28in+De+Matti+Park%29%2C+New+York%2C+NY,https://www.google.com/maps/search/?api=1&query=40.614498138427734%2C-74.07420349121094,pending,False,,,2172283,http://www.nycgovparks.org/events/2026/07/24/kim-dematti-playground
412,kids in motion de matti playground|2026-07-25,Kids In Motion: De Matti Playground,2026-07-25T10:00 am,De Matti Playground (in De Matti Park),,40.614498138427734,-74.07420349121094,True,True,https://www.google.com/maps/search/?api=1&query=De+Matti+Playground+%28in+De+Matti+Park%29%2C+New+York%2C+NY,https://www.google.com/maps/search/?api=1&query=40.614498138427734%2C-74.07420349121094,pending,False,,,2172448,http://www.nycgovparks.org/events/2026/07/25/kim-dematti-playground
413,kids in motion elmhurst park|2026-07-16,Kids In Motion: Elmhurst Park,2026-07-16T10:00 am,Playground (in Elmhurst Park),,40.730597828188,-73.885001233113,True,True,https://www.google.com/maps/search/?api=1&query=Playground+%28in+Elmhurst+Park%29%2C+New+York%2C+NY,https://www.google.com/maps/search/?api=1&query=40.730597828188%2C-73.885001233113,pending,False,,,2206873,http://www.nycgovparks.org/events/2026/07/16/kids-in-motion-elmhurst-park
414,kids in motion elmhurst park|2026-07-17,Kids In Motion: Elmhurst Park,2026-07-17T10:00 am,Playground (in Elmhurst Park),,40.730597828188,-73.885001233113,True,True,https://www.google.com/maps/search/?api=1&query=Playground+%28in+Elmhurst+Park%29%2C+New+York%2C+NY,https://www.google.com/maps/search/?api=1&query=40.730597828188%2C-73.885001233113,pending,False,,,2207040,http://www.nycgovparks.org/events/2026/07/17/kids-in-motion-elmhurst-park
415,kids in motion elmhurst park|2026-07-18,Kids In Motion: Elmhurst Park,2026-07-18T10:00 am,Playground (in Elmhurst Park),,40.730597828188,-73.885001233113,True,True,https://www.google.com/maps/search/?api=1&query=Playground+%28in+Elmhurst+Park%29%2C+New+York%2C+NY,https://www.google.com/maps/search/?api=1&query=40.730597828188%2C-73.885001233113,pending,False,,,2206801,http://www.nycgovparks.org/events/2026/07/18/kids-in-motion-elmhurst-park
416,kids in motion elmhurst park|2026-07-21,Kids In Motion: Elmhurst Park,2026-07-21T10:00 am,Playground (in Elmhurst Park),,40.730597828188,-73.885001233113,True,True,https://www.google.com/maps/search/?api=1&query=Playground+%28in+Elmhurst+Park%29%2C+New+York%2C+NY,https://www.google.com/maps/search/?api=1&query=40.730597828188%2C-73.885001233113,pending,False,,,2206854,http://www.nycgovparks.org/events/2026/07/21/kids-in-motion-elmhurst-park
417,kids in motion elmhurst park|2026-07-22,Kids In Motion: Elmhurst Park,2026-07-22T10:00 am,Playground (in Elmhurst Park),,40.730597828188,-73.885001233113,True,True,https://www.google.com/maps/search/?api=1&query=Playground+%28in+Elmhurst+Park%29%2C+New+York%2C+NY,https://www.google.com/maps/search/?api=1&query=40.730597828188%2C-73.885001233113,pending,False,,,2206925,http://www.nycgovparks.org/events/2026/07/22/kids-in-motion-elmhurst-park
418,kids in motion elmhurst park|2026-07-23,Kids In Motion: Elmhurst Park,2026-07-23T10:00 am,Playground (in Elmhurst Park),,40.730597828188,-73.885001233113,True,True,https://www.google.com/maps/search/?api=1&query=Playground+%28in+Elmhurst+Park%29%2C+New+York%2C+NY,https://www.google.com/maps/search/?api=1&query=40.730597828188%2C-73.885001233113,pending,False,,,2206971,http://www.nycgovparks.org/events/2026/07/23/kids-in-motion-elmhurst-park
419,kids in motion elmhurst park|2026-07-24,Kids In Motion: Elmhurst Park,2026-07-24T10:00 am,Playground (in Elmhurst Park),,40.730597828188,-73.885001233113,True,True,https://www.google.com/maps/search/?api=1&query=Playground+%28in+Elmhurst+Park%29%2C+New+York%2C+NY,https://www.google.com/maps/search/?api=1&query=40.730597828188%2C-73.885001233113,pending,False,,,2206837,http://www.nycgovparks.org/events/2026/07/24/kids-in-motion-elmhurst-park
420,kids in motion elmhurst park|2026-07-25,Kids In Motion: Elmhurst Park,2026-07-25T10:00 am,Playground (in Elmhurst Park),,40.730597828188,-73.885001233113,True,True,https://www.google.com/maps/search/?api=1&query=Playground+%28in+Elmhurst+Park%29%2C+New+York%2C+NY,https://www.google.com/maps/search/?api=1&query=40.730597828188%2C-73.885001233113,pending,False,,,2206926,http://www.nycgovparks.org/events/2026/07/25/kids-in-motion-elmhurst-park
421,kids in motion faber|2026-07-16,Kids In Motion: Faber,2026-07-16T10:00 am,Outdoors at Faber Park Recreation Center (in Faber Pool and Park),,40.640935928317,-74.135395526886,True,True,https://www.google.com/maps/search/?api=1&query=Outdoors+at+Faber+Park+Recreation+Center+%28in+Faber+Pool+and+Park%29%2C+New+York%2C+NY,https://www.google.com/maps/search/?api=1&query=40.640935928317%2C-74.135395526886,pending,False,,,2171918,http://www.nycgovparks.org/events/2026/07/16/kim-faber
422,kids in motion faber|2026-07-17,Kids In Motion: Faber,2026-07-17T10:00 am,Outdoors at Faber Park Recreation Center (in Faber Pool and Park),,40.640935928317,-74.135395526886,True,True,https://www.google.com/maps/search/?api=1&query=Outdoors+at+Faber+Park+Recreation+Center+%28in+Faber+Pool+and+Park%29%2C+New+York%2C+NY,https://www.google.com/maps/search/?api=1&query=40.640935928317%2C-74.135395526886,pending,False,,,2172598,http://www.nycgovparks.org/events/2026/07/17/kim-faber
423,kids in motion faber|2026-07-18,Kids In Motion: Faber,2026-07-18T10:00 am,Outdoors at Faber Park Recreation Center (in Faber Pool and Park),,40.640935928317,-74.135395526886,True,True,https://www.google.com/maps/search/?api=1&query=Outdoors+at+Faber+Park+Recreation+Center+%28in+Faber+Pool+and+Park%29%2C+New+York%2C+NY,https://www.google.com/maps/search/?api=1&query=40.640935928317%2C-74.135395526886,pending,False,,,2172048,http://www.nycgovparks.org/events/2026/07/18/kim-faber
424,kids in motion faber|2026-07-21,Kids In Motion: Faber,2026-07-21T10:00 am,Outdoors at Faber Park Recreation Center (in Faber Pool and Park),,40.640935928317,-74.135395526886,True,True,https://www.google.com/maps/search/?api=1&query=Outdoors+at+Faber+Park+Recreation+Center+%28in+Faber+Pool+and+Park%29%2C+New+York%2C+NY,https://www.google.com/maps/search/?api=1&query=40.640935928317%2C-74.135395526886,pending,False,,,2172232,http://www.nycgovparks.org/events/2026/07/21/kim-faber
425,kids in motion faber|2026-07-22,Kids In Motion: Faber,2026-07-22T10:00 am,Outdoors at Faber Park Recreation Center (in Faber Pool and Park),,40.640935928317,-74.135395526886,True,True,https://www.google.com/maps/search/?api=1&query=Outdoors+at+Faber+Park+Recreation+Center+%28in+Faber+Pool+and+Park%29%2C+New+York%2C+NY,https://www.google.com/maps/search/?api=1&query=40.640935928317%2C-74.135395526886,pending,False,,,2172190,http://www.nycgovparks.org/events/2026/07/22/kim-faber
426,kids in motion faber|2026-07-23,Kids In Motion: Faber,2026-07-23T10:00 am,Outdoors at Faber Park Recreation Center (in Faber Pool and Park),,40.640935928317,-74.135395526886,True,True,https://www.google.com/maps/search/?api=1&query=Outdoors+at+Faber+Park+Recreation+Center+%28in+Faber+Pool+and+Park%29%2C+New+York%2C+NY,https://www.google.com/maps/search/?api=1&query=40.640935928317%2C-74.135395526886,pending,False,,,2172466,http://www.nycgovparks.org/events/2026/07/23/kim-faber
427,kids in motion faber|2026-07-24,Kids In Motion: Faber,2026-07-24T10:00 am,Outdoors at Faber Park Recreation Center (in Faber Pool and Park),,40.640935928317,-74.135395526886,True,True,https://www.google.com/maps/search/?api=1&query=Outdoors+at+Faber+Park+Recreation+Center+%28in+Faber+Pool+and+Park%29%2C+New+York%2C+NY,https://www.google.com/maps/search/?api=1&query=40.640935928317%2C-74.135395526886,pending,False,,,2172094,http://www.nycgovparks.org/events/2026/07/24/kim-faber
428,kids in motion faber|2026-07-25,Kids In Motion: Faber,2026-07-25T10:00 am,Outdoors at Faber Park Recreation Center (in Faber Pool and Park),,40.640935928317,-74.135395526886,True,True,https://www.google.com/maps/search/?api=1&query=Outdoors+at+Faber+Park+Recreation+Center+%28in+Faber+Pool+and+Park%29%2C+New+York%2C+NY,https://www.google.com/maps/search/?api=1&query=40.640935928317%2C-74.135395526886,pending,False,,,2172768,http://www.nycgovparks.org/events/2026/07/25/kim-faber
429,kids in motion flynn playground color me tote bag|2026-07-22,"Kids in Motion: Flynn Playground (Color Me, Tote Bag)",2026-07-22T3:00 pm,Play Area (in Flynn Playground),,40.821055301077,-73.911826805421,True,True,https://www.google.com/maps/search/?api=1&query=Play+Area+%28in+Flynn+Playground%29%2C+New+York%2C+NY,https://www.google.com/maps/search/?api=1&query=40.821055301077%2C-73.911826805421,pending,False,,,2180717,http://www.nycgovparks.org/events/2026/07/22/kids-in-motion-flynn-playground-color-me-tote-bag
430,kids in motion flynn playground|2026-07-16,Kids in Motion: Flynn Playground,2026-07-16T10:00 am,Play Area (in Flynn Playground),,40.821055301077,-73.911826805421,True,True,https://www.google.com/maps/search/?api=1&query=Play+Area+%28in+Flynn+Playground%29%2C+New+York%2C+NY,https://www.google.com/maps/search/?api=1&query=40.821055301077%2C-73.911826805421,pending,False,,,2200436,http://www.nycgovparks.org/events/2026/07/16/kids-in-motion-flynn-playground
431,kids in motion flynn playground|2026-07-17,Kids in Motion: Flynn Playground,2026-07-17T10:00 am,Play Area (in Flynn Playground),,40.821055301077,-73.911826805421,True,True,https://www.google.com/maps/search/?api=1&query=Play+Area+%28in+Flynn+Playground%29%2C+New+York%2C+NY,https://www.google.com/maps/search/?api=1&query=40.821055301077%2C-73.911826805421,pending,False,,,2200697,http://www.nycgovparks.org/events/2026/07/17/kids-in-motion-flynn-playground
432,kids in motion flynn playground|2026-07-18,Kids in Motion: Flynn Playground,2026-07-18T10:00 am,Play Area (in Flynn Playground),,40.821055301077,-73.911826805421,True,True,https://www.google.com/maps/search/?api=1&query=Play+Area+%28in+Flynn+Playground%29%2C+New+York%2C+NY,https://www.google.com/maps/search/?api=1&query=40.821055301077%2C-73.911826805421,pending,False,,,2200857,http://www.nycgovparks.org/events/2026/07/18/kids-in-motion-flynn-playground
433,kids in motion flynn playground|2026-07-21,Kids in Motion: Flynn Playground,2026-07-21T10:00 am,Play Area (in Flynn Playground),,40.821055301077,-73.911826805421,True,True,https://www.google.com/maps/search/?api=1&query=Play+Area+%28in+Flynn+Playground%29%2C+New+York%2C+NY,https://www.google.com/maps/search/?api=1&query=40.821055301077%2C-73.911826805421,pending,False,,,2200708,http://www.nycgovparks.org/events/2026/07/21/kids-in-motion-flynn-playground
434,kids in motion flynn playground|2026-07-22,Kids in Motion: Flynn Playground,2026-07-22T10:00 am,Play Area (in Flynn Playground),,40.821055301077,-73.911826805421,True,True,https://www.google.com/maps/search/?api=1&query=Play+Area+%28in+Flynn+Playground%29%2C+New+York%2C+NY,https://www.google.com/maps/search/?api=1&query=40.821055301077%2C-73.911826805421,pending,False,,,2200391,http://www.nycgovparks.org/events/2026/07/22/kids-in-motion-flynn-playground
435,kids in motion flynn playground|2026-07-23,Kids in Motion: Flynn Playground,2026-07-23T10:00 am,Play Area (in Flynn Playground),,40.821055301077,-73.911826805421,True,True,https://www.google.com/maps/search/?api=1&query=Play+Area+%28in+Flynn+Playground%29%2C+New+York%2C+NY,https://www.google.com/maps/search/?api=1&query=40.821055301077%2C-73.911826805421,pending,False,,,2200494,http://www.nycgovparks.org/events/2026/07/23/kids-in-motion-flynn-playground
436,kids in motion flynn playground|2026-07-24,Kids in Motion: Flynn Playground,2026-07-24T10:00 am,Play Area (in Flynn Playground),,40.821055301077,-73.911826805421,True,True,https://www.google.com/maps/search/?api=1&query=Play+Area+%28in+Flynn+Playground%29%2C+New+York%2C+NY,https://www.google.com/maps/search/?api=1&query=40.821055301077%2C-73.911826805421,pending,False,,,2200721,http://www.nycgovparks.org/events/2026/07/24/kids-in-motion-flynn-playground
437,kids in motion flynn playground|2026-07-25,Kids in Motion: Flynn Playground,2026-07-25T10:00 am,Play Area (in Flynn Playground),,40.821055301077,-73.911826805421,True,True,https://www.google.com/maps/search/?api=1&query=Play+Area+%28in+Flynn+Playground%29%2C+New+York%2C+NY,https://www.google.com/maps/search/?api=1&query=40.821055301077%2C-73.911826805421,pending,False,,,2200912,http://www.nycgovparks.org/events/2026/07/25/kids-in-motion-flynn-playground
438,kids in motion grover cleveland playground|2026-07-16,Kids In Motion: Grover Cleveland Playground,2026-07-16T10:00 am,Play Area (in Grover Cleveland Playground),,40.710800170898,-73.911201477051,True,True,https://www.google.com/maps/search/?api=1&query=Play+Area+%28in+Grover+Cleveland+Playground%29%2C+New+York%2C+NY,https://www.google.com/maps/search/?api=1&query=40.710800170898%2C-73.911201477051,pending,False,,,2179379,http://www.nycgovparks.org/events/2026/07/16/kids-in-motion-grover-cleveland-playground
439,kids in motion grover cleveland playground|2026-07-17,Kids In Motion: Grover Cleveland Playground,2026-07-17T10:00 am,Play Area (in Grover Cleveland Playground),,40.710800170898,-73.911201477051,True,True,https://www.google.com/maps/search/?api=1&query=Play+Area+%28in+Grover+Cleveland+Playground%29%2C+New+York%2C+NY,https://www.google.com/maps/search/?api=1&query=40.710800170898%2C-73.911201477051,pending,False,,,2179430,http://www.nycgovparks.org/events/2026/07/17/kids-in-motion-grover-cleveland-playground
440,kids in motion grover cleveland playground|2026-07-18,Kids In Motion: Grover Cleveland Playground,2026-07-18T10:00 am,Play Area (in Grover Cleveland Playground),,40.710800170898,-73.911201477051,True,True,https://www.google.com/maps/search/?api=1&query=Play+Area+%28in+Grover+Cleveland+Playground%29%2C+New+York%2C+NY,https://www.google.com/maps/search/?api=1&query=40.710800170898%2C-73.911201477051,pending,False,,,2179519,http://www.nycgovparks.org/events/2026/07/18/kids-in-motion-grover-cleveland-playground
441,kids in motion grover cleveland playground|2026-07-21,Kids In Motion: Grover Cleveland Playground,2026-07-21T10:00 am,Play Area (in Grover Cleveland Playground),,40.710800170898,-73.911201477051,True,True,https://www.google.com/maps/search/?api=1&query=Play+Area+%28in+Grover+Cleveland+Playground%29%2C+New+York%2C+NY,https://www.google.com/maps/search/?api=1&query=40.710800170898%2C-73.911201477051,pending,False,,,2179467,http://www.nycgovparks.org/events/2026/07/21/kids-in-motion-grover-cleveland-playground
442,kids in motion grover cleveland playground|2026-07-22,Kids In Motion: Grover Cleveland Playground,2026-07-22T10:00 am,Play Area (in Grover Cleveland Playground),,40.710800170898,-73.911201477051,True,True,https://www.google.com/maps/search/?api=1&query=Play+Area+%28in+Grover+Cleveland+Playground%29%2C+New+York%2C+NY,https://www.google.com/maps/search/?api=1&query=40.710800170898%2C-73.911201477051,pending,False,,,2179564,http://www.nycgovparks.org/events/2026/07/22/kids-in-motion-grover-cleveland-playground
443,kids in motion grover cleveland playground|2026-07-23,Kids In Motion: Grover Cleveland Playground,2026-07-23T10:00 am,Play Area (in Grover Cleveland Playground),,40.710800170898,-73.911201477051,True,True,https://www.google.com/maps/search/?api=1&query=Play+Area+%28in+Grover+Cleveland+Playground%29%2C+New+York%2C+NY,https://www.google.com/maps/search/?api=1&query=40.710800170898%2C-73.911201477051,pending,False,,,2179464,http://www.nycgovparks.org/events/2026/07/23/kids-in-motion-grover-cleveland-playground
444,kids in motion grover cleveland playground|2026-07-24,Kids In Motion: Grover Cleveland Playground,2026-07-24T10:00 am,Play Area (in Grover Cleveland Playground),,40.710800170898,-73.911201477051,True,True,https://www.google.com/maps/search/?api=1&query=Play+Area+%28in+Grover+Cleveland+Playground%29%2C+New+York%2C+NY,https://www.google.com/maps/search/?api=1&query=40.710800170898%2C-73.911201477051,pending,False,,,2179555,http://www.nycgovparks.org/events/2026/07/24/kids-in-motion-grover-cleveland-playground
445,kids in motion grover cleveland playground|2026-07-25,Kids In Motion: Grover Cleveland Playground,2026-07-25T10:00 am,Play Area (in Grover Cleveland Playground),,40.710800170898,-73.911201477051,True,True,https://www.google.com/maps/search/?api=1&query=Play+Area+%28in+Grover+Cleveland+Playground%29%2C+New+York%2C+NY,https://www.google.com/maps/search/?api=1&query=40.710800170898%2C-73.911201477051,pending,False,,,2179372,http://www.nycgovparks.org/events/2026/07/25/kids-in-motion-grover-cleveland-playground
446,kids in motion hoover manton playgrounds|2026-07-16,Kids In Motion: Hoover-Manton Playgrounds,2026-07-16T10:00 am,Open Area (in Hoover - Manton Playgrounds),,40.711898803711,-73.821601867676,True,True,https://www.google.com/maps/search/?api=1&query=Open+Area+%28in+Hoover+-+Manton+Playgrounds%29%2C+New+York%2C+NY,https://www.google.com/maps/search/?api=1&query=40.711898803711%2C-73.821601867676,pending,False,,,2175947,http://www.nycgovparks.org/events/2026/07/16/kim-hoover-manton-playgrounds
447,kids in motion hoover manton playgrounds|2026-07-17,Kids In Motion: Hoover-Manton Playgrounds,2026-07-17T10:00 am,Open Area (in Hoover - Manton Playgrounds),,40.711898803711,-73.821601867676,True,True,https://www.google.com/maps/search/?api=1&query=Open+Area+%28in+Hoover+-+Manton+Playgrounds%29%2C+New+York%2C+NY,https://www.google.com/maps/search/?api=1&query=40.711898803711%2C-73.821601867676,pending,False,,,2176087,http://www.nycgovparks.org/events/2026/07/17/kim-hoover-manton-playgrounds
448,kids in motion hoover manton playgrounds|2026-07-18,Kids In Motion: Hoover-Manton Playgrounds,2026-07-18T10:00 am,Open Area (in Hoover - Manton Playgrounds),,40.711898803711,-73.821601867676,True,True,https://www.google.com/maps/search/?api=1&query=Open+Area+%28in+Hoover+-+Manton+Playgrounds%29%2C+New+York%2C+NY,https://www.google.com/maps/search/?api=1&query=40.711898803711%2C-73.821601867676,pending,False,,,2176007,http://www.nycgovparks.org/events/2026/07/18/kim-hoover-manton-playgrounds
449,kids in motion hoover manton playgrounds|2026-07-21,Kids In Motion: Hoover-Manton Playgrounds,2026-07-21T10:00 am,Open Area (in Hoover - Manton Playgrounds),,40.711898803711,-73.821601867676,True,True,https://www.google.com/maps/search/?api=1&query=Open+Area+%28in+Hoover+-+Manton+Playgrounds%29%2C+New+York%2C+NY,https://www.google.com/maps/search/?api=1&query=40.711898803711%2C-73.821601867676,pending,False,,,2176159,http://www.nycgovparks.org/events/2026/07/21/kim-hoover-manton-playgrounds
450,kids in motion hoover manton playgrounds|2026-07-22,Kids In Motion: Hoover-Manton Playgrounds,2026-07-22T10:00 am,Open Area (in Hoover - Manton Playgrounds),,40.711898803711,-73.821601867676,True,True,https://www.google.com/maps/search/?api=1&query=Open+Area+%28in+Hoover+-+Manton+Playgrounds%29%2C+New+York%2C+NY,https://www.google.com/maps/search/?api=1&query=40.711898803711%2C-73.821601867676,pending,False,,,2176141,http://www.nycgovparks.org/events/2026/07/22/kim-hoover-manton-playgrounds
451,kids in motion hoover manton playgrounds|2026-07-23,Kids In Motion: Hoover-Manton Playgrounds,2026-07-23T10:00 am,Open Area (in Hoover - Manton Playgrounds),,40.711898803711,-73.821601867676,True,True,https://www.google.com/maps/search/?api=1&query=Open+Area+%28in+Hoover+-+Manton+Playgrounds%29%2C+New+York%2C+NY,https://www.google.com/maps/search/?api=1&query=40.711898803711%2C-73.821601867676,pending,False,,,2175905,http://www.nycgovparks.org/events/2026/07/23/kim-hoover-manton-playgrounds
452,kids in motion hoover manton playgrounds|2026-07-24,Kids In Motion: Hoover-Manton Playgrounds,2026-07-24T10:00 am,Open Area (in Hoover - Manton Playgrounds),,40.711898803711,-73.821601867676,True,True,https://www.google.com/maps/search/?api=1&query=Open+Area+%28in+Hoover+-+Manton+Playgrounds%29%2C+New+York%2C+NY,https://www.google.com/maps/search/?api=1&query=40.711898803711%2C-73.821601867676,pending,False,,,2175856,http://www.nycgovparks.org/events/2026/07/24/kim-hoover-manton-playgrounds
453,kids in motion hoover manton playgrounds|2026-07-25,Kids In Motion: Hoover-Manton Playgrounds,2026-07-25T10:00 am,Open Area (in Hoover - Manton Playgrounds),,40.711898803711,-73.821601867676,True,True,https://www.google.com/maps/search/?api=1&query=Open+Area+%28in+Hoover+-+Manton+Playgrounds%29%2C+New+York%2C+NY,https://www.google.com/maps/search/?api=1&query=40.711898803711%2C-73.821601867676,pending,False,,,2176126,http://www.nycgovparks.org/events/2026/07/25/kim-hoover-manton-playgrounds
454,kids in motion hunts point playground color me tote bag|2026-07-22,"Kids in Motion: Hunts Point Playground (Color Me, Tote Bag)",2026-07-22T3:00 pm,Basketball Court (in Hunts Point Playground),,40.814040812484,-73.886041879654,True,True,https://www.google.com/maps/search/?api=1&query=Basketball+Court+%28in+Hunts+Point+Playground%29%2C+New+York%2C+NY,https://www.google.com/maps/search/?api=1&query=40.814040812484%2C-73.886041879654,pending,False,,,2180744,http://www.nycgovparks.org/events/2026/07/22/kids-in-motion-hunts-point-playground-color-me-tote-bag
455,kids in motion hunts point playground|2026-07-16,Kids in Motion: Hunts Point Playground,2026-07-16T10:00 am,Basketball Court (in Hunts Point Playground),,40.814040812484,-73.886041879654,True,True,https://www.google.com/maps/search/?api=1&query=Basketball+Court+%28in+Hunts+Point+Playground%29%2C+New+York%2C+NY,https://www.google.com/maps/search/?api=1&query=40.814040812484%2C-73.886041879654,pending,False,,,2180805,http://www.nycgovparks.org/events/2026/07/16/kids-in-motion-hunts-point-playground
456,kids in motion hunts point playground|2026-07-17,Kids in Motion: Hunts Point Playground,2026-07-17T10:00 am,Basketball Court (in Hunts Point Playground),,40.814040812484,-73.886041879654,True,True,https://www.google.com/maps/search/?api=1&query=Basketball+Court+%28in+Hunts+Point+Playground%29%2C+New+York%2C+NY,https://www.google.com/maps/search/?api=1&query=40.814040812484%2C-73.886041879654,pending,False,,,2180767,http://www.nycgovparks.org/events/2026/07/17/kids-in-motion-hunts-point-playground
457,kids in motion hunts point playground|2026-07-18,Kids in Motion: Hunts Point Playground,2026-07-18T10:00 am,Basketball Court (in Hunts Point Playground),,40.814040812484,-73.886041879654,True,True,https://www.google.com/maps/search/?api=1&query=Basketball+Court+%28in+Hunts+Point+Playground%29%2C+New+York%2C+NY,https://www.google.com/maps/search/?api=1&query=40.814040812484%2C-73.886041879654,pending,False,,,2180445,http://www.nycgovparks.org/events/2026/07/18/kids-in-motion-hunts-point-playground
458,kids in motion hunts point playground|2026-07-21,Kids in Motion: Hunts Point Playground,2026-07-21T10:00 am,Basketball Court (in Hunts Point Playground),,40.814040812484,-73.886041879654,True,True,https://www.google.com/maps/search/?api=1&query=Basketball+Court+%28in+Hunts+Point+Playground%29%2C+New+York%2C+NY,https://www.google.com/maps/search/?api=1&query=40.814040812484%2C-73.886041879654,pending,False,,,2180639,http://www.nycgovparks.org/events/2026/07/21/kids-in-motion-hunts-point-playground
459,kids in motion hunts point playground|2026-07-22,Kids in Motion: Hunts Point Playground,2026-07-22T10:00 am,Basketball Court (in Hunts Point Playground),,40.814040812484,-73.886041879654,True,True,https://www.google.com/maps/search/?api=1&query=Basketball+Court+%28in+Hunts+Point+Playground%29%2C+New+York%2C+NY,https://www.google.com/maps/search/?api=1&query=40.814040812484%2C-73.886041879654,pending,False,,,2180854,http://www.nycgovparks.org/events/2026/07/22/kids-in-motion-hunts-point-playground
460,kids in motion hunts point playground|2026-07-23,Kids in Motion: Hunts Point Playground,2026-07-23T10:00 am,Basketball Court (in Hunts Point Playground),,40.814040812484,-73.886041879654,True,True,https://www.google.com/maps/search/?api=1&query=Basketball+Court+%28in+Hunts+Point+Playground%29%2C+New+York%2C+NY,https://www.google.com/maps/search/?api=1&query=40.814040812484%2C-73.886041879654,pending,False,,,2180619,http://www.nycgovparks.org/events/2026/07/23/kids-in-motion-hunts-point-playground
461,kids in motion hunts point playground|2026-07-24,Kids in Motion: Hunts Point Playground,2026-07-24T10:00 am,Basketball Court (in Hunts Point Playground),,40.814040812484,-73.886041879654,True,True,https://www.google.com/maps/search/?api=1&query=Basketball+Court+%28in+Hunts+Point+Playground%29%2C+New+York%2C+NY,https://www.google.com/maps/search/?api=1&query=40.814040812484%2C-73.886041879654,pending,False,,,2180384,http://www.nycgovparks.org/events/2026/07/24/kids-in-motion-hunts-point-playground
462,kids in motion hunts point playground|2026-07-25,Kids in Motion: Hunts Point Playground,2026-07-25T10:00 am,Basketball Court (in Hunts Point Playground),,40.814040812484,-73.886041879654,True,True,https://www.google.com/maps/search/?api=1&query=Basketball+Court+%28in+Hunts+Point+Playground%29%2C+New+York%2C+NY,https://www.google.com/maps/search/?api=1&query=40.814040812484%2C-73.886041879654,pending,False,,,2180304,http://www.nycgovparks.org/events/2026/07/25/kids-in-motion-hunts-point-playground
463,kids in motion levy|2026-07-16,Kids In Motion: Levy,2026-07-16T10:00 am,Play Area (in Levy Playground),,40.633883238768,-74.128953046763,True,True,https://www.google.com/maps/search/?api=1&query=Play+Area+%28in+Levy+Playground%29%2C+New+York%2C+NY,https://www.google.com/maps/search/?api=1&query=40.633883238768%2C-74.128953046763,pending,False,,,2171875,http://www.nycgovparks.org/events/2026/07/16/kim-levy
464,kids in motion levy|2026-07-17,Kids In Motion: Levy,2026-07-17T10:00 am,Play Area (in Levy Playground),,40.633883238768,-74.128953046763,True,True,https://www.google.com/maps/search/?api=1&query=Play+Area+%28in+Levy+Playground%29%2C+New+York%2C+NY,https://www.google.com/maps/search/?api=1&query=40.633883238768%2C-74.128953046763,pending,False,,,2172728,http://www.nycgovparks.org/events/2026/07/17/kim-levy
465,kids in motion levy|2026-07-18,Kids In Motion: Levy,2026-07-18T10:00 am,Play Area (in Levy Playground),,40.633883238768,-74.128953046763,True,True,https://www.google.com/maps/search/?api=1&query=Play+Area+%28in+Levy+Playground%29%2C+New+York%2C+NY,https://www.google.com/maps/search/?api=1&query=40.633883238768%2C-74.128953046763,pending,False,,,2172364,http://www.nycgovparks.org/events/2026/07/18/kim-levy
466,kids in motion levy|2026-07-21,Kids In Motion: Levy,2026-07-21T10:00 am,Play Area (in Levy Playground),,40.633883238768,-74.128953046763,True,True,https://www.google.com/maps/search/?api=1&query=Play+Area+%28in+Levy+Playground%29%2C+New+York%2C+NY,https://www.google.com/maps/search/?api=1&query=40.633883238768%2C-74.128953046763,pending,False,,,2172135,http://www.nycgovparks.org/events/2026/07/21/kim-levy
467,kids in motion levy|2026-07-22,Kids In Motion: Levy,2026-07-22T10:00 am,Play Area (in Levy Playground),,40.633883238768,-74.128953046763,True,True,https://www.google.com/maps/search/?api=1&query=Play+Area+%28in+Levy+Playground%29%2C+New+York%2C+NY,https://www.google.com/maps/search/?api=1&query=40.633883238768%2C-74.128953046763,pending,False,,,2172361,http://www.nycgovparks.org/events/2026/07/22/kim-levy
468,kids in motion levy|2026-07-23,Kids In Motion: Levy,2026-07-23T10:00 am,Play Area (in Levy Playground),,40.633883238768,-74.128953046763,True,True,https://www.google.com/maps/search/?api=1&query=Play+Area+%28in+Levy+Playground%29%2C+New+York%2C+NY,https://www.google.com/maps/search/?api=1&query=40.633883238768%2C-74.128953046763,pending,False,,,2172226,http://www.nycgovparks.org/events/2026/07/23/kim-levy
469,kids in motion levy|2026-07-24,Kids In Motion: Levy,2026-07-24T10:00 am,Play Area (in Levy Playground),,40.633883238768,-74.128953046763,True,True,https://www.google.com/maps/search/?api=1&query=Play+Area+%28in+Levy+Playground%29%2C+New+York%2C+NY,https://www.google.com/maps/search/?api=1&query=40.633883238768%2C-74.128953046763,pending,False,,,2172599,http://www.nycgovparks.org/events/2026/07/24/kim-levy
470,kids in motion levy|2026-07-25,Kids In Motion: Levy,2026-07-25T10:00 am,Play Area (in Levy Playground),,40.633883238768,-74.128953046763,True,True,https://www.google.com/maps/search/?api=1&query=Play+Area+%28in+Levy+Playground%29%2C+New+York%2C+NY,https://www.google.com/maps/search/?api=1&query=40.633883238768%2C-74.128953046763,pending,False,,,2171856,http://www.nycgovparks.org/events/2026/07/25/kim-levy
471,kids in motion london planetree playground|2026-07-16,Kids In Motion: London Planetree Playground,2026-07-16T10:00 am,Play Area (in London Planetree Playground),,40.686100006104,-73.853202819824,True,True,https://www.google.com/maps/search/?api=1&query=Play+Area+%28in+London+Planetree+Playground%29%2C+New+York%2C+NY,https://www.google.com/maps/search/?api=1&query=40.686100006104%2C-73.853202819824,pending,False,,,2204589,http://www.nycgovparks.org/events/2026/07/16/kids-in-motion-london-planetree-playground
472,kids in motion london planetree playground|2026-07-17,Kids In Motion: London Planetree Playground,2026-07-17T10:00 am,Play Area (in London Planetree Playground),,40.686100006104,-73.853202819824,True,True,https://www.google.com/maps/search/?api=1&query=Play+Area+%28in+London+Planetree+Playground%29%2C+New+York%2C+NY,https://www.google.com/maps/search/?api=1&query=40.686100006104%2C-73.853202819824,pending,False,,,2204641,http://www.nycgovparks.org/events/2026/07/17/kids-in-motion-london-planetree-playground
473,kids in motion london planetree playground|2026-07-18,Kids In Motion: London Planetree Playground,2026-07-18T10:00 am,Play Area (in London Planetree Playground),,40.686100006104,-73.853202819824,True,True,https://www.google.com/maps/search/?api=1&query=Play+Area+%28in+London+Planetree+Playground%29%2C+New+York%2C+NY,https://www.google.com/maps/search/?api=1&query=40.686100006104%2C-73.853202819824,pending,False,,,2204596,http://www.nycgovparks.org/events/2026/07/18/kids-in-motion-london-planetree-playground
474,kids in motion london planetree playground|2026-07-21,Kids In Motion: London Planetree Playground,2026-07-21T10:00 am,Play Area (in London Planetree Playground),,40.686100006104,-73.853202819824,True,True,https://www.google.com/maps/search/?api=1&query=Play+Area+%28in+London+Planetree+Playground%29%2C+New+York%2C+NY,https://www.google.com/maps/search/?api=1&query=40.686100006104%2C-73.853202819824,pending,False,,,2204618,http://www.nycgovparks.org/events/2026/07/21/kids-in-motion-london-planetree-playground
475,kids in motion london planetree playground|2026-07-22,Kids In Motion: London Planetree Playground,2026-07-22T10:00 am,Play Area (in London Planetree Playground),,40.686100006104,-73.853202819824,True,True,https://www.google.com/maps/search/?api=1&query=Play+Area+%28in+London+Planetree+Playground%29%2C+New+York%2C+NY,https://www.google.com/maps/search/?api=1&query=40.686100006104%2C-73.853202819824,pending,False,,,2204650,http://www.nycgovparks.org/events/2026/07/22/kids-in-motion-london-planetree-playground
476,kids in motion london planetree playground|2026-07-23,Kids In Motion: London Planetree Playground,2026-07-23T10:00 am,Play Area (in London Planetree Playground),,40.686100006104,-73.853202819824,True,True,https://www.google.com/maps/search/?api=1&query=Play+Area+%28in+London+Planetree+Playground%29%2C+New+York%2C+NY,https://www.google.com/maps/search/?api=1&query=40.686100006104%2C-73.853202819824,pending,False,,,2204590,http://www.nycgovparks.org/events/2026/07/23/kids-in-motion-london-planetree-playground
477,kids in motion london planetree playground|2026-07-24,Kids In Motion: London Planetree Playground,2026-07-24T10:00 am,Play Area (in London Planetree Playground),,40.686100006104,-73.853202819824,True,True,https://www.google.com/maps/search/?api=1&query=Play+Area+%28in+London+Planetree+Playground%29%2C+New+York%2C+NY,https://www.google.com/maps/search/?api=1&query=40.686100006104%2C-73.853202819824,pending,False,,,2204572,http://www.nycgovparks.org/events/2026/07/24/kids-in-motion-london-planetree-playground
478,kids in motion london planetree playground|2026-07-25,Kids In Motion: London Planetree Playground,2026-07-25T10:00 am,Play Area (in London Planetree Playground),,40.686100006104,-73.853202819824,True,True,https://www.google.com/maps/search/?api=1&query=Play+Area+%28in+London+Planetree+Playground%29%2C+New+York%2C+NY,https://www.google.com/maps/search/?api=1&query=40.686100006104%2C-73.853202819824,pending,False,,,2204577,http://www.nycgovparks.org/events/2026/07/25/kids-in-motion-london-planetree-playground
479,kids in motion loreto playground color me tote bag|2026-07-22,"Kids in Motion: Loreto Playground (Color Me, Tote Bag)",2026-07-22T3:00 pm,Loreto Playground,,40.848901753402,-73.851939344896,True,True,https://www.google.com/maps/search/?api=1&query=Loreto+Playground%2C+New+York%2C+NY,https://www.google.com/maps/search/?api=1&query=40.848901753402%2C-73.851939344896,pending,False,,,2180997,http://www.nycgovparks.org/events/2026/07/22/kids-in-motion-loreto-playground-color-me-tote-bag
480,kids in motion loreto playground|2026-07-16,Kids in Motion: Loreto Playground,2026-07-16T10:00 am,Loreto Playground,,40.848901753402,-73.851939344896,True,True,https://www.google.com/maps/search/?api=1&query=Loreto+Playground%2C+New+York%2C+NY,https://www.google.com/maps/search/?api=1&query=40.848901753402%2C-73.851939344896,pending,False,,,2180621,http://www.nycgovparks.org/events/2026/07/16/kids-in-motion-loreto-playground
481,kids in motion loreto playground|2026-07-17,Kids in Motion: Loreto Playground,2026-07-17T10:00 am,Loreto Playground,,40.848901753402,-73.851939344896,True,True,https://www.google.com/maps/search/?api=1&query=Loreto+Playground%2C+New+York%2C+NY,https://www.google.com/maps/search/?api=1&query=40.848901753402%2C-73.851939344896,pending,False,,,2180770,http://www.nycgovparks.org/events/2026/07/17/kids-in-motion-loreto-playground
482,kids in motion loreto playground|2026-07-18,Kids in Motion: Loreto Playground,2026-07-18T10:00 am,Loreto Playground,,40.848901753402,-73.851939344896,True,True,https://www.google.com/maps/search/?api=1&query=Loreto+Playground%2C+New+York%2C+NY,https://www.google.com/maps/search/?api=1&query=40.848901753402%2C-73.851939344896,pending,False,,,2180706,http://www.nycgovparks.org/events/2026/07/18/kids-in-motion-loreto-playground
483,kids in motion loreto playground|2026-07-21,Kids in Motion: Loreto Playground,2026-07-21T10:00 am,Loreto Playground,,40.848901753402,-73.851939344896,True,True,https://www.google.com/maps/search/?api=1&query=Loreto+Playground%2C+New+York%2C+NY,https://www.google.com/maps/search/?api=1&query=40.848901753402%2C-73.851939344896,pending,False,,,2180282,http://www.nycgovparks.org/events/2026/07/21/kids-in-motion-loreto-playground
484,kids in motion loreto playground|2026-07-22,Kids in Motion: Loreto Playground,2026-07-22T10:00 am,Loreto Playground,,40.848901753402,-73.851939344896,True,True,https://www.google.com/maps/search/?api=1&query=Loreto+Playground%2C+New+York%2C+NY,https://www.google.com/maps/search/?api=1&query=40.848901753402%2C-73.851939344896,pending,False,,,2180422,http://www.nycgovparks.org/events/2026/07/22/kids-in-motion-loreto-playground
485,kids in motion loreto playground|2026-07-23,Kids in Motion: Loreto Playground,2026-07-23T10:00 am,Loreto Playground,,40.848901753402,-73.851939344896,True,True,https://www.google.com/maps/search/?api=1&query=Loreto+Playground%2C+New+York%2C+NY,https://www.google.com/maps/search/?api=1&query=40.848901753402%2C-73.851939344896,pending,False,,,2180882,http://www.nycgovparks.org/events/2026/07/23/kids-in-motion-loreto-playground
486,kids in motion loreto playground|2026-07-24,Kids in Motion: Loreto Playground,2026-07-24T10:00 am,Loreto Playground,,40.848901753402,-73.851939344896,True,True,https://www.google.com/maps/search/?api=1&query=Loreto+Playground%2C+New+York%2C+NY,https://www.google.com/maps/search/?api=1&query=40.848901753402%2C-73.851939344896,pending,False,,,2180839,http://www.nycgovparks.org/events/2026/07/24/kids-in-motion-loreto-playground
487,kids in motion loreto playground|2026-07-25,Kids in Motion: Loreto Playground,2026-07-25T10:00 am,Loreto Playground,,40.848901753402,-73.851939344896,True,True,https://www.google.com/maps/search/?api=1&query=Loreto+Playground%2C+New+York%2C+NY,https://www.google.com/maps/search/?api=1&query=40.848901753402%2C-73.851939344896,pending,False,,,2180781,http://www.nycgovparks.org/events/2026/07/25/kids-in-motion-loreto-playground
488,kids in motion lower highland playground|2026-07-16,Kids In Motion: Lower Highland Playground,2026-07-16T10:00 am,Lower Highland Playground (in Highland Park),,40.683998107910156,-73.8855972290039,True,True,https://www.google.com/maps/search/?api=1&query=Lower+Highland+Playground+%28in+Highland+Park%29%2C+New+York%2C+NY,https://www.google.com/maps/search/?api=1&query=40.683998107910156%2C-73.8855972290039,pending,False,,,2183527,http://www.nycgovparks.org/events/2026/07/16/kids-in-motion-alleyspringfield-playground
489,kids in motion lower highland playground|2026-07-17,Kids In Motion: Lower Highland Playground,2026-07-17T10:00 am,Lower Highland Playground (in Highland Park),,40.683998107910156,-73.8855972290039,True,True,https://www.google.com/maps/search/?api=1&query=Lower+Highland+Playground+%28in+Highland+Park%29%2C+New+York%2C+NY,https://www.google.com/maps/search/?api=1&query=40.683998107910156%2C-73.8855972290039,pending,False,,,2183634,http://www.nycgovparks.org/events/2026/07/17/kids-in-motion-alleyspringfield-playground
490,kids in motion lower highland playground|2026-07-18,Kids In Motion: Lower Highland Playground,2026-07-18T10:00 am,Lower Highland Playground (in Highland Park),,40.683998107910156,-73.8855972290039,True,True,https://www.google.com/maps/search/?api=1&query=Lower+Highland+Playground+%28in+Highland+Park%29%2C+New+York%2C+NY,https://www.google.com/maps/search/?api=1&query=40.683998107910156%2C-73.8855972290039,pending,False,,,2183453,http://www.nycgovparks.org/events/2026/07/18/kids-in-motion-alleyspringfield-playground
491,kids in motion lower highland playground|2026-07-21,Kids In Motion: Lower Highland Playground,2026-07-21T10:00 am,Lower Highland Playground (in Highland Park),,40.683998107910156,-73.8855972290039,True,True,https://www.google.com/maps/search/?api=1&query=Lower+Highland+Playground+%28in+Highland+Park%29%2C+New+York%2C+NY,https://www.google.com/maps/search/?api=1&query=40.683998107910156%2C-73.8855972290039,pending,False,,,2183484,http://www.nycgovparks.org/events/2026/07/21/kids-in-motion-alleyspringfield-playground
492,kids in motion lower highland playground|2026-07-22,Kids In Motion: Lower Highland Playground,2026-07-22T10:00 am,Lower Highland Playground (in Highland Park),,40.683998107910156,-73.8855972290039,True,True,https://www.google.com/maps/search/?api=1&query=Lower+Highland+Playground+%28in+Highland+Park%29%2C+New+York%2C+NY,https://www.google.com/maps/search/?api=1&query=40.683998107910156%2C-73.8855972290039,pending,False,,,2183461,http://www.nycgovparks.org/events/2026/07/22/kids-in-motion-alleyspringfield-playground
493,kids in motion lower highland playground|2026-07-23,Kids In Motion: Lower Highland Playground,2026-07-23T10:00 am,Lower Highland Playground (in Highland Park),,40.683998107910156,-73.8855972290039,True,True,https://www.google.com/maps/search/?api=1&query=Lower+Highland+Playground+%28in+Highland+Park%29%2C+New+York%2C+NY,https://www.google.com/maps/search/?api=1&query=40.683998107910156%2C-73.8855972290039,pending,False,,,2183532,http://www.nycgovparks.org/events/2026/07/23/kids-in-motion-alleyspringfield-playground
494,kids in motion lower highland playground|2026-07-24,Kids In Motion: Lower Highland Playground,2026-07-24T10:00 am,Lower Highland Playground (in Highland Park),,40.683998107910156,-73.8855972290039,True,True,https://www.google.com/maps/search/?api=1&query=Lower+Highland+Playground+%28in+Highland+Park%29%2C+New+York%2C+NY,https://www.google.com/maps/search/?api=1&query=40.683998107910156%2C-73.8855972290039,pending,False,,,2183602,http://www.nycgovparks.org/events/2026/07/24/kids-in-motion-alleyspringfield-playground
495,kids in motion lower highland playground|2026-07-25,Kids In Motion: Lower Highland Playground,2026-07-25T10:00 am,Lower Highland Playground (in Highland Park),,40.683998107910156,-73.8855972290039,True,True,https://www.google.com/maps/search/?api=1&query=Lower+Highland+Playground+%28in+Highland+Park%29%2C+New+York%2C+NY,https://www.google.com/maps/search/?api=1&query=40.683998107910156%2C-73.8855972290039,pending,False,,,2183694,http://www.nycgovparks.org/events/2026/07/25/kids-in-motion-alleyspringfield-playground
496,kids in motion metcalf playground color me tote bag|2026-07-22,"Kids in Motion: Metcalf Playground (Color Me, Tote Bag)",2026-07-22T3:00 pm,Metcalf Playground (in Soundview Park),,40.817743631157,-73.870592653752,True,True,https://www.google.com/maps/search/?api=1&query=Metcalf+Playground+%28in+Soundview+Park%29%2C+New+York%2C+NY,https://www.google.com/maps/search/?api=1&query=40.817743631157%2C-73.870592653752,pending,False,,,2181038,http://www.nycgovparks.org/events/2026/07/22/kids-in-motion-metcalf-playground-color-me-tote-bag
497,kids in motion metcalf playground|2026-07-16,Kids in Motion: Metcalf Playground,2026-07-16T10:00 am,Metcalf Playground (in Soundview Park),,40.817743631157,-73.870592653752,True,True,https://www.google.com/maps/search/?api=1&query=Metcalf+Playground+%28in+Soundview+Park%29%2C+New+York%2C+NY,https://www.google.com/maps/search/?api=1&query=40.817743631157%2C-73.870592653752,pending,False,,,2200542,http://www.nycgovparks.org/events/2026/07/16/kids-in-motion-metcalf-playground
498,kids in motion metcalf playground|2026-07-17,Kids in Motion: Metcalf Playground,2026-07-17T10:00 am,Metcalf Playground (in Soundview Park),,40.817743631157,-73.870592653752,True,True,https://www.google.com/maps/search/?api=1&query=Metcalf+Playground+%28in+Soundview+Park%29%2C+New+York%2C+NY,https://www.google.com/maps/search/?api=1&query=40.817743631157%2C-73.870592653752,pending,False,,,2200699,http://www.nycgovparks.org/events/2026/07/17/kids-in-motion-metcalf-playground
499,kids in motion metcalf playground|2026-07-18,Kids in Motion: Metcalf Playground,2026-07-18T10:00 am,Metcalf Playground (in Soundview Park),,40.817743631157,-73.870592653752,True,True,https://www.google.com/maps/search/?api=1&query=Metcalf+Playground+%28in+Soundview+Park%29%2C+New+York%2C+NY,https://www.google.com/maps/search/?api=1&query=40.817743631157%2C-73.870592653752,pending,False,,,2200905,http://www.nycgovparks.org/events/2026/07/18/kids-in-motion-metcalf-playground
500,kids in motion metcalf playground|2026-07-21,Kids in Motion: Metcalf Playground,2026-07-21T10:00 am,Metcalf Playground (in Soundview Park),,40.817743631157,-73.870592653752,True,True,https://www.google.com/maps/search/?api=1&query=Metcalf+Playground+%28in+Soundview+Park%29%2C+New+York%2C+NY,https://www.google.com/maps/search/?api=1&query=40.817743631157%2C-73.870592653752,pending,False,,,2200917,http://www.nycgovparks.org/events/2026/07/21/kids-in-motion-metcalf-playground
501,kids in motion metcalf playground|2026-07-22,Kids in Motion: Metcalf Playground,2026-07-22T10:00 am,Metcalf Playground (in Soundview Park),,40.817743631157,-73.870592653752,True,True,https://www.google.com/maps/search/?api=1&query=Metcalf+Playground+%28in+Soundview+Park%29%2C+New+York%2C+NY,https://www.google.com/maps/search/?api=1&query=40.817743631157%2C-73.870592653752,pending,False,,,2200707,http://www.nycgovparks.org/events/2026/07/22/kids-in-motion-metcalf-playground
502,kids in motion metcalf playground|2026-07-23,Kids in Motion: Metcalf Playground,2026-07-23T10:00 am,Metcalf Playground (in Soundview Park),,40.817743631157,-73.870592653752,True,True,https://www.google.com/maps/search/?api=1&query=Metcalf+Playground+%28in+Soundview+Park%29%2C+New+York%2C+NY,https://www.google.com/maps/search/?api=1&query=40.817743631157%2C-73.870592653752,pending,False,,,2200413,http://www.nycgovparks.org/events/2026/07/23/kids-in-motion-metcalf-playground
503,kids in motion metcalf playground|2026-07-24,Kids in Motion: Metcalf Playground,2026-07-24T10:00 am,Metcalf Playground (in Soundview Park),,40.817743631157,-73.870592653752,True,True,https://www.google.com/maps/search/?api=1&query=Metcalf+Playground+%28in+Soundview+Park%29%2C+New+York%2C+NY,https://www.google.com/maps/search/?api=1&query=40.817743631157%2C-73.870592653752,pending,False,,,2200411,http://www.nycgovparks.org/events/2026/07/24/kids-in-motion-metcalf-playground
504,kids in motion metcalf playground|2026-07-25,Kids in Motion: Metcalf Playground,2026-07-25T10:00 am,Metcalf Playground (in Soundview Park),,40.817743631157,-73.870592653752,True,True,https://www.google.com/maps/search/?api=1&query=Metcalf+Playground+%28in+Soundview+Park%29%2C+New+York%2C+NY,https://www.google.com/maps/search/?api=1&query=40.817743631157%2C-73.870592653752,pending,False,,,2200805,http://www.nycgovparks.org/events/2026/07/25/kids-in-motion-metcalf-playground
505,kids in motion nautilus playground|2026-07-16,Kids In Motion: Nautilus Playground,2026-07-16T10:00 am,Nautilus Playground (in Roy Wilkins Recreation Center),,40.683898925781,-73.769996643066,True,True,https://www.google.com/maps/search/?api=1&query=Nautilus+Playground+%28in+Roy+Wilkins+Recreation+Center%29%2C+New+York%2C+NY,https://www.google.com/maps/search/?api=1&query=40.683898925781%2C-73.769996643066,pending,False,,,2183617,http://www.nycgovparks.org/events/2026/07/16/kids-in-motion-nautilus-playground
506,kids in motion nautilus playground|2026-07-17,Kids In Motion: Nautilus Playground,2026-07-17T10:00 am,Nautilus Playground (in Roy Wilkins Recreation Center),,40.683898925781,-73.769996643066,True,True,https://www.google.com/maps/search/?api=1&query=Nautilus+Playground+%28in+Roy+Wilkins+Recreation+Center%29%2C+New+York%2C+NY,https://www.google.com/maps/search/?api=1&query=40.683898925781%2C-73.769996643066,pending,False,,,2183609,http://www.nycgovparks.org/events/2026/07/17/kids-in-motion-nautilus-playground
507,kids in motion nautilus playground|2026-07-18,Kids In Motion: Nautilus Playground,2026-07-18T10:00 am,Nautilus Playground (in Roy Wilkins Recreation Center),,40.683898925781,-73.769996643066,True,True,https://www.google.com/maps/search/?api=1&query=Nautilus+Playground+%28in+Roy+Wilkins+Recreation+Center%29%2C+New+York%2C+NY,https://www.google.com/maps/search/?api=1&query=40.683898925781%2C-73.769996643066,pending,False,,,2183682,http://www.nycgovparks.org/events/2026/07/18/kids-in-motion-nautilus-playground
508,kids in motion nautilus playground|2026-07-21,Kids In Motion: Nautilus Playground,2026-07-21T10:00 am,Nautilus Playground (in Roy Wilkins Recreation Center),,40.683898925781,-73.769996643066,True,True,https://www.google.com/maps/search/?api=1&query=Nautilus+Playground+%28in+Roy+Wilkins+Recreation+Center%29%2C+New+York%2C+NY,https://www.google.com/maps/search/?api=1&query=40.683898925781%2C-73.769996643066,pending,False,,,2183600,http://www.nycgovparks.org/events/2026/07/21/kids-in-motion-nautilus-playground
509,kids in motion nautilus playground|2026-07-22,Kids In Motion: Nautilus Playground,2026-07-22T10:00 am,Nautilus Playground (in Roy Wilkins Recreation Center),,40.683898925781,-73.769996643066,True,True,https://www.google.com/maps/search/?api=1&query=Nautilus+Playground+%28in+Roy+Wilkins+Recreation+Center%29%2C+New+York%2C+NY,https://www.google.com/maps/search/?api=1&query=40.683898925781%2C-73.769996643066,pending,False,,,2183557,http://www.nycgovparks.org/events/2026/07/22/kids-in-motion-nautilus-playground
510,kids in motion nautilus playground|2026-07-23,Kids In Motion: Nautilus Playground,2026-07-23T10:00 am,Nautilus Playground (in Roy Wilkins Recreation Center),,40.683898925781,-73.769996643066,True,True,https://www.google.com/maps/search/?api=1&query=Nautilus+Playground+%28in+Roy+Wilkins+Recreation+Center%29%2C+New+York%2C+NY,https://www.google.com/maps/search/?api=1&query=40.683898925781%2C-73.769996643066,pending,False,,,2183470,http://www.nycgovparks.org/events/2026/07/23/kids-in-motion-nautilus-playground
511,kids in motion nautilus playground|2026-07-24,Kids In Motion: Nautilus Playground,2026-07-24T10:00 am,Nautilus Playground (in Roy Wilkins Recreation Center),,40.683898925781,-73.769996643066,True,True,https://www.google.com/maps/search/?api=1&query=Nautilus+Playground+%28in+Roy+Wilkins+Recreation+Center%29%2C+New+York%2C+NY,https://www.google.com/maps/search/?api=1&query=40.683898925781%2C-73.769996643066,pending,False,,,2183589,http://www.nycgovparks.org/events/2026/07/24/kids-in-motion-nautilus-playground
512,kids in motion nautilus playground|2026-07-25,Kids In Motion: Nautilus Playground,2026-07-25T10:00 am,Nautilus Playground (in Roy Wilkins Recreation Center),,40.683898925781,-73.769996643066,True,True,https://www.google.com/maps/search/?api=1&query=Nautilus+Playground+%28in+Roy+Wilkins+Recreation+Center%29%2C+New+York%2C+NY,https://www.google.com/maps/search/?api=1&query=40.683898925781%2C-73.769996643066,pending,False,,,2183521,http://www.nycgovparks.org/events/2026/07/25/kids-in-motion-nautilus-playground
513,kids in motion northern playground|2026-07-16,Kids In Motion: Northern Playground,2026-07-16T10:00 am,Northern Blvd. and 94th Street (in Northern Playground),,40.756574188559,-73.874223549264,True,True,https://www.google.com/maps/search/?api=1&query=Northern+Blvd.+and+94th+Street+%28in+Northern+Playground%29%2C+New+York%2C+NY,https://www.google.com/maps/search/?api=1&query=40.756574188559%2C-73.874223549264,pending,False,,,2184753,http://www.nycgovparks.org/events/2026/07/16/kids-in-motion-northern-playground
514,kids in motion northern playground|2026-07-17,Kids In Motion: Northern Playground,2026-07-17T10:00 am,Northern Blvd. and 94th Street (in Northern Playground),,40.756574188559,-73.874223549264,True,True,https://www.google.com/maps/search/?api=1&query=Northern+Blvd.+and+94th+Street+%28in+Northern+Playground%29%2C+New+York%2C+NY,https://www.google.com/maps/search/?api=1&query=40.756574188559%2C-73.874223549264,pending,False,,,2184801,http://www.nycgovparks.org/events/2026/07/17/kids-in-motion-northern-playground
515,kids in motion northern playground|2026-07-18,Kids In Motion: Northern Playground,2026-07-18T10:00 am,Northern Blvd. and 94th Street (in Northern Playground),,40.756574188559,-73.874223549264,True,True,https://www.google.com/maps/search/?api=1&query=Northern+Blvd.+and+94th+Street+%28in+Northern+Playground%29%2C+New+York%2C+NY,https://www.google.com/maps/search/?api=1&query=40.756574188559%2C-73.874223549264,pending,False,,,2184852,http://www.nycgovparks.org/events/2026/07/18/kids-in-motion-northern-playground
516,kids in motion northern playground|2026-07-21,Kids In Motion: Northern Playground,2026-07-21T10:00 am,Northern Blvd. and 94th Street (in Northern Playground),,40.756574188559,-73.874223549264,True,True,https://www.google.com/maps/search/?api=1&query=Northern+Blvd.+and+94th+Street+%28in+Northern+Playground%29%2C+New+York%2C+NY,https://www.google.com/maps/search/?api=1&query=40.756574188559%2C-73.874223549264,pending,False,,,2184835,http://www.nycgovparks.org/events/2026/07/21/kids-in-motion-northern-playground
517,kids in motion northern playground|2026-07-22,Kids In Motion: Northern Playground,2026-07-22T10:00 am,Northern Blvd. and 94th Street (in Northern Playground),,40.756574188559,-73.874223549264,True,True,https://www.google.com/maps/search/?api=1&query=Northern+Blvd.+and+94th+Street+%28in+Northern+Playground%29%2C+New+York%2C+NY,https://www.google.com/maps/search/?api=1&query=40.756574188559%2C-73.874223549264,pending,False,,,2184732,http://www.nycgovparks.org/events/2026/07/22/kids-in-motion-northern-playground
518,kids in motion northern playground|2026-07-23,Kids In Motion: Northern Playground,2026-07-23T10:00 am,Northern Blvd. and 94th Street (in Northern Playground),,40.756574188559,-73.874223549264,True,True,https://www.google.com/maps/search/?api=1&query=Northern+Blvd.+and+94th+Street+%28in+Northern+Playground%29%2C+New+York%2C+NY,https://www.google.com/maps/search/?api=1&query=40.756574188559%2C-73.874223549264,pending,False,,,2184734,http://www.nycgovparks.org/events/2026/07/23/kids-in-motion-northern-playground
519,kids in motion northern playground|2026-07-24,Kids In Motion: Northern Playground,2026-07-24T10:00 am,Northern Blvd. and 94th Street (in Northern Playground),,40.756574188559,-73.874223549264,True,True,https://www.google.com/maps/search/?api=1&query=Northern+Blvd.+and+94th+Street+%28in+Northern+Playground%29%2C+New+York%2C+NY,https://www.google.com/maps/search/?api=1&query=40.756574188559%2C-73.874223549264,pending,False,,,2184772,http://www.nycgovparks.org/events/2026/07/24/kids-in-motion-northern-playground
520,kids in motion northern playground|2026-07-25,Kids In Motion: Northern Playground,2026-07-25T10:00 am,Northern Blvd. and 94th Street (in Northern Playground),,40.756574188559,-73.874223549264,True,True,https://www.google.com/maps/search/?api=1&query=Northern+Blvd.+and+94th+Street+%28in+Northern+Playground%29%2C+New+York%2C+NY,https://www.google.com/maps/search/?api=1&query=40.756574188559%2C-73.874223549264,pending,False,,,2184842,http://www.nycgovparks.org/events/2026/07/25/kids-in-motion-northern-playground
521,kids in motion p s 55|2026-07-16,Kids In Motion: P.S. 55,2026-07-16T10:00 am,P.S. 55 (in Lieutenant John H. Martinson Playground),,40.53636868444,-74.163440904004,True,True,https://www.google.com/maps/search/?api=1&query=P.S.+55+%28in+Lieutenant+John+H.+Martinson+Playground%29%2C+New+York%2C+NY,https://www.google.com/maps/search/?api=1&query=40.53636868444%2C-74.163440904004,pending,False,,,2172104,http://www.nycgovparks.org/events/2026/07/16/kim-ps-55
522,kids in motion p s 55|2026-07-17,Kids In Motion: P.S. 55,2026-07-17T10:00 am,P.S. 55 (in Lieutenant John H. Martinson Playground),,40.53636868444,-74.163440904004,True,True,https://www.google.com/maps/search/?api=1&query=P.S.+55+%28in+Lieutenant+John+H.+Martinson+Playground%29%2C+New+York%2C+NY,https://www.google.com/maps/search/?api=1&query=40.53636868444%2C-74.163440904004,pending,False,,,2172369,http://www.nycgovparks.org/events/2026/07/17/kim-ps-55
523,kids in motion p s 55|2026-07-18,Kids In Motion: P.S. 55,2026-07-18T10:00 am,P.S. 55 (in Lieutenant John H. Martinson Playground),,40.53636868444,-74.163440904004,True,True,https://www.google.com/maps/search/?api=1&query=P.S.+55+%28in+Lieutenant+John+H.+Martinson+Playground%29%2C+New+York%2C+NY,https://www.google.com/maps/search/?api=1&query=40.53636868444%2C-74.163440904004,pending,False,,,2172581,http://www.nycgovparks.org/events/2026/07/18/kim-ps-55
524,kids in motion p s 55|2026-07-21,Kids In Motion: P.S. 55,2026-07-21T10:00 am,P.S. 55 (in Lieutenant John H. Martinson Playground),,40.53636868444,-74.163440904004,True,True,https://www.google.com/maps/search/?api=1&query=P.S.+55+%28in+Lieutenant+John+H.+Martinson+Playground%29%2C+New+York%2C+NY,https://www.google.com/maps/search/?api=1&query=40.53636868444%2C-74.163440904004,pending,False,,,2172096,http://www.nycgovparks.org/events/2026/07/21/kim-ps-55
525,kids in motion p s 55|2026-07-22,Kids In Motion: P.S. 55,2026-07-22T10:00 am,P.S. 55 (in Lieutenant John H. Martinson Playground),,40.53636868444,-74.163440904004,True,True,https://www.google.com/maps/search/?api=1&query=P.S.+55+%28in+Lieutenant+John+H.+Martinson+Playground%29%2C+New+York%2C+NY,https://www.google.com/maps/search/?api=1&query=40.53636868444%2C-74.163440904004,pending,False,,,2172634,http://www.nycgovparks.org/events/2026/07/22/kim-ps-55
526,kids in motion p s 55|2026-07-23,Kids In Motion: P.S. 55,2026-07-23T10:00 am,P.S. 55 (in Lieutenant John H. Martinson Playground),,40.53636868444,-74.163440904004,True,True,https://www.google.com/maps/search/?api=1&query=P.S.+55+%28in+Lieutenant+John+H.+Martinson+Playground%29%2C+New+York%2C+NY,https://www.google.com/maps/search/?api=1&query=40.53636868444%2C-74.163440904004,pending,False,,,2172745,http://www.nycgovparks.org/events/2026/07/23/kim-ps-55
527,kids in motion p s 55|2026-07-24,Kids In Motion: P.S. 55,2026-07-24T10:00 am,P.S. 55 (in Lieutenant John H. Martinson Playground),,40.53636868444,-74.163440904004,True,True,https://www.google.com/maps/search/?api=1&query=P.S.+55+%28in+Lieutenant+John+H.+Martinson+Playground%29%2C+New+York%2C+NY,https://www.google.com/maps/search/?api=1&query=40.53636868444%2C-74.163440904004,pending,False,,,2172159,http://www.nycgovparks.org/events/2026/07/24/kim-ps-55
528,kids in motion p s 55|2026-07-25,Kids In Motion: P.S. 55,2026-07-25T10:00 am,P.S. 55 (in Lieutenant John H. Martinson Playground),,40.53636868444,-74.163440904004,True,True,https://www.google.com/maps/search/?api=1&query=P.S.+55+%28in+Lieutenant+John+H.+Martinson+Playground%29%2C+New+York%2C+NY,https://www.google.com/maps/search/?api=1&query=40.53636868444%2C-74.163440904004,pending,False,,,2172537,http://www.nycgovparks.org/events/2026/07/25/kim-ps-55
529,kids in motion phil scooter rizzuto park|2026-07-16,"Kids In Motion: Phil ""Scooter"" Rizzuto Park",2026-07-16T10:00 am,"Playground (in Phil ""Scooter"" Rizzuto Park)",,40.694295031495,-73.821800351143,True,True,https://www.google.com/maps/search/?api=1&query=Playground+%28in+Phil+%22Scooter%22+Rizzuto+Park%29%2C+New+York%2C+NY,https://www.google.com/maps/search/?api=1&query=40.694295031495%2C-73.821800351143,pending,False,,,2175857,http://www.nycgovparks.org/events/2026/07/16/kim-phil-scooter-rizzuto-park
530,kids in motion phil scooter rizzuto park|2026-07-17,"Kids In Motion: Phil ""Scooter"" Rizzuto Park",2026-07-17T10:00 am,"Playground (in Phil ""Scooter"" Rizzuto Park)",,40.694295031495,-73.821800351143,True,True,https://www.google.com/maps/search/?api=1&query=Playground+%28in+Phil+%22Scooter%22+Rizzuto+Park%29%2C+New+York%2C+NY,https://www.google.com/maps/search/?api=1&query=40.694295031495%2C-73.821800351143,pending,False,,,2175915,http://www.nycgovparks.org/events/2026/07/17/kim-phil-scooter-rizzuto-park
531,kids in motion phil scooter rizzuto park|2026-07-18,"Kids In Motion: Phil ""Scooter"" Rizzuto Park",2026-07-18T10:00 am,"Playground (in Phil ""Scooter"" Rizzuto Park)",,40.694295031495,-73.821800351143,True,True,https://www.google.com/maps/search/?api=1&query=Playground+%28in+Phil+%22Scooter%22+Rizzuto+Park%29%2C+New+York%2C+NY,https://www.google.com/maps/search/?api=1&query=40.694295031495%2C-73.821800351143,pending,False,,,2176091,http://www.nycgovparks.org/events/2026/07/18/kim-phil-scooter-rizzuto-park
532,kids in motion phil scooter rizzuto park|2026-07-21,"Kids In Motion: Phil ""Scooter"" Rizzuto Park",2026-07-21T10:00 am,"Playground (in Phil ""Scooter"" Rizzuto Park)",,40.694295031495,-73.821800351143,True,True,https://www.google.com/maps/search/?api=1&query=Playground+%28in+Phil+%22Scooter%22+Rizzuto+Park%29%2C+New+York%2C+NY,https://www.google.com/maps/search/?api=1&query=40.694295031495%2C-73.821800351143,pending,False,,,2176120,http://www.nycgovparks.org/events/2026/07/21/kim-phil-scooter-rizzuto-park
533,kids in motion phil scooter rizzuto park|2026-07-22,"Kids In Motion: Phil ""Scooter"" Rizzuto Park",2026-07-22T10:00 am,"Playground (in Phil ""Scooter"" Rizzuto Park)",,40.694295031495,-73.821800351143,True,True,https://www.google.com/maps/search/?api=1&query=Playground+%28in+Phil+%22Scooter%22+Rizzuto+Park%29%2C+New+York%2C+NY,https://www.google.com/maps/search/?api=1&query=40.694295031495%2C-73.821800351143,pending,False,,,2175994,http://www.nycgovparks.org/events/2026/07/22/kim-phil-scooter-rizzuto-park
534,kids in motion phil scooter rizzuto park|2026-07-23,"Kids In Motion: Phil ""Scooter"" Rizzuto Park",2026-07-23T10:00 am,"Playground (in Phil ""Scooter"" Rizzuto Park)",,40.694295031495,-73.821800351143,True,True,https://www.google.com/maps/search/?api=1&query=Playground+%28in+Phil+%22Scooter%22+Rizzuto+Park%29%2C+New+York%2C+NY,https://www.google.com/maps/search/?api=1&query=40.694295031495%2C-73.821800351143,pending,False,,,2175957,http://www.nycgovparks.org/events/2026/07/23/kim-phil-scooter-rizzuto-park
535,kids in motion phil scooter rizzuto park|2026-07-24,"Kids In Motion: Phil ""Scooter"" Rizzuto Park",2026-07-24T10:00 am,"Playground (in Phil ""Scooter"" Rizzuto Park)",,40.694295031495,-73.821800351143,True,True,https://www.google.com/maps/search/?api=1&query=Playground+%28in+Phil+%22Scooter%22+Rizzuto+Park%29%2C+New+York%2C+NY,https://www.google.com/maps/search/?api=1&query=40.694295031495%2C-73.821800351143,pending,False,,,2176004,http://www.nycgovparks.org/events/2026/07/24/kim-phil-scooter-rizzuto-park
536,kids in motion phil scooter rizzuto park|2026-07-25,"Kids In Motion: Phil ""Scooter"" Rizzuto Park",2026-07-25T10:00 am,"Playground (in Phil ""Scooter"" Rizzuto Park)",,40.694295031495,-73.821800351143,True,True,https://www.google.com/maps/search/?api=1&query=Playground+%28in+Phil+%22Scooter%22+Rizzuto+Park%29%2C+New+York%2C+NY,https://www.google.com/maps/search/?api=1&query=40.694295031495%2C-73.821800351143,pending,False,,,2175858,http://www.nycgovparks.org/events/2026/07/25/kim-phil-scooter-rizzuto-park
537,kids in motion rosemary s playground|2026-07-16,Kids In Motion: Rosemary's Playground,2026-07-16T10:00 am,Playground (in Rosemary's Playground),,40.704478680934,-73.904484808445,True,True,https://www.google.com/maps/search/?api=1&query=Playground+%28in+Rosemary%27s+Playground%29%2C+New+York%2C+NY,https://www.google.com/maps/search/?api=1&query=40.704478680934%2C-73.904484808445,pending,False,,,2205062,http://www.nycgovparks.org/events/2026/07/16/kids-in-motion-rosemarys-playground
538,kids in motion rosemary s playground|2026-07-17,Kids In Motion: Rosemary's Playground,2026-07-17T10:00 am,Playground (in Rosemary's Playground),,40.704478680934,-73.904484808445,True,True,https://www.google.com/maps/search/?api=1&query=Playground+%28in+Rosemary%27s+Playground%29%2C+New+York%2C+NY,https://www.google.com/maps/search/?api=1&query=40.704478680934%2C-73.904484808445,pending,False,,,2204659,http://www.nycgovparks.org/events/2026/07/17/kids-in-motion-rosemarys-playground
539,kids in motion rosemary s playground|2026-07-18,Kids In Motion: Rosemary's Playground,2026-07-18T10:00 am,Playground (in Rosemary's Playground),,40.704478680934,-73.904484808445,True,True,https://www.google.com/maps/search/?api=1&query=Playground+%28in+Rosemary%27s+Playground%29%2C+New+York%2C+NY,https://www.google.com/maps/search/?api=1&query=40.704478680934%2C-73.904484808445,pending,False,,,2205003,http://www.nycgovparks.org/events/2026/07/18/kids-in-motion-rosemarys-playground
540,kids in motion rosemary s playground|2026-07-21,Kids In Motion: Rosemary's Playground,2026-07-21T10:00 am,Playground (in Rosemary's Playground),,40.704478680934,-73.904484808445,True,True,https://www.google.com/maps/search/?api=1&query=Playground+%28in+Rosemary%27s+Playground%29%2C+New+York%2C+NY,https://www.google.com/maps/search/?api=1&query=40.704478680934%2C-73.904484808445,pending,False,,,2205054,http://www.nycgovparks.org/events/2026/07/21/kids-in-motion-rosemarys-playground
541,kids in motion rosemary s playground|2026-07-22,Kids In Motion: Rosemary's Playground,2026-07-22T10:00 am,Playground (in Rosemary's Playground),,40.704478680934,-73.904484808445,True,True,https://www.google.com/maps/search/?api=1&query=Playground+%28in+Rosemary%27s+Playground%29%2C+New+York%2C+NY,https://www.google.com/maps/search/?api=1&query=40.704478680934%2C-73.904484808445,pending,False,,,2204982,http://www.nycgovparks.org/events/2026/07/22/kids-in-motion-rosemarys-playground
542,kids in motion rosemary s playground|2026-07-23,Kids In Motion: Rosemary's Playground,2026-07-23T10:00 am,Playground (in Rosemary's Playground),,40.704478680934,-73.904484808445,True,True,https://www.google.com/maps/search/?api=1&query=Playground+%28in+Rosemary%27s+Playground%29%2C+New+York%2C+NY,https://www.google.com/maps/search/?api=1&query=40.704478680934%2C-73.904484808445,pending,False,,,2204886,http://www.nycgovparks.org/events/2026/07/23/kids-in-motion-rosemarys-playground
543,kids in motion rosemary s playground|2026-07-24,Kids In Motion: Rosemary's Playground,2026-07-24T10:00 am,Playground (in Rosemary's Playground),,40.704478680934,-73.904484808445,True,True,https://www.google.com/maps/search/?api=1&query=Playground+%28in+Rosemary%27s+Playground%29%2C+New+York%2C+NY,https://www.google.com/maps/search/?api=1&query=40.704478680934%2C-73.904484808445,pending,False,,,2204972,http://www.nycgovparks.org/events/2026/07/24/kids-in-motion-rosemarys-playground
544,kids in motion rosemary s playground|2026-07-25,Kids In Motion: Rosemary's Playground,2026-07-25T10:00 am,Playground (in Rosemary's Playground),,40.704478680934,-73.904484808445,True,True,https://www.google.com/maps/search/?api=1&query=Playground+%28in+Rosemary%27s+Playground%29%2C+New+York%2C+NY,https://www.google.com/maps/search/?api=1&query=40.704478680934%2C-73.904484808445,pending,False,,,2204708,http://www.nycgovparks.org/events/2026/07/25/kids-in-motion-rosemarys-playground
545,kids in motion samuel seabury playground|2026-07-16,Kids in Motion: Samuel Seabury Playground,2026-07-16T10:00 am,Samuel Seabury Playground,,40.785400390625,-73.95079803466797,True,True,https://www.google.com/maps/search/?api=1&query=Samuel+Seabury+Playground%2C+New+York%2C+NY,https://www.google.com/maps/search/?api=1&query=40.785400390625%2C-73.95079803466797,pending,False,,,2193466,http://www.nycgovparks.org/events/2026/07/16/kids-in-motion-samuel-seabury-playground
546,kids in motion samuel seabury playground|2026-07-17,Kids in Motion: Samuel Seabury Playground,2026-07-17T10:00 am,Samuel Seabury Playground,,40.785400390625,-73.95079803466797,True,True,https://www.google.com/maps/search/?api=1&query=Samuel+Seabury+Playground%2C+New+York%2C+NY,https://www.google.com/maps/search/?api=1&query=40.785400390625%2C-73.95079803466797,pending,False,,,2193299,http://www.nycgovparks.org/events/2026/07/17/kids-in-motion-samuel-seabury-playground
547,kids in motion samuel seabury playground|2026-07-18,Kids in Motion: Samuel Seabury Playground,2026-07-18T10:00 am,Samuel Seabury Playground,,40.785400390625,-73.95079803466797,True,True,https://www.google.com/maps/search/?api=1&query=Samuel+Seabury+Playground%2C+New+York%2C+NY,https://www.google.com/maps/search/?api=1&query=40.785400390625%2C-73.95079803466797,pending,False,,,2193506,http://www.nycgovparks.org/events/2026/07/18/kids-in-motion-samuel-seabury-playground
548,kids in motion samuel seabury playground|2026-07-21,Kids in Motion: Samuel Seabury Playground,2026-07-21T10:00 am,Samuel Seabury Playground,,40.785400390625,-73.95079803466797,True,True,https://www.google.com/maps/search/?api=1&query=Samuel+Seabury+Playground%2C+New+York%2C+NY,https://www.google.com/maps/search/?api=1&query=40.785400390625%2C-73.95079803466797,pending,False,,,2193485,http://www.nycgovparks.org/events/2026/07/21/kids-in-motion-samuel-seabury-playground
549,kids in motion samuel seabury playground|2026-07-22,Kids in Motion: Samuel Seabury Playground,2026-07-22T10:00 am,Samuel Seabury Playground,,40.785400390625,-73.95079803466797,True,True,https://www.google.com/maps/search/?api=1&query=Samuel+Seabury+Playground%2C+New+York%2C+NY,https://www.google.com/maps/search/?api=1&query=40.785400390625%2C-73.95079803466797,pending,False,,,2193324,http://www.nycgovparks.org/events/2026/07/22/kids-in-motion-samuel-seabury-playground
550,kids in motion samuel seabury playground|2026-07-23,Kids in Motion: Samuel Seabury Playground,2026-07-23T10:00 am,Samuel Seabury Playground,,40.785400390625,-73.95079803466797,True,True,https://www.google.com/maps/search/?api=1&query=Samuel+Seabury+Playground%2C+New+York%2C+NY,https://www.google.com/maps/search/?api=1&query=40.785400390625%2C-73.95079803466797,pending,False,,,2193335,http://www.nycgovparks.org/events/2026/07/23/kids-in-motion-samuel-seabury-playground
551,kids in motion samuel seabury playground|2026-07-24,Kids in Motion: Samuel Seabury Playground,2026-07-24T10:00 am,Samuel Seabury Playground,,40.785400390625,-73.95079803466797,True,True,https://www.google.com/maps/search/?api=1&query=Samuel+Seabury+Playground%2C+New+York%2C+NY,https://www.google.com/maps/search/?api=1&query=40.785400390625%2C-73.95079803466797,pending,False,,,2193503,http://www.nycgovparks.org/events/2026/07/24/kids-in-motion-samuel-seabury-playground
552,kids in motion samuel seabury playground|2026-07-25,Kids in Motion: Samuel Seabury Playground,2026-07-25T10:00 am,Samuel Seabury Playground,,40.785400390625,-73.95079803466797,True,True,https://www.google.com/maps/search/?api=1&query=Samuel+Seabury+Playground%2C+New+York%2C+NY,https://www.google.com/maps/search/?api=1&query=40.785400390625%2C-73.95079803466797,pending,False,,,2193344,http://www.nycgovparks.org/events/2026/07/25/kids-in-motion-samuel-seabury-playground
553,kids in motion schmul|2026-07-16,Kids In Motion: Schmul,2026-07-16T10:00 am,Playground (in Schmul Park),,40.590108078298,-74.188181161881,True,True,https://www.google.com/maps/search/?api=1&query=Playground+%28in+Schmul+Park%29%2C+New+York%2C+NY,https://www.google.com/maps/search/?api=1&query=40.590108078298%2C-74.188181161881,pending,False,,,2172672,http://www.nycgovparks.org/events/2026/07/16/kim-schmul
554,kids in motion schmul|2026-07-17,Kids In Motion: Schmul,2026-07-17T10:00 am,Playground (in Schmul Park),,40.590108078298,-74.188181161881,True,True,https://www.google.com/maps/search/?api=1&query=Playground+%28in+Schmul+Park%29%2C+New+York%2C+NY,https://www.google.com/maps/search/?api=1&query=40.590108078298%2C-74.188181161881,pending,False,,,2172749,http://www.nycgovparks.org/events/2026/07/17/kim-schmul
555,kids in motion schmul|2026-07-18,Kids In Motion: Schmul,2026-07-18T10:00 am,Playground (in Schmul Park),,40.590108078298,-74.188181161881,True,True,https://www.google.com/maps/search/?api=1&query=Playground+%28in+Schmul+Park%29%2C+New+York%2C+NY,https://www.google.com/maps/search/?api=1&query=40.590108078298%2C-74.188181161881,pending,False,,,2172669,http://www.nycgovparks.org/events/2026/07/18/kim-schmul
556,kids in motion schmul|2026-07-21,Kids In Motion: Schmul,2026-07-21T10:00 am,Playground (in Schmul Park),,40.590108078298,-74.188181161881,True,True,https://www.google.com/maps/search/?api=1&query=Playground+%28in+Schmul+Park%29%2C+New+York%2C+NY,https://www.google.com/maps/search/?api=1&query=40.590108078298%2C-74.188181161881,pending,False,,,2171978,http://www.nycgovparks.org/events/2026/07/21/kim-schmul
557,kids in motion schmul|2026-07-22,Kids In Motion: Schmul,2026-07-22T10:00 am,Playground (in Schmul Park),,40.590108078298,-74.188181161881,True,True,https://www.google.com/maps/search/?api=1&query=Playground+%28in+Schmul+Park%29%2C+New+York%2C+NY,https://www.google.com/maps/search/?api=1&query=40.590108078298%2C-74.188181161881,pending,False,,,2172086,http://www.nycgovparks.org/events/2026/07/22/kim-schmul
558,kids in motion schmul|2026-07-23,Kids In Motion: Schmul,2026-07-23T10:00 am,Playground (in Schmul Park),,40.590108078298,-74.188181161881,True,True,https://www.google.com/maps/search/?api=1&query=Playground+%28in+Schmul+Park%29%2C+New+York%2C+NY,https://www.google.com/maps/search/?api=1&query=40.590108078298%2C-74.188181161881,pending,False,,,2171912,http://www.nycgovparks.org/events/2026/07/23/kim-schmul
559,kids in motion schmul|2026-07-24,Kids In Motion: Schmul,2026-07-24T10:00 am,Playground (in Schmul Park),,40.590108078298,-74.188181161881,True,True,https://www.google.com/maps/search/?api=1&query=Playground+%28in+Schmul+Park%29%2C+New+York%2C+NY,https://www.google.com/maps/search/?api=1&query=40.590108078298%2C-74.188181161881,pending,False,,,2172675,http://www.nycgovparks.org/events/2026/07/24/kim-schmul
560,kids in motion schmul|2026-07-25,Kids In Motion: Schmul,2026-07-25T10:00 am,Playground (in Schmul Park),,40.590108078298,-74.188181161881,True,True,https://www.google.com/maps/search/?api=1&query=Playground+%28in+Schmul+Park%29%2C+New+York%2C+NY,https://www.google.com/maps/search/?api=1&query=40.590108078298%2C-74.188181161881,pending,False,,,2172549,http://www.nycgovparks.org/events/2026/07/25/kim-schmul
561,kids in motion seward park|2026-07-16,Kids in Motion: Seward Park,2026-07-16T10:00 am,Entrance - East Broadway & Essex St (in Seward Park),,40.714499,-73.989886,True,True,https://www.google.com/maps/search/?api=1&query=Entrance+-+East+Broadway+%26+Essex+St+%28in+Seward+Park%29%2C+New+York%2C+NY,https://www.google.com/maps/search/?api=1&query=40.714499%2C-73.989886,pending,False,,,2192012,http://www.nycgovparks.org/events/2026/07/16/kids-in-motion-seward-park
562,kids in motion seward park|2026-07-17,Kids in Motion: Seward Park,2026-07-17T10:00 am,Entrance - East Broadway & Essex St (in Seward Park),,40.714499,-73.989886,True,True,https://www.google.com/maps/search/?api=1&query=Entrance+-+East+Broadway+%26+Essex+St+%28in+Seward+Park%29%2C+New+York%2C+NY,https://www.google.com/maps/search/?api=1&query=40.714499%2C-73.989886,pending,False,,,2192115,http://www.nycgovparks.org/events/2026/07/17/kids-in-motion-seward-park
563,kids in motion seward park|2026-07-18,Kids in Motion: Seward Park,2026-07-18T10:00 am,Entrance - East Broadway & Essex St (in Seward Park),,40.714499,-73.989886,True,True,https://www.google.com/maps/search/?api=1&query=Entrance+-+East+Broadway+%26+Essex+St+%28in+Seward+Park%29%2C+New+York%2C+NY,https://www.google.com/maps/search/?api=1&query=40.714499%2C-73.989886,pending,False,,,2192207,http://www.nycgovparks.org/events/2026/07/18/kids-in-motion-seward-park
564,kids in motion seward park|2026-07-21,Kids in Motion: Seward Park,2026-07-21T10:00 am,Entrance - East Broadway & Essex St (in Seward Park),,40.714499,-73.989886,True,True,https://www.google.com/maps/search/?api=1&query=Entrance+-+East+Broadway+%26+Essex+St+%28in+Seward+Park%29%2C+New+York%2C+NY,https://www.google.com/maps/search/?api=1&query=40.714499%2C-73.989886,pending,False,,,2192106,http://www.nycgovparks.org/events/2026/07/21/kids-in-motion-seward-park
565,kids in motion seward park|2026-07-22,Kids in Motion: Seward Park,2026-07-22T10:00 am,Entrance - East Broadway & Essex St (in Seward Park),,40.714499,-73.989886,True,True,https://www.google.com/maps/search/?api=1&query=Entrance+-+East+Broadway+%26+Essex+St+%28in+Seward+Park%29%2C+New+York%2C+NY,https://www.google.com/maps/search/?api=1&query=40.714499%2C-73.989886,pending,False,,,2191965,http://www.nycgovparks.org/events/2026/07/22/kids-in-motion-seward-park
566,kids in motion seward park|2026-07-23,Kids in Motion: Seward Park,2026-07-23T10:00 am,Entrance - East Broadway & Essex St (in Seward Park),,40.714499,-73.989886,True,True,https://www.google.com/maps/search/?api=1&query=Entrance+-+East+Broadway+%26+Essex+St+%28in+Seward+Park%29%2C+New+York%2C+NY,https://www.google.com/maps/search/?api=1&query=40.714499%2C-73.989886,pending,False,,,2192159,http://www.nycgovparks.org/events/2026/07/23/kids-in-motion-seward-park
567,kids in motion seward park|2026-07-24,Kids in Motion: Seward Park,2026-07-24T10:00 am,Entrance - East Broadway & Essex St (in Seward Park),,40.714499,-73.989886,True,True,https://www.google.com/maps/search/?api=1&query=Entrance+-+East+Broadway+%26+Essex+St+%28in+Seward+Park%29%2C+New+York%2C+NY,https://www.google.com/maps/search/?api=1&query=40.714499%2C-73.989886,pending,False,,,2192025,http://www.nycgovparks.org/events/2026/07/24/kids-in-motion-seward-park
568,kids in motion seward park|2026-07-25,Kids in Motion: Seward Park,2026-07-25T10:00 am,Entrance - East Broadway & Essex St (in Seward Park),,40.714499,-73.989886,True,True,https://www.google.com/maps/search/?api=1&query=Entrance+-+East+Broadway+%26+Essex+St+%28in+Seward+Park%29%2C+New+York%2C+NY,https://www.google.com/maps/search/?api=1&query=40.714499%2C-73.989886,pending,False,,,2191878,http://www.nycgovparks.org/events/2026/07/25/kids-in-motion-seward-park
569,kids in motion sol lain playground|2026-07-16,Kids in Motion: Sol Lain Playground,2026-07-16T10:00 am,Sol Lain Playground (in Sol Lain Plgd),,40.71419906616211,-73.98380279541016,True,True,https://www.google.com/maps/search/?api=1&query=Sol+Lain+Playground+%28in+Sol+Lain+Plgd%29%2C+New+York%2C+NY,https://www.google.com/maps/search/?api=1&query=40.71419906616211%2C-73.98380279541016,pending,False,,,2191891,http://www.nycgovparks.org/events/2026/07/16/kids-in-motion-sol-lain-playground
570,kids in motion sol lain playground|2026-07-17,Kids in Motion: Sol Lain Playground,2026-07-17T10:00 am,Sol Lain Playground (in Sol Lain Plgd),,40.71419906616211,-73.98380279541016,True,True,https://www.google.com/maps/search/?api=1&query=Sol+Lain+Playground+%28in+Sol+Lain+Plgd%29%2C+New+York%2C+NY,https://www.google.com/maps/search/?api=1&query=40.71419906616211%2C-73.98380279541016,pending,False,,,2192059,http://www.nycgovparks.org/events/2026/07/17/kids-in-motion-sol-lain-playground
571,kids in motion sol lain playground|2026-07-18,Kids in Motion: Sol Lain Playground,2026-07-18T10:00 am,Sol Lain Playground (in Sol Lain Plgd),,40.71419906616211,-73.98380279541016,True,True,https://www.google.com/maps/search/?api=1&query=Sol+Lain+Playground+%28in+Sol+Lain+Plgd%29%2C+New+York%2C+NY,https://www.google.com/maps/search/?api=1&query=40.71419906616211%2C-73.98380279541016,pending,False,,,2192107,http://www.nycgovparks.org/events/2026/07/18/kids-in-motion-sol-lain-playground
572,kids in motion sol lain playground|2026-07-21,Kids in Motion: Sol Lain Playground,2026-07-21T10:00 am,Sol Lain Playground (in Sol Lain Plgd),,40.71419906616211,-73.98380279541016,True,True,https://www.google.com/maps/search/?api=1&query=Sol+Lain+Playground+%28in+Sol+Lain+Plgd%29%2C+New+York%2C+NY,https://www.google.com/maps/search/?api=1&query=40.71419906616211%2C-73.98380279541016,pending,False,,,2192205,http://www.nycgovparks.org/events/2026/07/21/kids-in-motion-sol-lain-playground
573,kids in motion sol lain playground|2026-07-22,Kids in Motion: Sol Lain Playground,2026-07-22T10:00 am,Sol Lain Playground (in Sol Lain Plgd),,40.71419906616211,-73.98380279541016,True,True,https://www.google.com/maps/search/?api=1&query=Sol+Lain+Playground+%28in+Sol+Lain+Plgd%29%2C+New+York%2C+NY,https://www.google.com/maps/search/?api=1&query=40.71419906616211%2C-73.98380279541016,pending,False,,,2192148,http://www.nycgovparks.org/events/2026/07/22/kids-in-motion-sol-lain-playground
574,kids in motion sol lain playground|2026-07-23,Kids in Motion: Sol Lain Playground,2026-07-23T10:00 am,Sol Lain Playground (in Sol Lain Plgd),,40.71419906616211,-73.98380279541016,True,True,https://www.google.com/maps/search/?api=1&query=Sol+Lain+Playground+%28in+Sol+Lain+Plgd%29%2C+New+York%2C+NY,https://www.google.com/maps/search/?api=1&query=40.71419906616211%2C-73.98380279541016,pending,False,,,2192168,http://www.nycgovparks.org/events/2026/07/23/kids-in-motion-sol-lain-playground
575,kids in motion sol lain playground|2026-07-24,Kids in Motion: Sol Lain Playground,2026-07-24T10:00 am,Sol Lain Playground (in Sol Lain Plgd),,40.71419906616211,-73.98380279541016,True,True,https://www.google.com/maps/search/?api=1&query=Sol+Lain+Playground+%28in+Sol+Lain+Plgd%29%2C+New+York%2C+NY,https://www.google.com/maps/search/?api=1&query=40.71419906616211%2C-73.98380279541016,pending,False,,,2192120,http://www.nycgovparks.org/events/2026/07/24/kids-in-motion-sol-lain-playground
576,kids in motion sol lain playground|2026-07-25,Kids in Motion: Sol Lain Playground,2026-07-25T10:00 am,Sol Lain Playground (in Sol Lain Plgd),,40.71419906616211,-73.98380279541016,True,True,https://www.google.com/maps/search/?api=1&query=Sol+Lain+Playground+%28in+Sol+Lain+Plgd%29%2C+New+York%2C+NY,https://www.google.com/maps/search/?api=1&query=40.71419906616211%2C-73.98380279541016,pending,False,,,2191899,http://www.nycgovparks.org/events/2026/07/25/kids-in-motion-sol-lain-playground
577,kids in motion spuyten duyvil playground color me tote bag|2026-07-22,"Kids in Motion: Spuyten Duyvil Playground (Color Me, Tote Bag)",2026-07-22T3:00 pm,Play Area (in Spuyten Duyvil Playground),,40.887225893575,-73.916396338164,True,True,https://www.google.com/maps/search/?api=1&query=Play+Area+%28in+Spuyten+Duyvil+Playground%29%2C+New+York%2C+NY,https://www.google.com/maps/search/?api=1&query=40.887225893575%2C-73.916396338164,pending,False,,,2180456,http://www.nycgovparks.org/events/2026/07/22/kids-in-motion-spuyten-duyvil-playground-color-me-tote-bag
578,kids in motion spuyten duyvil playground|2026-07-16,Kids in Motion: Spuyten Duyvil Playground,2026-07-16T10:00 am,Play Area (in Spuyten Duyvil Playground),,40.887225893575,-73.916396338164,True,True,https://www.google.com/maps/search/?api=1&query=Play+Area+%28in+Spuyten+Duyvil+Playground%29%2C+New+York%2C+NY,https://www.google.com/maps/search/?api=1&query=40.887225893575%2C-73.916396338164,pending,False,,,2180860,http://www.nycgovparks.org/events/2026/07/16/kids-in-motion-spuyten-duyvil-playground
579,kids in motion spuyten duyvil playground|2026-07-17,Kids in Motion: Spuyten Duyvil Playground,2026-07-17T10:00 am,Play Area (in Spuyten Duyvil Playground),,40.887225893575,-73.916396338164,True,True,https://www.google.com/maps/search/?api=1&query=Play+Area+%28in+Spuyten+Duyvil+Playground%29%2C+New+York%2C+NY,https://www.google.com/maps/search/?api=1&query=40.887225893575%2C-73.916396338164,pending,False,,,2180346,http://www.nycgovparks.org/events/2026/07/17/kids-in-motion-spuyten-duyvil-playground
580,kids in motion spuyten duyvil playground|2026-07-18,Kids in Motion: Spuyten Duyvil Playground,2026-07-18T10:00 am,Play Area (in Spuyten Duyvil Playground),,40.887225893575,-73.916396338164,True,True,https://www.google.com/maps/search/?api=1&query=Play+Area+%28in+Spuyten+Duyvil+Playground%29%2C+New+York%2C+NY,https://www.google.com/maps/search/?api=1&query=40.887225893575%2C-73.916396338164,pending,False,,,2180358,http://www.nycgovparks.org/events/2026/07/18/kids-in-motion-spuyten-duyvil-playground
581,kids in motion spuyten duyvil playground|2026-07-21,Kids in Motion: Spuyten Duyvil Playground,2026-07-21T10:00 am,Play Area (in Spuyten Duyvil Playground),,40.887225893575,-73.916396338164,True,True,https://www.google.com/maps/search/?api=1&query=Play+Area+%28in+Spuyten+Duyvil+Playground%29%2C+New+York%2C+NY,https://www.google.com/maps/search/?api=1&query=40.887225893575%2C-73.916396338164,pending,False,,,2180697,http://www.nycgovparks.org/events/2026/07/21/kids-in-motion-spuyten-duyvil-playground
582,kids in motion spuyten duyvil playground|2026-07-22,Kids in Motion: Spuyten Duyvil Playground,2026-07-22T10:00 am,Play Area (in Spuyten Duyvil Playground),,40.887225893575,-73.916396338164,True,True,https://www.google.com/maps/search/?api=1&query=Play+Area+%28in+Spuyten+Duyvil+Playground%29%2C+New+York%2C+NY,https://www.google.com/maps/search/?api=1&query=40.887225893575%2C-73.916396338164,pending,False,,,2180315,http://www.nycgovparks.org/events/2026/07/22/kids-in-motion-spuyten-duyvil-playground
583,kids in motion spuyten duyvil playground|2026-07-23,Kids in Motion: Spuyten Duyvil Playground,2026-07-23T10:00 am,Play Area (in Spuyten Duyvil Playground),,40.887225893575,-73.916396338164,True,True,https://www.google.com/maps/search/?api=1&query=Play+Area+%28in+Spuyten+Duyvil+Playground%29%2C+New+York%2C+NY,https://www.google.com/maps/search/?api=1&query=40.887225893575%2C-73.916396338164,pending,False,,,2180287,http://www.nycgovparks.org/events/2026/07/23/kids-in-motion-spuyten-duyvil-playground
584,kids in motion spuyten duyvil playground|2026-07-24,Kids in Motion: Spuyten Duyvil Playground,2026-07-24T10:00 am,Play Area (in Spuyten Duyvil Playground),,40.887225893575,-73.916396338164,True,True,https://www.google.com/maps/search/?api=1&query=Play+Area+%28in+Spuyten+Duyvil+Playground%29%2C+New+York%2C+NY,https://www.google.com/maps/search/?api=1&query=40.887225893575%2C-73.916396338164,pending,False,,,2180490,http://www.nycgovparks.org/events/2026/07/24/kids-in-motion-spuyten-duyvil-playground
585,kids in motion spuyten duyvil playground|2026-07-25,Kids in Motion: Spuyten Duyvil Playground,2026-07-25T10:00 am,Play Area (in Spuyten Duyvil Playground),,40.887225893575,-73.916396338164,True,True,https://www.google.com/maps/search/?api=1&query=Play+Area+%28in+Spuyten+Duyvil+Playground%29%2C+New+York%2C+NY,https://www.google.com/maps/search/?api=1&query=40.887225893575%2C-73.916396338164,pending,False,,,2180545,http://www.nycgovparks.org/events/2026/07/25/kids-in-motion-spuyten-duyvil-playground
586,kids in motion st james playground color me tote bag|2026-07-22,"Kids in Motion: St. James Playground (Color Me, Tote Bag)",2026-07-22T3:00 pm,St. James Park Playground (in St. James Park),,40.866019354534,-73.898195624351,True,True,https://www.google.com/maps/search/?api=1&query=St.+James+Park+Playground+%28in+St.+James+Park%29%2C+New+York%2C+NY,https://www.google.com/maps/search/?api=1&query=40.866019354534%2C-73.898195624351,pending,False,,,2181095,http://www.nycgovparks.org/events/2026/07/22/kids-in-motion-st-james-playground-color-me-tote-bag
587,kids in motion st james playground|2026-07-16,Kids in Motion: St. James Playground,2026-07-16T10:00 am,St. James Park Playground (in St. James Park),,40.866019354534,-73.898195624351,True,True,https://www.google.com/maps/search/?api=1&query=St.+James+Park+Playground+%28in+St.+James+Park%29%2C+New+York%2C+NY,https://www.google.com/maps/search/?api=1&query=40.866019354534%2C-73.898195624351,pending,False,,,2208466,http://www.nycgovparks.org/events/2026/07/16/kids-in-motion-st-james-playground
588,kids in motion st james playground|2026-07-17,Kids in Motion: St. James Playground,2026-07-17T10:00 am,St. James Park Playground (in St. James Park),,40.866019354534,-73.898195624351,True,True,https://www.google.com/maps/search/?api=1&query=St.+James+Park+Playground+%28in+St.+James+Park%29%2C+New+York%2C+NY,https://www.google.com/maps/search/?api=1&query=40.866019354534%2C-73.898195624351,pending,False,,,2208453,http://www.nycgovparks.org/events/2026/07/17/kids-in-motion-st-james-playground
589,kids in motion st james playground|2026-07-18,Kids in Motion: St. James Playground,2026-07-18T10:00 am,St. James Park Playground (in St. James Park),,40.866019354534,-73.898195624351,True,True,https://www.google.com/maps/search/?api=1&query=St.+James+Park+Playground+%28in+St.+James+Park%29%2C+New+York%2C+NY,https://www.google.com/maps/search/?api=1&query=40.866019354534%2C-73.898195624351,pending,False,,,2208521,http://www.nycgovparks.org/events/2026/07/18/kids-in-motion-st-james-playground
590,kids in motion st james playground|2026-07-21,Kids in Motion: St. James Playground,2026-07-21T10:00 am,St. James Park Playground (in St. James Park),,40.866019354534,-73.898195624351,True,True,https://www.google.com/maps/search/?api=1&query=St.+James+Park+Playground+%28in+St.+James+Park%29%2C+New+York%2C+NY,https://www.google.com/maps/search/?api=1&query=40.866019354534%2C-73.898195624351,pending,False,,,2208507,http://www.nycgovparks.org/events/2026/07/21/kids-in-motion-st-james-playground
591,kids in motion st james playground|2026-07-22,Kids in Motion: St. James Playground,2026-07-22T10:00 am,St. James Park Playground (in St. James Park),,40.866019354534,-73.898195624351,True,True,https://www.google.com/maps/search/?api=1&query=St.+James+Park+Playground+%28in+St.+James+Park%29%2C+New+York%2C+NY,https://www.google.com/maps/search/?api=1&query=40.866019354534%2C-73.898195624351,pending,False,,,2208516,http://www.nycgovparks.org/events/2026/07/22/kids-in-motion-st-james-playground
592,kids in motion st james playground|2026-07-23,Kids in Motion: St. James Playground,2026-07-23T10:00 am,St. James Park Playground (in St. James Park),,40.866019354534,-73.898195624351,True,True,https://www.google.com/maps/search/?api=1&query=St.+James+Park+Playground+%28in+St.+James+Park%29%2C+New+York%2C+NY,https://www.google.com/maps/search/?api=1&query=40.866019354534%2C-73.898195624351,pending,False,,,2208480,http://www.nycgovparks.org/events/2026/07/23/kids-in-motion-st-james-playground
593,kids in motion st james playground|2026-07-24,Kids in Motion: St. James Playground,2026-07-24T10:00 am,St. James Park Playground (in St. James Park),,40.866019354534,-73.898195624351,True,True,https://www.google.com/maps/search/?api=1&query=St.+James+Park+Playground+%28in+St.+James+Park%29%2C+New+York%2C+NY,https://www.google.com/maps/search/?api=1&query=40.866019354534%2C-73.898195624351,pending,False,,,2208512,http://www.nycgovparks.org/events/2026/07/24/kids-in-motion-st-james-playground
594,kids in motion st james playground|2026-07-25,Kids in Motion: St. James Playground,2026-07-25T10:00 am,St. James Park Playground (in St. James Park),,40.866019354534,-73.898195624351,True,True,https://www.google.com/maps/search/?api=1&query=St.+James+Park+Playground+%28in+St.+James+Park%29%2C+New+York%2C+NY,https://www.google.com/maps/search/?api=1&query=40.866019354534%2C-73.898195624351,pending,False,,,2208459,http://www.nycgovparks.org/events/2026/07/25/kids-in-motion-st-james-playground
595,kids in motion st mary s park west|2026-07-16,Kids in Motion: St. Mary's Park West,2026-07-16T10:00 am,Playground West - Play Area (in St. Mary's Park),,40.812814939192,-73.913262844086,True,True,https://www.google.com/maps/search/?api=1&query=Playground+West+-+Play+Area+%28in+St.+Mary%27s+Park%29%2C+New+York%2C+NY,https://www.google.com/maps/search/?api=1&query=40.812814939192%2C-73.913262844086,pending,False,,,2180242,http://www.nycgovparks.org/events/2026/07/16/kids-in-motion-st-marys-park-west
596,kids in motion st mary s park west|2026-07-17,Kids in Motion: St. Mary's Park West,2026-07-17T10:00 am,Playground West - Play Area (in St. Mary's Park),,40.812814939192,-73.913262844086,True,True,https://www.google.com/maps/search/?api=1&query=Playground+West+-+Play+Area+%28in+St.+Mary%27s+Park%29%2C+New+York%2C+NY,https://www.google.com/maps/search/?api=1&query=40.812814939192%2C-73.913262844086,pending,False,,,2180785,http://www.nycgovparks.org/events/2026/07/17/kids-in-motion-st-marys-park-west
597,kids in motion st mary s park west|2026-07-18,Kids in Motion: St. Mary's Park West,2026-07-18T10:00 am,Playground West - Play Area (in St. Mary's Park),,40.812814939192,-73.913262844086,True,True,https://www.google.com/maps/search/?api=1&query=Playground+West+-+Play+Area+%28in+St.+Mary%27s+Park%29%2C+New+York%2C+NY,https://www.google.com/maps/search/?api=1&query=40.812814939192%2C-73.913262844086,pending,False,,,2180802,http://www.nycgovparks.org/events/2026/07/18/kids-in-motion-st-marys-park-west
598,kids in motion st mary s park west|2026-07-21,Kids in Motion: St. Mary's Park West,2026-07-21T10:00 am,Playground West - Play Area (in St. Mary's Park),,40.812814939192,-73.913262844086,True,True,https://www.google.com/maps/search/?api=1&query=Playground+West+-+Play+Area+%28in+St.+Mary%27s+Park%29%2C+New+York%2C+NY,https://www.google.com/maps/search/?api=1&query=40.812814939192%2C-73.913262844086,pending,False,,,2180682,http://www.nycgovparks.org/events/2026/07/21/kids-in-motion-st-marys-park-west
599,kids in motion st mary s park west|2026-07-22,Kids in Motion: St. Mary's Park West,2026-07-22T10:00 am,Playground West - Play Area (in St. Mary's Park),,40.812814939192,-73.913262844086,True,True,https://www.google.com/maps/search/?api=1&query=Playground+West+-+Play+Area+%28in+St.+Mary%27s+Park%29%2C+New+York%2C+NY,https://www.google.com/maps/search/?api=1&query=40.812814939192%2C-73.913262844086,pending,False,,,2180702,http://www.nycgovparks.org/events/2026/07/22/kids-in-motion-st-marys-park-west
600,kids in motion st mary s park west|2026-07-23,Kids in Motion: St. Mary's Park West,2026-07-23T10:00 am,Playground West - Play Area (in St. Mary's Park),,40.812814939192,-73.913262844086,True,True,https://www.google.com/maps/search/?api=1&query=Playground+West+-+Play+Area+%28in+St.+Mary%27s+Park%29%2C+New+York%2C+NY,https://www.google.com/maps/search/?api=1&query=40.812814939192%2C-73.913262844086,pending,False,,,2180515,http://www.nycgovparks.org/events/2026/07/23/kids-in-motion-st-marys-park-west
601,kids in motion st mary s park west|2026-07-24,Kids in Motion: St. Mary's Park West,2026-07-24T10:00 am,Playground West - Play Area (in St. Mary's Park),,40.812814939192,-73.913262844086,True,True,https://www.google.com/maps/search/?api=1&query=Playground+West+-+Play+Area+%28in+St.+Mary%27s+Park%29%2C+New+York%2C+NY,https://www.google.com/maps/search/?api=1&query=40.812814939192%2C-73.913262844086,pending,False,,,2180876,http://www.nycgovparks.org/events/2026/07/24/kids-in-motion-st-marys-park-west
602,kids in motion st mary s park west|2026-07-25,Kids in Motion: St. Mary's Park West,2026-07-25T10:00 am,Playground West - Play Area (in St. Mary's Park),,40.812814939192,-73.913262844086,True,True,https://www.google.com/maps/search/?api=1&query=Playground+West+-+Play+Area+%28in+St.+Mary%27s+Park%29%2C+New+York%2C+NY,https://www.google.com/maps/search/?api=1&query=40.812814939192%2C-73.913262844086,pending,False,,,2180498,http://www.nycgovparks.org/events/2026/07/25/kids-in-motion-st-marys-park-west
603,kids in motion st mary s playground west color me tote bag|2026-07-22,"Kids in Motion: St. Mary's Playground West (Color Me, Tote Bag)",2026-07-22T3:00 pm,Playground West - Play Area (in St. Mary's Park),,40.812814939192,-73.913262844086,True,True,https://www.google.com/maps/search/?api=1&query=Playground+West+-+Play+Area+%28in+St.+Mary%27s+Park%29%2C+New+York%2C+NY,https://www.google.com/maps/search/?api=1&query=40.812814939192%2C-73.913262844086,pending,False,,,2180758,http://www.nycgovparks.org/events/2026/07/22/kids-in-motion-st-marys-playground-west-color-me-tote-bag
604,kids in motion the big park|2026-07-16,Kids In Motion: The Big Park,2026-07-16T10:00 am,Entrance - Continental Place and Grandview Avenue (in The Big Park),,40.630373433891,-74.16522834866,True,True,https://www.google.com/maps/search/?api=1&query=Entrance+-+Continental+Place+and+Grandview+Avenue+%28in+The+Big+Park%29%2C+New+York%2C+NY,https://www.google.com/maps/search/?api=1&query=40.630373433891%2C-74.16522834866,pending,False,,,2171866,http://www.nycgovparks.org/events/2026/07/16/kim-the-big-park
605,kids in motion the big park|2026-07-17,Kids In Motion: The Big Park,2026-07-17T10:00 am,Entrance - Continental Place and Grandview Avenue (in The Big Park),,40.630373433891,-74.16522834866,True,True,https://www.google.com/maps/search/?api=1&query=Entrance+-+Continental+Place+and+Grandview+Avenue+%28in+The+Big+Park%29%2C+New+York%2C+NY,https://www.google.com/maps/search/?api=1&query=40.630373433891%2C-74.16522834866,pending,False,,,2172116,http://www.nycgovparks.org/events/2026/07/17/kim-the-big-park
606,kids in motion the big park|2026-07-18,Kids In Motion: The Big Park,2026-07-18T10:00 am,Entrance - Continental Place and Grandview Avenue (in The Big Park),,40.630373433891,-74.16522834866,True,True,https://www.google.com/maps/search/?api=1&query=Entrance+-+Continental+Place+and+Grandview+Avenue+%28in+The+Big+Park%29%2C+New+York%2C+NY,https://www.google.com/maps/search/?api=1&query=40.630373433891%2C-74.16522834866,pending,False,,,2172000,http://www.nycgovparks.org/events/2026/07/18/kim-the-big-park
607,kids in motion the big park|2026-07-21,Kids In Motion: The Big Park,2026-07-21T10:00 am,Entrance - Continental Place and Grandview Avenue (in The Big Park),,40.630373433891,-74.16522834866,True,True,https://www.google.com/maps/search/?api=1&query=Entrance+-+Continental+Place+and+Grandview+Avenue+%28in+The+Big+Park%29%2C+New+York%2C+NY,https://www.google.com/maps/search/?api=1&query=40.630373433891%2C-74.16522834866,pending,False,,,2172102,http://www.nycgovparks.org/events/2026/07/21/kim-the-big-park
608,kids in motion the big park|2026-07-22,Kids In Motion: The Big Park,2026-07-22T10:00 am,Entrance - Continental Place and Grandview Avenue (in The Big Park),,40.630373433891,-74.16522834866,True,True,https://www.google.com/maps/search/?api=1&query=Entrance+-+Continental+Place+and+Grandview+Avenue+%28in+The+Big+Park%29%2C+New+York%2C+NY,https://www.google.com/maps/search/?api=1&query=40.630373433891%2C-74.16522834866,pending,False,,,2172200,http://www.nycgovparks.org/events/2026/07/22/kim-the-big-park
609,kids in motion the big park|2026-07-23,Kids In Motion: The Big Park,2026-07-23T10:00 am,Entrance - Continental Place and Grandview Avenue (in The Big Park),,40.630373433891,-74.16522834866,True,True,https://www.google.com/maps/search/?api=1&query=Entrance+-+Continental+Place+and+Grandview+Avenue+%28in+The+Big+Park%29%2C+New+York%2C+NY,https://www.google.com/maps/search/?api=1&query=40.630373433891%2C-74.16522834866,pending,False,,,2172297,http://www.nycgovparks.org/events/2026/07/23/kim-the-big-park
610,kids in motion the big park|2026-07-24,Kids In Motion: The Big Park,2026-07-24T10:00 am,Entrance - Continental Place and Grandview Avenue (in The Big Park),,40.630373433891,-74.16522834866,True,True,https://www.google.com/maps/search/?api=1&query=Entrance+-+Continental+Place+and+Grandview+Avenue+%28in+The+Big+Park%29%2C+New+York%2C+NY,https://www.google.com/maps/search/?api=1&query=40.630373433891%2C-74.16522834866,pending,False,,,2172522,http://www.nycgovparks.org/events/2026/07/24/kim-the-big-park
611,kids in motion the big park|2026-07-25,Kids In Motion: The Big Park,2026-07-25T10:00 am,Entrance - Continental Place and Grandview Avenue (in The Big Park),,40.630373433891,-74.16522834866,True,True,https://www.google.com/maps/search/?api=1&query=Entrance+-+Continental+Place+and+Grandview+Avenue+%28in+The+Big+Park%29%2C+New+York%2C+NY,https://www.google.com/maps/search/?api=1&query=40.630373433891%2C-74.16522834866,pending,False,,,2172323,http://www.nycgovparks.org/events/2026/07/25/kim-the-big-park
612,kids in motion tie dye|2026-07-25,Kids in Motion: Tie Dye,2026-07-25T11:00 am,Bowne Park Playground (in Bowne Park),,40.770342804862,-73.805915415287,True,True,https://www.google.com/maps/search/?api=1&query=Bowne+Park+Playground+%28in+Bowne+Park%29%2C+New+York%2C+NY,https://www.google.com/maps/search/?api=1&query=40.770342804862%2C-73.805915415287,pending,False,,,2183715,http://www.nycgovparks.org/events/2026/07/25/kids-in-motion-tie-dye
613,kids in motion torsney playground|2026-07-16,Kids In Motion: Torsney Playground,2026-07-16T10:00 am,Lou Lodati Playground - Play Area (in Torsney Playground),,40.747299194336,-73.921798706055,True,True,https://www.google.com/maps/search/?api=1&query=Lou+Lodati+Playground+-+Play+Area+%28in+Torsney+Playground%29%2C+New+York%2C+NY,https://www.google.com/maps/search/?api=1&query=40.747299194336%2C-73.921798706055,pending,False,,,2179428,http://www.nycgovparks.org/events/2026/07/16/kids-in-motion-torsney-playground
614,kids in motion torsney playground|2026-07-17,Kids In Motion: Torsney Playground,2026-07-17T10:00 am,Lou Lodati Playground - Play Area (in Torsney Playground),,40.747299194336,-73.921798706055,True,True,https://www.google.com/maps/search/?api=1&query=Lou+Lodati+Playground+-+Play+Area+%28in+Torsney+Playground%29%2C+New+York%2C+NY,https://www.google.com/maps/search/?api=1&query=40.747299194336%2C-73.921798706055,pending,False,,,2179374,http://www.nycgovparks.org/events/2026/07/17/kids-in-motion-torsney-playground
615,kids in motion torsney playground|2026-07-18,Kids In Motion: Torsney Playground,2026-07-18T10:00 am,Lou Lodati Playground - Play Area (in Torsney Playground),,40.747299194336,-73.921798706055,True,True,https://www.google.com/maps/search/?api=1&query=Lou+Lodati+Playground+-+Play+Area+%28in+Torsney+Playground%29%2C+New+York%2C+NY,https://www.google.com/maps/search/?api=1&query=40.747299194336%2C-73.921798706055,pending,False,,,2179452,http://www.nycgovparks.org/events/2026/07/18/kids-in-motion-torsney-playground
616,kids in motion torsney playground|2026-07-21,Kids In Motion: Torsney Playground,2026-07-21T10:00 am,Lou Lodati Playground - Play Area (in Torsney Playground),,40.747299194336,-73.921798706055,True,True,https://www.google.com/maps/search/?api=1&query=Lou+Lodati+Playground+-+Play+Area+%28in+Torsney+Playground%29%2C+New+York%2C+NY,https://www.google.com/maps/search/?api=1&query=40.747299194336%2C-73.921798706055,pending,False,,,2179449,http://www.nycgovparks.org/events/2026/07/21/kids-in-motion-torsney-playground
617,kids in motion torsney playground|2026-07-22,Kids In Motion: Torsney Playground,2026-07-22T10:00 am,Lou Lodati Playground - Play Area (in Torsney Playground),,40.747299194336,-73.921798706055,True,True,https://www.google.com/maps/search/?api=1&query=Lou+Lodati+Playground+-+Play+Area+%28in+Torsney+Playground%29%2C+New+York%2C+NY,https://www.google.com/maps/search/?api=1&query=40.747299194336%2C-73.921798706055,pending,False,,,2179480,http://www.nycgovparks.org/events/2026/07/22/kids-in-motion-torsney-playground
618,kids in motion torsney playground|2026-07-23,Kids In Motion: Torsney Playground,2026-07-23T10:00 am,Lou Lodati Playground - Play Area (in Torsney Playground),,40.747299194336,-73.921798706055,True,True,https://www.google.com/maps/search/?api=1&query=Lou+Lodati+Playground+-+Play+Area+%28in+Torsney+Playground%29%2C+New+York%2C+NY,https://www.google.com/maps/search/?api=1&query=40.747299194336%2C-73.921798706055,pending,False,,,2179356,http://www.nycgovparks.org/events/2026/07/23/kids-in-motion-torsney-playground
619,kids in motion torsney playground|2026-07-24,Kids In Motion: Torsney Playground,2026-07-24T10:00 am,Lou Lodati Playground - Play Area (in Torsney Playground),,40.747299194336,-73.921798706055,True,True,https://www.google.com/maps/search/?api=1&query=Lou+Lodati+Playground+-+Play+Area+%28in+Torsney+Playground%29%2C+New+York%2C+NY,https://www.google.com/maps/search/?api=1&query=40.747299194336%2C-73.921798706055,pending,False,,,2179521,http://www.nycgovparks.org/events/2026/07/24/kids-in-motion-torsney-playground
620,kids in motion torsney playground|2026-07-25,Kids In Motion: Torsney Playground,2026-07-25T10:00 am,Lou Lodati Playground - Play Area (in Torsney Playground),,40.747299194336,-73.921798706055,True,True,https://www.google.com/maps/search/?api=1&query=Lou+Lodati+Playground+-+Play+Area+%28in+Torsney+Playground%29%2C+New+York%2C+NY,https://www.google.com/maps/search/?api=1&query=40.747299194336%2C-73.921798706055,pending,False,,,2179358,http://www.nycgovparks.org/events/2026/07/25/kids-in-motion-torsney-playground
621,kids in motion williamsbridge oval playground west color me tote bag|2026-07-22,"Kids in Motion: Williamsbridge Oval Playground West (Color Me, Tote Bag)",2026-07-22T3:00 pm,Playground South (in Williamsbridge Oval),,40.877219084337,-73.878661870956,True,True,https://www.google.com/maps/search/?api=1&query=Playground+South+%28in+Williamsbridge+Oval%29%2C+New+York%2C+NY,https://www.google.com/maps/search/?api=1&query=40.877219084337%2C-73.878661870956,pending,False,,,2180396,http://www.nycgovparks.org/events/2026/07/22/kids-in-motion-williamsbridge-oval-playground-west-color-me-tote-bag
622,kids in motion williamsbridge oval playground west|2026-07-16,Kids in Motion: Williamsbridge Oval Playground West,2026-07-16T10:00 am,Playground South (in Williamsbridge Oval),,40.877219084337,-73.878661870956,True,True,https://www.google.com/maps/search/?api=1&query=Playground+South+%28in+Williamsbridge+Oval%29%2C+New+York%2C+NY,https://www.google.com/maps/search/?api=1&query=40.877219084337%2C-73.878661870956,pending,False,,,2180376,http://www.nycgovparks.org/events/2026/07/16/kids-in-motion-williamsbridge-oval-playground-west
623,kids in motion williamsbridge oval playground west|2026-07-17,Kids in Motion: Williamsbridge Oval Playground West,2026-07-17T10:00 am,Playground South (in Williamsbridge Oval),,40.877219084337,-73.878661870956,True,True,https://www.google.com/maps/search/?api=1&query=Playground+South+%28in+Williamsbridge+Oval%29%2C+New+York%2C+NY,https://www.google.com/maps/search/?api=1&query=40.877219084337%2C-73.878661870956,pending,False,,,2180788,http://www.nycgovparks.org/events/2026/07/17/kids-in-motion-williamsbridge-oval-playground-west
624,kids in motion williamsbridge oval playground west|2026-07-18,Kids in Motion: Williamsbridge Oval Playground West,2026-07-18T10:00 am,Playground South (in Williamsbridge Oval),,40.877219084337,-73.878661870956,True,True,https://www.google.com/maps/search/?api=1&query=Playground+South+%28in+Williamsbridge+Oval%29%2C+New+York%2C+NY,https://www.google.com/maps/search/?api=1&query=40.877219084337%2C-73.878661870956,pending,False,,,2180893,http://www.nycgovparks.org/events/2026/07/18/kids-in-motion-williamsbridge-oval-playground-west
625,kids in motion williamsbridge oval playground west|2026-07-21,Kids in Motion: Williamsbridge Oval Playground West,2026-07-21T10:00 am,Playground South (in Williamsbridge Oval),,40.877219084337,-73.878661870956,True,True,https://www.google.com/maps/search/?api=1&query=Playground+South+%28in+Williamsbridge+Oval%29%2C+New+York%2C+NY,https://www.google.com/maps/search/?api=1&query=40.877219084337%2C-73.878661870956,pending,False,,,2180779,http://www.nycgovparks.org/events/2026/07/21/kids-in-motion-williamsbridge-oval-playground-west
626,kids in motion williamsbridge oval playground west|2026-07-22,Kids in Motion: Williamsbridge Oval Playground West,2026-07-22T10:00 am,Playground South (in Williamsbridge Oval),,40.877219084337,-73.878661870956,True,True,https://www.google.com/maps/search/?api=1&query=Playground+South+%28in+Williamsbridge+Oval%29%2C+New+York%2C+NY,https://www.google.com/maps/search/?api=1&query=40.877219084337%2C-73.878661870956,pending,False,,,2180704,http://www.nycgovparks.org/events/2026/07/22/kids-in-motion-williamsbridge-oval-playground-west
627,kids in motion williamsbridge oval playground west|2026-07-23,Kids in Motion: Williamsbridge Oval Playground West,2026-07-23T10:00 am,Playground South (in Williamsbridge Oval),,40.877219084337,-73.878661870956,True,True,https://www.google.com/maps/search/?api=1&query=Playground+South+%28in+Williamsbridge+Oval%29%2C+New+York%2C+NY,https://www.google.com/maps/search/?api=1&query=40.877219084337%2C-73.878661870956,pending,False,,,2180792,http://www.nycgovparks.org/events/2026/07/23/kids-in-motion-williamsbridge-oval-playground-west
628,kids in motion williamsbridge oval playground west|2026-07-24,Kids in Motion: Williamsbridge Oval Playground West,2026-07-24T10:00 am,Playground South (in Williamsbridge Oval),,40.877219084337,-73.878661870956,True,True,https://www.google.com/maps/search/?api=1&query=Playground+South+%28in+Williamsbridge+Oval%29%2C+New+York%2C+NY,https://www.google.com/maps/search/?api=1&query=40.877219084337%2C-73.878661870956,pending,False,,,2180877,http://www.nycgovparks.org/events/2026/07/24/kids-in-motion-williamsbridge-oval-playground-west
629,kids in motion williamsbridge oval playground west|2026-07-25,Kids in Motion: Williamsbridge Oval Playground West,2026-07-25T10:00 am,Playground South (in Williamsbridge Oval),,40.877219084337,-73.878661870956,True,True,https://www.google.com/maps/search/?api=1&query=Playground+South+%28in+Williamsbridge+Oval%29%2C+New+York%2C+NY,https://www.google.com/maps/search/?api=1&query=40.877219084337%2C-73.878661870956,pending,False,,,2180337,http://www.nycgovparks.org/events/2026/07/25/kids-in-motion-williamsbridge-oval-playground-west
630,kids in motion willis playground color me tote bag|2026-07-22,"Kids in Motion: Willis Playground (Color Me, Tote Bag)",2026-07-22T3:00 pm,Play Area (in Willis Playground),,40.811308668047,-73.922477979305,True,True,https://www.google.com/maps/search/?api=1&query=Play+Area+%28in+Willis+Playground%29%2C+New+York%2C+NY,https://www.google.com/maps/search/?api=1&query=40.811308668047%2C-73.922477979305,pending,False,,,2180952,http://www.nycgovparks.org/events/2026/07/22/kids-in-motion-willis-playground-color-me-tote-bag
631,kids in motion willis playground|2026-07-16,Kids in Motion: Willis Playground,2026-07-16T10:00 am,Play Area (in Willis Playground),,40.811308668047,-73.922477979305,True,True,https://www.google.com/maps/search/?api=1&query=Play+Area+%28in+Willis+Playground%29%2C+New+York%2C+NY,https://www.google.com/maps/search/?api=1&query=40.811308668047%2C-73.922477979305,pending,False,,,2180669,http://www.nycgovparks.org/events/2026/07/16/kids-in-motion-willis-playground
632,kids in motion willis playground|2026-07-17,Kids in Motion: Willis Playground,2026-07-17T10:00 am,Play Area (in Willis Playground),,40.811308668047,-73.922477979305,True,True,https://www.google.com/maps/search/?api=1&query=Play+Area+%28in+Willis+Playground%29%2C+New+York%2C+NY,https://www.google.com/maps/search/?api=1&query=40.811308668047%2C-73.922477979305,pending,False,,,2180477,http://www.nycgovparks.org/events/2026/07/17/kids-in-motion-willis-playground
633,kids in motion willis playground|2026-07-18,Kids in Motion: Willis Playground,2026-07-18T10:00 am,Play Area (in Willis Playground),,40.811308668047,-73.922477979305,True,True,https://www.google.com/maps/search/?api=1&query=Play+Area+%28in+Willis+Playground%29%2C+New+York%2C+NY,https://www.google.com/maps/search/?api=1&query=40.811308668047%2C-73.922477979305,pending,False,,,2180714,http://www.nycgovparks.org/events/2026/07/18/kids-in-motion-willis-playground
634,kids in motion willis playground|2026-07-21,Kids in Motion: Willis Playground,2026-07-21T10:00 am,Play Area (in Willis Playground),,40.811308668047,-73.922477979305,True,True,https://www.google.com/maps/search/?api=1&query=Play+Area+%28in+Willis+Playground%29%2C+New+York%2C+NY,https://www.google.com/maps/search/?api=1&query=40.811308668047%2C-73.922477979305,pending,False,,,2180461,http://www.nycgovparks.org/events/2026/07/21/kids-in-motion-willis-playground
635,kids in motion willis playground|2026-07-22,Kids in Motion: Willis Playground,2026-07-22T10:00 am,Play Area (in Willis Playground),,40.811308668047,-73.922477979305,True,True,https://www.google.com/maps/search/?api=1&query=Play+Area+%28in+Willis+Playground%29%2C+New+York%2C+NY,https://www.google.com/maps/search/?api=1&query=40.811308668047%2C-73.922477979305,pending,False,,,2180272,http://www.nycgovparks.org/events/2026/07/22/kids-in-motion-willis-playground
636,kids in motion willis playground|2026-07-23,Kids in Motion: Willis Playground,2026-07-23T10:00 am,Play Area (in Willis Playground),,40.811308668047,-73.922477979305,True,True,https://www.google.com/maps/search/?api=1&query=Play+Area+%28in+Willis+Playground%29%2C+New+York%2C+NY,https://www.google.com/maps/search/?api=1&query=40.811308668047%2C-73.922477979305,pending,False,,,2180678,http://www.nycgovparks.org/events/2026/07/23/kids-in-motion-willis-playground
637,kids in motion willis playground|2026-07-24,Kids in Motion: Willis Playground,2026-07-24T10:00 am,Play Area (in Willis Playground),,40.811308668047,-73.922477979305,True,True,https://www.google.com/maps/search/?api=1&query=Play+Area+%28in+Willis+Playground%29%2C+New+York%2C+NY,https://www.google.com/maps/search/?api=1&query=40.811308668047%2C-73.922477979305,pending,False,,,2180297,http://www.nycgovparks.org/events/2026/07/24/kids-in-motion-willis-playground
638,kids in motion willis playground|2026-07-25,Kids in Motion: Willis Playground,2026-07-25T10:00 am,Play Area (in Willis Playground),,40.811308668047,-73.922477979305,True,True,https://www.google.com/maps/search/?api=1&query=Play+Area+%28in+Willis+Playground%29%2C+New+York%2C+NY,https://www.google.com/maps/search/?api=1&query=40.811308668047%2C-73.922477979305,pending,False,,,2180450,http://www.nycgovparks.org/events/2026/07/25/kids-in-motion-willis-playground
639,kids in motion yellowstone park|2026-07-16,Kids In Motion: Yellowstone Park,2026-07-16T10:00 am,Katzman Playground (in Yellowstone Park),,40.726200103759766,-73.847900390625,True,True,https://www.google.com/maps/search/?api=1&query=Katzman+Playground+%28in+Yellowstone+Park%29%2C+New+York%2C+NY,https://www.google.com/maps/search/?api=1&query=40.726200103759766%2C-73.847900390625,pending,False,,,2183376,http://www.nycgovparks.org/events/2026/07/16/kids-in-motion-yellowstone-park
640,kids in motion yellowstone park|2026-07-17,Kids In Motion: Yellowstone Park,2026-07-17T10:00 am,Katzman Playground (in Yellowstone Park),,40.726200103759766,-73.847900390625,True,True,https://www.google.com/maps/search/?api=1&query=Katzman+Playground+%28in+Yellowstone+Park%29%2C+New+York%2C+NY,https://www.google.com/maps/search/?api=1&query=40.726200103759766%2C-73.847900390625,pending,False,,,2170923,http://www.nycgovparks.org/events/2026/07/17/kim-yellowstone-park
641,kids in motion yellowstone park|2026-07-18,Kids In Motion: Yellowstone Park,2026-07-18T10:00 am,Katzman Playground (in Yellowstone Park),,40.726200103759766,-73.847900390625,True,True,https://www.google.com/maps/search/?api=1&query=Katzman+Playground+%28in+Yellowstone+Park%29%2C+New+York%2C+NY,https://www.google.com/maps/search/?api=1&query=40.726200103759766%2C-73.847900390625,pending,False,,,2170943,http://www.nycgovparks.org/events/2026/07/18/kim-yellowstone-park
642,kids in motion yellowstone park|2026-07-21,Kids In Motion: Yellowstone Park,2026-07-21T10:00 am,Katzman Playground (in Yellowstone Park),,40.726200103759766,-73.847900390625,True,True,https://www.google.com/maps/search/?api=1&query=Katzman+Playground+%28in+Yellowstone+Park%29%2C+New+York%2C+NY,https://www.google.com/maps/search/?api=1&query=40.726200103759766%2C-73.847900390625,pending,False,,,2183340,http://www.nycgovparks.org/events/2026/07/21/kids-in-motion-yellowstone-park
643,kids in motion yellowstone park|2026-07-22,Kids In Motion: Yellowstone Park,2026-07-22T10:00 am,Katzman Playground (in Yellowstone Park),,40.726200103759766,-73.847900390625,True,True,https://www.google.com/maps/search/?api=1&query=Katzman+Playground+%28in+Yellowstone+Park%29%2C+New+York%2C+NY,https://www.google.com/maps/search/?api=1&query=40.726200103759766%2C-73.847900390625,pending,False,,,2170849,http://www.nycgovparks.org/events/2026/07/22/kim-yellowstone-park
644,kids in motion yellowstone park|2026-07-23,Kids In Motion: Yellowstone Park,2026-07-23T10:00 am,Katzman Playground (in Yellowstone Park),,40.726200103759766,-73.847900390625,True,True,https://www.google.com/maps/search/?api=1&query=Katzman+Playground+%28in+Yellowstone+Park%29%2C+New+York%2C+NY,https://www.google.com/maps/search/?api=1&query=40.726200103759766%2C-73.847900390625,pending,False,,,2183359,http://www.nycgovparks.org/events/2026/07/23/kids-in-motion-yellowstone-park
645,kids in motion yellowstone park|2026-07-24,Kids In Motion: Yellowstone Park,2026-07-24T10:00 am,Katzman Playground (in Yellowstone Park),,40.726200103759766,-73.847900390625,True,True,https://www.google.com/maps/search/?api=1&query=Katzman+Playground+%28in+Yellowstone+Park%29%2C+New+York%2C+NY,https://www.google.com/maps/search/?api=1&query=40.726200103759766%2C-73.847900390625,pending,False,,,2170930,http://www.nycgovparks.org/events/2026/07/24/kim-yellowstone-park
646,kids in motion yellowstone park|2026-07-25,Kids In Motion: Yellowstone Park,2026-07-25T10:00 am,Katzman Playground (in Yellowstone Park),,40.726200103759766,-73.847900390625,True,True,https://www.google.com/maps/search/?api=1&query=Katzman+Playground+%28in+Yellowstone+Park%29%2C+New+York%2C+NY,https://www.google.com/maps/search/?api=1&query=40.726200103759766%2C-73.847900390625,pending,False,,,2170963,http://www.nycgovparks.org/events/2026/07/25/kim-yellowstone-park
647,kim nostrand playground|2026-07-16,KIM : Nostrand Playground,2026-07-16T10:00 am,Nostrand Playground,,40.63828844529,-73.946924981476,True,True,https://www.google.com/maps/search/?api=1&query=Nostrand+Playground%2C+New+York%2C+NY,https://www.google.com/maps/search/?api=1&query=40.63828844529%2C-73.946924981476,pending,False,,,2184192,http://www.nycgovparks.org/events/2026/07/16/kim-nostrand-playground
648,kim nostrand playground|2026-07-17,KIM : Nostrand Playground,2026-07-17T10:00 am,Nostrand Playground,,40.63828844529,-73.946924981476,True,True,https://www.google.com/maps/search/?api=1&query=Nostrand+Playground%2C+New+York%2C+NY,https://www.google.com/maps/search/?api=1&query=40.63828844529%2C-73.946924981476,pending,False,,,2184291,http://www.nycgovparks.org/events/2026/07/17/kim-nostrand-playground
649,kim nostrand playground|2026-07-18,KIM : Nostrand Playground,2026-07-18T10:00 am,Nostrand Playground,,40.63828844529,-73.946924981476,True,True,https://www.google.com/maps/search/?api=1&query=Nostrand+Playground%2C+New+York%2C+NY,https://www.google.com/maps/search/?api=1&query=40.63828844529%2C-73.946924981476,pending,False,,,2184331,http://www.nycgovparks.org/events/2026/07/18/kim-nostrand-playground
650,kim nostrand playground|2026-07-21,KIM : Nostrand Playground,2026-07-21T10:00 am,Nostrand Playground,,40.63828844529,-73.946924981476,True,True,https://www.google.com/maps/search/?api=1&query=Nostrand+Playground%2C+New+York%2C+NY,https://www.google.com/maps/search/?api=1&query=40.63828844529%2C-73.946924981476,pending,False,,,2184340,http://www.nycgovparks.org/events/2026/07/21/kim-nostrand-playground
651,kim nostrand playground|2026-07-22,KIM : Nostrand Playground,2026-07-22T10:00 am,Nostrand Playground,,40.63828844529,-73.946924981476,True,True,https://www.google.com/maps/search/?api=1&query=Nostrand+Playground%2C+New+York%2C+NY,https://www.google.com/maps/search/?api=1&query=40.63828844529%2C-73.946924981476,pending,False,,,2184172,http://www.nycgovparks.org/events/2026/07/22/kim-nostrand-playground
652,kim nostrand playground|2026-07-23,KIM : Nostrand Playground,2026-07-23T10:00 am,Nostrand Playground,,40.63828844529,-73.946924981476,True,True,https://www.google.com/maps/search/?api=1&query=Nostrand+Playground%2C+New+York%2C+NY,https://www.google.com/maps/search/?api=1&query=40.63828844529%2C-73.946924981476,pending,False,,,2184246,http://www.nycgovparks.org/events/2026/07/23/kim-nostrand-playground
653,kim nostrand playground|2026-07-24,KIM : Nostrand Playground,2026-07-24T10:00 am,Nostrand Playground,,40.63828844529,-73.946924981476,True,True,https://www.google.com/maps/search/?api=1&query=Nostrand+Playground%2C+New+York%2C+NY,https://www.google.com/maps/search/?api=1&query=40.63828844529%2C-73.946924981476,pending,False,,,2184369,http://www.nycgovparks.org/events/2026/07/24/kim-nostrand-playground
654,kim nostrand playground|2026-07-25,KIM : Nostrand Playground,2026-07-25T10:00 am,Nostrand Playground,,40.63828844529,-73.946924981476,True,True,https://www.google.com/maps/search/?api=1&query=Nostrand+Playground%2C+New+York%2C+NY,https://www.google.com/maps/search/?api=1&query=40.63828844529%2C-73.946924981476,pending,False,,,2184165,http://www.nycgovparks.org/events/2026/07/25/kim-nostrand-playground
655,kim rev dr maggie howard|2026-07-16,KIM: Rev. Dr. Maggie Howard,2026-07-16T10:00 am,Play Area (in Rev. Dr. Maggie Howard Playground),,40.6232556573,-74.0796413039,True,True,https://www.google.com/maps/search/?api=1&query=Play+Area+%28in+Rev.+Dr.+Maggie+Howard+Playground%29%2C+New+York%2C+NY,https://www.google.com/maps/search/?api=1&query=40.6232556573%2C-74.0796413039,pending,False,,,2172727,http://www.nycgovparks.org/events/2026/07/16/kim-rev-dr-maggie-howard
656,kim rev dr maggie howard|2026-07-17,KIM: Rev. Dr. Maggie Howard,2026-07-17T10:00 am,Play Area (in Rev. Dr. Maggie Howard Playground),,40.6232556573,-74.0796413039,True,True,https://www.google.com/maps/search/?api=1&query=Play+Area+%28in+Rev.+Dr.+Maggie+Howard+Playground%29%2C+New+York%2C+NY,https://www.google.com/maps/search/?api=1&query=40.6232556573%2C-74.0796413039,pending,False,,,2172109,http://www.nycgovparks.org/events/2026/07/17/kim-rev-dr-maggie-howard
657,kim rev dr maggie howard|2026-07-18,KIM: Rev. Dr. Maggie Howard,2026-07-18T10:00 am,Play Area (in Rev. Dr. Maggie Howard Playground),,40.6232556573,-74.0796413039,True,True,https://www.google.com/maps/search/?api=1&query=Play+Area+%28in+Rev.+Dr.+Maggie+Howard+Playground%29%2C+New+York%2C+NY,https://www.google.com/maps/search/?api=1&query=40.6232556573%2C-74.0796413039,pending,False,,,2172638,http://www.nycgovparks.org/events/2026/07/18/kim-rev-dr-maggie-howard
658,kim rev dr maggie howard|2026-07-21,KIM: Rev. Dr. Maggie Howard,2026-07-21T10:00 am,Play Area (in Rev. Dr. Maggie Howard Playground),,40.6232556573,-74.0796413039,True,True,https://www.google.com/maps/search/?api=1&query=Play+Area+%28in+Rev.+Dr.+Maggie+Howard+Playground%29%2C+New+York%2C+NY,https://www.google.com/maps/search/?api=1&query=40.6232556573%2C-74.0796413039,pending,False,,,2172794,http://www.nycgovparks.org/events/2026/07/21/kim-rev-dr-maggie-howard
659,kim rev dr maggie howard|2026-07-22,KIM: Rev. Dr. Maggie Howard,2026-07-22T10:00 am,Play Area (in Rev. Dr. Maggie Howard Playground),,40.6232556573,-74.0796413039,True,True,https://www.google.com/maps/search/?api=1&query=Play+Area+%28in+Rev.+Dr.+Maggie+Howard+Playground%29%2C+New+York%2C+NY,https://www.google.com/maps/search/?api=1&query=40.6232556573%2C-74.0796413039,pending,False,,,2172778,http://www.nycgovparks.org/events/2026/07/22/kim-rev-dr-maggie-howard
660,kim rev dr maggie howard|2026-07-23,KIM: Rev. Dr. Maggie Howard,2026-07-23T10:00 am,Play Area (in Rev. Dr. Maggie Howard Playground),,40.6232556573,-74.0796413039,True,True,https://www.google.com/maps/search/?api=1&query=Play+Area+%28in+Rev.+Dr.+Maggie+Howard+Playground%29%2C+New+York%2C+NY,https://www.google.com/maps/search/?api=1&query=40.6232556573%2C-74.0796413039,pending,False,,,2171924,http://www.nycgovparks.org/events/2026/07/23/kim-rev-dr-maggie-howard
661,kim rev dr maggie howard|2026-07-24,KIM: Rev. Dr. Maggie Howard,2026-07-24T10:00 am,Play Area (in Rev. Dr. Maggie Howard Playground),,40.6232556573,-74.0796413039,True,True,https://www.google.com/maps/search/?api=1&query=Play+Area+%28in+Rev.+Dr.+Maggie+Howard+Playground%29%2C+New+York%2C+NY,https://www.google.com/maps/search/?api=1&query=40.6232556573%2C-74.0796413039,pending,False,,,2172108,http://www.nycgovparks.org/events/2026/07/24/kim-rev-dr-maggie-howard
662,kim rev dr maggie howard|2026-07-25,KIM: Rev. Dr. Maggie Howard,2026-07-25T10:00 am,Play Area (in Rev. Dr. Maggie Howard Playground),,40.6232556573,-74.0796413039,True,True,https://www.google.com/maps/search/?api=1&query=Play+Area+%28in+Rev.+Dr.+Maggie+Howard+Playground%29%2C+New+York%2C+NY,https://www.google.com/maps/search/?api=1&query=40.6232556573%2C-74.0796413039,pending,False,,,2172178,http://www.nycgovparks.org/events/2026/07/25/kim-rev-dr-maggie-howard
663,kim st john s park|2026-07-16,KIM: St. John's park,2026-07-16T10:00 am,Playground (in St. John's Park),,40.673876085691,-73.935838633842,True,True,https://www.google.com/maps/search/?api=1&query=Playground+%28in+St.+John%27s+Park%29%2C+New+York%2C+NY,https://www.google.com/maps/search/?api=1&query=40.673876085691%2C-73.935838633842,pending,False,,,2184333,http://www.nycgovparks.org/events/2026/07/16/kim-st-johns-park
664,kim st john s park|2026-07-17,KIM: St. John's park,2026-07-17T10:00 am,Playground (in St. John's Park),,40.673876085691,-73.935838633842,True,True,https://www.google.com/maps/search/?api=1&query=Playground+%28in+St.+John%27s+Park%29%2C+New+York%2C+NY,https://www.google.com/maps/search/?api=1&query=40.673876085691%2C-73.935838633842,pending,False,,,2184432,http://www.nycgovparks.org/events/2026/07/17/kim-st-johns-park
665,kim st john s park|2026-07-18,KIM: St. John's park,2026-07-18T10:00 am,Playground (in St. John's Park),,40.673876085691,-73.935838633842,True,True,https://www.google.com/maps/search/?api=1&query=Playground+%28in+St.+John%27s+Park%29%2C+New+York%2C+NY,https://www.google.com/maps/search/?api=1&query=40.673876085691%2C-73.935838633842,pending,False,,,2184437,http://www.nycgovparks.org/events/2026/07/18/kim-st-johns-park
666,kim st john s park|2026-07-21,KIM: St. John's park,2026-07-21T10:00 am,Playground (in St. John's Park),,40.673876085691,-73.935838633842,True,True,https://www.google.com/maps/search/?api=1&query=Playground+%28in+St.+John%27s+Park%29%2C+New+York%2C+NY,https://www.google.com/maps/search/?api=1&query=40.673876085691%2C-73.935838633842,pending,False,,,2184409,http://www.nycgovparks.org/events/2026/07/21/kim-st-johns-park
667,kim st john s park|2026-07-22,KIM: St. John's park,2026-07-22T10:00 am,Playground (in St. John's Park),,40.673876085691,-73.935838633842,True,True,https://www.google.com/maps/search/?api=1&query=Playground+%28in+St.+John%27s+Park%29%2C+New+York%2C+NY,https://www.google.com/maps/search/?api=1&query=40.673876085691%2C-73.935838633842,pending,False,,,2184216,http://www.nycgovparks.org/events/2026/07/22/kim-st-johns-park
668,kim st john s park|2026-07-23,KIM: St. John's park,2026-07-23T10:00 am,Playground (in St. John's Park),,40.673876085691,-73.935838633842,True,True,https://www.google.com/maps/search/?api=1&query=Playground+%28in+St.+John%27s+Park%29%2C+New+York%2C+NY,https://www.google.com/maps/search/?api=1&query=40.673876085691%2C-73.935838633842,pending,False,,,2184237,http://www.nycgovparks.org/events/2026/07/23/kim-st-johns-park
669,kim st john s park|2026-07-24,KIM: St. John's park,2026-07-24T10:00 am,Playground (in St. John's Park),,40.673876085691,-73.935838633842,True,True,https://www.google.com/maps/search/?api=1&query=Playground+%28in+St.+John%27s+Park%29%2C+New+York%2C+NY,https://www.google.com/maps/search/?api=1&query=40.673876085691%2C-73.935838633842,pending,False,,,2184368,http://www.nycgovparks.org/events/2026/07/24/kim-st-johns-park
670,kim st john s park|2026-07-25,KIM: St. John's park,2026-07-25T10:00 am,Playground (in St. John's Park),,40.673876085691,-73.935838633842,True,True,https://www.google.com/maps/search/?api=1&query=Playground+%28in+St.+John%27s+Park%29%2C+New+York%2C+NY,https://www.google.com/maps/search/?api=1&query=40.673876085691%2C-73.935838633842,pending,False,,,2184204,http://www.nycgovparks.org/events/2026/07/25/kim-st-johns-park
671,knitting at bryant park|2026-07-22,Knitting at Bryant Park,2026-07-22T1:30 pm,Upper Terrace (in Bryant Park),,40.75339889526367,-73.98269653320312,True,True,https://www.google.com/maps/search/?api=1&query=Upper+Terrace+%28in+Bryant+Park%29%2C+New+York%2C+NY,https://www.google.com/maps/search/?api=1&query=40.75339889526367%2C-73.98269653320312,pending,False,,,2174192,http://www.nycgovparks.org/events/2026/07/22/knitting-at-bryant-park
672,kosciuszko pool lap swim|2026-07-16,Kosciuszko Pool: Lap Swim,2026-07-16T7:00 am,Kosciuszko Pool,,40.691200256348,-73.949501037598,True,True,https://www.google.com/maps/search/?api=1&query=Kosciuszko+Pool%2C+New+York%2C+NY,https://www.google.com/maps/search/?api=1&query=40.691200256348%2C-73.949501037598,pending,False,,,2203397,http://www.nycgovparks.org/events/2026/07/16/kosciuszko-pool-lap-swim1
673,kosciuszko pool lap swim|2026-07-17,Kosciuszko Pool: Lap Swim,2026-07-17T7:00 am,Kosciuszko Pool,,40.691200256348,-73.949501037598,True,True,https://www.google.com/maps/search/?api=1&query=Kosciuszko+Pool%2C+New+York%2C+NY,https://www.google.com/maps/search/?api=1&query=40.691200256348%2C-73.949501037598,pending,False,,,2203584,http://www.nycgovparks.org/events/2026/07/17/kosciuszko-pool-lap-swim1
674,kosciuszko pool lap swim|2026-07-20,Kosciuszko Pool: Lap Swim,2026-07-20T7:00 am,Kosciuszko Pool,,40.691200256348,-73.949501037598,True,True,https://www.google.com/maps/search/?api=1&query=Kosciuszko+Pool%2C+New+York%2C+NY,https://www.google.com/maps/search/?api=1&query=40.691200256348%2C-73.949501037598,pending,False,,,2203793,http://www.nycgovparks.org/events/2026/07/20/kosciuszko-pool-lap-swim1
675,kosciuszko pool lap swim|2026-07-21,Kosciuszko Pool: Lap Swim,2026-07-21T7:00 am,Kosciuszko Pool,,40.691200256348,-73.949501037598,True,True,https://www.google.com/maps/search/?api=1&query=Kosciuszko+Pool%2C+New+York%2C+NY,https://www.google.com/maps/search/?api=1&query=40.691200256348%2C-73.949501037598,pending,False,,,2203463,http://www.nycgovparks.org/events/2026/07/21/kosciuszko-pool-lap-swim1
676,kosciuszko pool lap swim|2026-07-22,Kosciuszko Pool: Lap Swim,2026-07-22T7:00 am,Kosciuszko Pool,,40.691200256348,-73.949501037598,True,True,https://www.google.com/maps/search/?api=1&query=Kosciuszko+Pool%2C+New+York%2C+NY,https://www.google.com/maps/search/?api=1&query=40.691200256348%2C-73.949501037598,pending,False,,,2203797,http://www.nycgovparks.org/events/2026/07/22/kosciuszko-pool-lap-swim1
677,kosciuszko pool lap swim|2026-07-23,Kosciuszko Pool: Lap Swim,2026-07-23T7:00 am,Kosciuszko Pool,,40.691200256348,-73.949501037598,True,True,https://www.google.com/maps/search/?api=1&query=Kosciuszko+Pool%2C+New+York%2C+NY,https://www.google.com/maps/search/?api=1&query=40.691200256348%2C-73.949501037598,pending,False,,,2203379,http://www.nycgovparks.org/events/2026/07/23/kosciuszko-pool-lap-swim1
678,kosciuszko pool lap swim|2026-07-24,Kosciuszko Pool: Lap Swim,2026-07-24T7:00 am,Kosciuszko Pool,,40.691200256348,-73.949501037598,True,True,https://www.google.com/maps/search/?api=1&query=Kosciuszko+Pool%2C+New+York%2C+NY,https://www.google.com/maps/search/?api=1&query=40.691200256348%2C-73.949501037598,pending,False,,,2203664,http://www.nycgovparks.org/events/2026/07/24/kosciuszko-pool-lap-swim1
679,kosciuszko pool lap swim|2026-07-27,Kosciuszko Pool: Lap Swim,2026-07-27T7:00 am,Kosciuszko Pool,,40.691200256348,-73.949501037598,True,True,https://www.google.com/maps/search/?api=1&query=Kosciuszko+Pool%2C+New+York%2C+NY,https://www.google.com/maps/search/?api=1&query=40.691200256348%2C-73.949501037598,pending,False,,,2203765,http://www.nycgovparks.org/events/2026/07/27/kosciuszko-pool-lap-swim1
680,lablast 174 fitness|2026-07-18,LaBlast&#174; Fitness,2026-07-18T10:30 am,Brooklyn Public Library - New Utrecht,,40.607961671271,-74.003469103657,True,False,https://www.google.com/maps/search/?api=1&query=Brooklyn+Public+Library+-+New+Utrecht%2C+New+York%2C+NY,https://www.google.com/maps/search/?api=1&query=40.607961671271%2C-74.003469103657,pending,False,,,2130696,http://www.nycgovparks.org/events/2026/07/18/lablast-fitness
681,lablast 174 fitness|2026-07-19,LaBlast&#174; Fitness,2026-07-19T10:00 am,Parachute Jump (in Coney Island Beach & Boardwalk),,40.57292175293,-73.984397888184,True,False,https://www.google.com/maps/search/?api=1&query=Parachute+Jump+%28in+Coney+Island+Beach+%26+Boardwalk%29%2C+New+York%2C+NY,https://www.google.com/maps/search/?api=1&query=40.57292175293%2C-73.984397888184,pending,False,,,2171293,http://www.nycgovparks.org/events/2026/07/19/lablast-fitness
682,lablast 174 fitness|2026-07-25,LaBlast&#174; Fitness,2026-07-25T10:30 am,Brooklyn Public Library - New Utrecht,,40.607961671271,-74.003469103657,True,False,https://www.google.com/maps/search/?api=1&query=Brooklyn+Public+Library+-+New+Utrecht%2C+New+York%2C+NY,https://www.google.com/maps/search/?api=1&query=40.607961671271%2C-74.003469103657,pending,False,,,2130697,http://www.nycgovparks.org/events/2026/07/25/lablast-fitness
683,lablast 174 fitness|2026-07-26,LaBlast&#174; Fitness,2026-07-26T10:00 am,Parachute Jump (in Coney Island Beach & Boardwalk),,40.57292175293,-73.984397888184,True,False,https://www.google.com/maps/search/?api=1&query=Parachute+Jump+%28in+Coney+Island+Beach+%26+Boardwalk%29%2C+New+York%2C+NY,https://www.google.com/maps/search/?api=1&query=40.57292175293%2C-73.984397888184,pending,False,,,2171273,http://www.nycgovparks.org/events/2026/07/26/lablast-fitness
684,latin dance fitness|2026-07-22,Latin Dance Fitness,2026-07-22T6:30 pm,Sonia Sotomayor Community Center,,40.825536,-73.867359,True,True,https://www.google.com/maps/search/?api=1&query=Sonia+Sotomayor+Community+Center%2C+New+York%2C+NY,https://www.google.com/maps/search/?api=1&query=40.825536%2C-73.867359,pending,False,,,2211032,http://www.nycgovparks.org/events/2026/07/22/latin-dance-fitness
685,le carrousel extravaganza in bryant park|2026-07-17,Le Carrousel Extravaganza in Bryant Park,2026-07-17T10:00 am,Le Carrousel (in Bryant Park),,40.753299713135,-73.984001159668,True,True,https://www.google.com/maps/search/?api=1&query=Le+Carrousel+%28in+Bryant+Park%29%2C+New+York%2C+NY,https://www.google.com/maps/search/?api=1&query=40.753299713135%2C-73.984001159668,pending,False,,,2171716,http://www.nycgovparks.org/events/2026/07/17/le-carrousel-extravaganza
686,le carrousel extravaganza in bryant park|2026-07-20,Le Carrousel Extravaganza in Bryant Park,2026-07-20T10:00 am,Le Carrousel (in Bryant Park),,40.753299713135,-73.984001159668,True,True,https://www.google.com/maps/search/?api=1&query=Le+Carrousel+%28in+Bryant+Park%29%2C+New+York%2C+NY,https://www.google.com/maps/search/?api=1&query=40.753299713135%2C-73.984001159668,pending,False,,,2171717,http://www.nycgovparks.org/events/2026/07/20/le-carrousel-extravaganza
687,le carrousel extravaganza in bryant park|2026-07-22,Le Carrousel Extravaganza in Bryant Park,2026-07-22T10:00 am,Le Carrousel (in Bryant Park),,40.753299713135,-73.984001159668,True,True,https://www.google.com/maps/search/?api=1&query=Le+Carrousel+%28in+Bryant+Park%29%2C+New+York%2C+NY,https://www.google.com/maps/search/?api=1&query=40.753299713135%2C-73.984001159668,pending,False,,,2171718,http://www.nycgovparks.org/events/2026/07/22/le-carrousel-extravaganza
688,le carrousel extravaganza in bryant park|2026-07-24,Le Carrousel Extravaganza in Bryant Park,2026-07-24T10:00 am,Le Carrousel (in Bryant Park),,40.753299713135,-73.984001159668,True,True,https://www.google.com/maps/search/?api=1&query=Le+Carrousel+%28in+Bryant+Park%29%2C+New+York%2C+NY,https://www.google.com/maps/search/?api=1&query=40.753299713135%2C-73.984001159668,pending,False,,,2171719,http://www.nycgovparks.org/events/2026/07/24/le-carrousel-extravaganza
689,le carrousel extravaganza in bryant park|2026-07-27,Le Carrousel Extravaganza in Bryant Park,2026-07-27T10:00 am,Le Carrousel (in Bryant Park),,40.753299713135,-73.984001159668,True,True,https://www.google.com/maps/search/?api=1&query=Le+Carrousel+%28in+Bryant+Park%29%2C+New+York%2C+NY,https://www.google.com/maps/search/?api=1&query=40.753299713135%2C-73.984001159668,pending,False,,,2171720,http://www.nycgovparks.org/events/2026/07/27/le-carrousel-extravaganza
690,level up bodyweight circuit training|2026-07-16,Level Up Bodyweight Circuit Training,2026-07-16T6:00 pm,Sheepshead Bay Cornerstone Community Center (in Bill Brown Playground),,40.594135680862,-73.940373398022,True,True,https://www.google.com/maps/search/?api=1&query=Sheepshead+Bay+Cornerstone+Community+Center+%28in+Bill+Brown+Playground%29%2C+New+York%2C+NY,https://www.google.com/maps/search/?api=1&query=40.594135680862%2C-73.940373398022,pending,False,,,2194985,http://www.nycgovparks.org/events/2026/07/16/level-up-bodyweight-circuit-training
691,level up bodyweight circuit training|2026-07-23,Level Up Bodyweight Circuit Training,2026-07-23T6:00 pm,Sheepshead Bay Cornerstone Community Center (in Bill Brown Playground),,40.594135680862,-73.940373398022,True,True,https://www.google.com/maps/search/?api=1&query=Sheepshead+Bay+Cornerstone+Community+Center+%28in+Bill+Brown+Playground%29%2C+New+York%2C+NY,https://www.google.com/maps/search/?api=1&query=40.594135680862%2C-73.940373398022,pending,False,,,2194986,http://www.nycgovparks.org/events/2026/07/23/level-up-bodyweight-circuit-training
692,liberty pool lap swim|2026-07-16,Liberty Pool: Lap Swim,2026-07-16T7:00 am,Main Pool (in Detective Keith L Williams Park),,40.701805313058,-73.784103512764,True,True,https://www.google.com/maps/search/?api=1&query=Main+Pool+%28in+Detective+Keith+L+Williams+Park%29%2C+New+York%2C+NY,https://www.google.com/maps/search/?api=1&query=40.701805313058%2C-73.784103512764,pending,False,,,2203523,http://www.nycgovparks.org/events/2026/07/16/liberty-pool-lap-swim1
693,liberty pool lap swim|2026-07-17,Liberty Pool: Lap Swim,2026-07-17T7:00 am,Main Pool (in Detective Keith L Williams Park),,40.701805313058,-73.784103512764,True,True,https://www.google.com/maps/search/?api=1&query=Main+Pool+%28in+Detective+Keith+L+Williams+Park%29%2C+New+York%2C+NY,https://www.google.com/maps/search/?api=1&query=40.701805313058%2C-73.784103512764,pending,False,,,2203570,http://www.nycgovparks.org/events/2026/07/17/liberty-pool-lap-swim1
694,liberty pool lap swim|2026-07-20,Liberty Pool: Lap Swim,2026-07-20T7:00 am,Main Pool (in Detective Keith L Williams Park),,40.701805313058,-73.784103512764,True,True,https://www.google.com/maps/search/?api=1&query=Main+Pool+%28in+Detective+Keith+L+Williams+Park%29%2C+New+York%2C+NY,https://www.google.com/maps/search/?api=1&query=40.701805313058%2C-73.784103512764,pending,False,,,2203748,http://www.nycgovparks.org/events/2026/07/20/liberty-pool-lap-swim1
695,liberty pool lap swim|2026-07-21,Liberty Pool: Lap Swim,2026-07-21T7:00 am,Main Pool (in Detective Keith L Williams Park),,40.701805313058,-73.784103512764,True,True,https://www.google.com/maps/search/?api=1&query=Main+Pool+%28in+Detective+Keith+L+Williams+Park%29%2C+New+York%2C+NY,https://www.google.com/maps/search/?api=1&query=40.701805313058%2C-73.784103512764,pending,False,,,2203579,http://www.nycgovparks.org/events/2026/07/21/liberty-pool-lap-swim1
696,liberty pool lap swim|2026-07-22,Liberty Pool: Lap Swim,2026-07-22T7:00 am,Main Pool (in Detective Keith L Williams Park),,40.701805313058,-73.784103512764,True,True,https://www.google.com/maps/search/?api=1&query=Main+Pool+%28in+Detective+Keith+L+Williams+Park%29%2C+New+York%2C+NY,https://www.google.com/maps/search/?api=1&query=40.701805313058%2C-73.784103512764,pending,False,,,2203502,http://www.nycgovparks.org/events/2026/07/22/liberty-pool-lap-swim1
697,liberty pool lap swim|2026-07-23,Liberty Pool: Lap Swim,2026-07-23T7:00 am,Main Pool (in Detective Keith L Williams Park),,40.701805313058,-73.784103512764,True,True,https://www.google.com/maps/search/?api=1&query=Main+Pool+%28in+Detective+Keith+L+Williams+Park%29%2C+New+York%2C+NY,https://www.google.com/maps/search/?api=1&query=40.701805313058%2C-73.784103512764,pending,False,,,2203616,http://www.nycgovparks.org/events/2026/07/23/liberty-pool-lap-swim1
698,liberty pool lap swim|2026-07-24,Liberty Pool: Lap Swim,2026-07-24T7:00 am,Main Pool (in Detective Keith L Williams Park),,40.701805313058,-73.784103512764,True,True,https://www.google.com/maps/search/?api=1&query=Main+Pool+%28in+Detective+Keith+L+Williams+Park%29%2C+New+York%2C+NY,https://www.google.com/maps/search/?api=1&query=40.701805313058%2C-73.784103512764,pending,False,,,2203763,http://www.nycgovparks.org/events/2026/07/24/liberty-pool-lap-swim1
699,liberty pool lap swim|2026-07-27,Liberty Pool: Lap Swim,2026-07-27T7:00 am,Main Pool (in Detective Keith L Williams Park),,40.701805313058,-73.784103512764,True,True,https://www.google.com/maps/search/?api=1&query=Main+Pool+%28in+Detective+Keith+L+Williams+Park%29%2C+New+York%2C+NY,https://www.google.com/maps/search/?api=1&query=40.701805313058%2C-73.784103512764,pending,False,,,2203515,http://www.nycgovparks.org/events/2026/07/27/liberty-pool-lap-swim1
700,liberty pool swim team training|2026-07-16,Liberty Pool: Swim Team Training,2026-07-16T10:00 am,Main Pool (in Detective Keith L Williams Park),,40.701805313058,-73.784103512764,True,True,https://www.google.com/maps/search/?api=1&query=Main+Pool+%28in+Detective+Keith+L+Williams+Park%29%2C+New+York%2C+NY,https://www.google.com/maps/search/?api=1&query=40.701805313058%2C-73.784103512764,pending,False,,,2188382,http://www.nycgovparks.org/events/2026/07/16/liberty-pool-swim-team-training
701,liberty pool swim team training|2026-07-21,Liberty Pool: Swim Team Training,2026-07-21T10:00 am,Main Pool (in Detective Keith L Williams Park),,40.701805313058,-73.784103512764,True,True,https://www.google.com/maps/search/?api=1&query=Main+Pool+%28in+Detective+Keith+L+Williams+Park%29%2C+New+York%2C+NY,https://www.google.com/maps/search/?api=1&query=40.701805313058%2C-73.784103512764,pending,False,,,2188195,http://www.nycgovparks.org/events/2026/07/21/liberty-pool-swim-team-training
702,liberty pool swim team training|2026-07-23,Liberty Pool: Swim Team Training,2026-07-23T10:00 am,Main Pool (in Detective Keith L Williams Park),,40.701805313058,-73.784103512764,True,True,https://www.google.com/maps/search/?api=1&query=Main+Pool+%28in+Detective+Keith+L+Williams+Park%29%2C+New+York%2C+NY,https://www.google.com/maps/search/?api=1&query=40.701805313058%2C-73.784103512764,pending,False,,,2188316,http://www.nycgovparks.org/events/2026/07/23/liberty-pool-swim-team-training
703,line dance at greeley square park|2026-07-17,Line Dance at Greeley Square Park,2026-07-17T6:00 pm,Greeley Square Park,,40.748642685667,-73.988085303512,True,True,https://www.google.com/maps/search/?api=1&query=Greeley+Square+Park%2C+New+York%2C+NY,https://www.google.com/maps/search/?api=1&query=40.748642685667%2C-73.988085303512,pending,False,,,2174933,http://www.nycgovparks.org/events/2026/07/17/line-dance-at-greeley-square-park
704,line dance fitness|2026-07-17,Line Dance Fitness,2026-07-17T8:00 am,Handball Court (in Betsy Head Park),,40.662030117821,-73.914012242472,True,True,https://www.google.com/maps/search/?api=1&query=Handball+Court+%28in+Betsy+Head+Park%29%2C+New+York%2C+NY,https://www.google.com/maps/search/?api=1&query=40.662030117821%2C-73.914012242472,pending,False,,,2139800,http://www.nycgovparks.org/events/2026/07/17/line-dance-fitness
705,line dance fitness|2026-07-20,Line Dance Fitness,2026-07-20T8:00 am,Handball Court (in Betsy Head Park),,40.662030117821,-73.914012242472,True,True,https://www.google.com/maps/search/?api=1&query=Handball+Court+%28in+Betsy+Head+Park%29%2C+New+York%2C+NY,https://www.google.com/maps/search/?api=1&query=40.662030117821%2C-73.914012242472,pending,False,,,2139806,http://www.nycgovparks.org/events/2026/07/20/line-dance-fitness
706,line dance fitness|2026-07-22,Line Dance Fitness,2026-07-22T8:00 am,Handball Court (in Betsy Head Park),,40.662030117821,-73.914012242472,True,True,https://www.google.com/maps/search/?api=1&query=Handball+Court+%28in+Betsy+Head+Park%29%2C+New+York%2C+NY,https://www.google.com/maps/search/?api=1&query=40.662030117821%2C-73.914012242472,pending,False,,,2139689,http://www.nycgovparks.org/events/2026/07/22/line-dance-fitness
707,line dance fitness|2026-07-24,Line Dance Fitness,2026-07-24T8:00 am,Handball Court (in Betsy Head Park),,40.662030117821,-73.914012242472,True,True,https://www.google.com/maps/search/?api=1&query=Handball+Court+%28in+Betsy+Head+Park%29%2C+New+York%2C+NY,https://www.google.com/maps/search/?api=1&query=40.662030117821%2C-73.914012242472,pending,False,,,2139765,http://www.nycgovparks.org/events/2026/07/24/line-dance-fitness
708,line dance fitness|2026-07-27,Line Dance Fitness,2026-07-27T8:00 am,Handball Court (in Betsy Head Park),,40.662030117821,-73.914012242472,True,True,https://www.google.com/maps/search/?api=1&query=Handball+Court+%28in+Betsy+Head+Park%29%2C+New+York%2C+NY,https://www.google.com/maps/search/?api=1&query=40.662030117821%2C-73.914012242472,pending,False,,,2139774,http://www.nycgovparks.org/events/2026/07/27/line-dance-fitness
709,low impact bodyweight circuit training|2026-07-20,Low Impact Bodyweight Circuit Training,2026-07-20T6:00 pm,Multi-Use Room (in Asser Levy Playground),,40.73609924,-73.97570038,True,True,https://www.google.com/maps/search/?api=1&query=Multi-Use+Room+%28in+Asser+Levy+Playground%29%2C+New+York%2C+NY,https://www.google.com/maps/search/?api=1&query=40.73609924%2C-73.97570038,pending,False,,,2156141,http://www.nycgovparks.org/events/2026/07/20/low-impact-bodyweight-circuit-training
710,low impact bodyweight circuit training|2026-07-23,Low Impact Bodyweight Circuit Training,2026-07-23T6:00 pm,Astoria Pool Deck (in Astoria Park),,40.778499603271484,-73.92220306396484,True,True,https://www.google.com/maps/search/?api=1&query=Astoria+Pool+Deck+%28in+Astoria+Park%29%2C+New+York%2C+NY,https://www.google.com/maps/search/?api=1&query=40.778499603271484%2C-73.92220306396484,pending,False,,,2129111,http://www.nycgovparks.org/events/2026/07/23/low-impact-bodyweight-circuit-training
711,low impact bodyweight circuit training|2026-07-27,Low Impact Bodyweight Circuit Training,2026-07-27T6:00 pm,Multi-Use Room (in Asser Levy Playground),,40.73609924,-73.97570038,True,True,https://www.google.com/maps/search/?api=1&query=Multi-Use+Room+%28in+Asser+Levy+Playground%29%2C+New+York%2C+NY,https://www.google.com/maps/search/?api=1&query=40.73609924%2C-73.97570038,pending,False,,,2155815,http://www.nycgovparks.org/events/2026/07/27/low-impact-bodyweight-circuit-training
712,low impact dance fitness|2026-07-17,Low Impact Dance Fitness,2026-07-17T10:00 am,Multi-Use Room (in Williamsbridge Oval),,40.876733907,-73.878591092031,True,True,https://www.google.com/maps/search/?api=1&query=Multi-Use+Room+%28in+Williamsbridge+Oval%29%2C+New+York%2C+NY,https://www.google.com/maps/search/?api=1&query=40.876733907%2C-73.878591092031,pending,False,,,2207545,http://www.nycgovparks.org/events/2026/07/17/low-impact-dance-fitness
713,low impact dance fitness|2026-07-24,Low Impact Dance Fitness,2026-07-24T10:00 am,Multi-Use Room (in Williamsbridge Oval),,40.876733907,-73.878591092031,True,True,https://www.google.com/maps/search/?api=1&query=Multi-Use+Room+%28in+Williamsbridge+Oval%29%2C+New+York%2C+NY,https://www.google.com/maps/search/?api=1&query=40.876733907%2C-73.878591092031,pending,False,,,2207684,http://www.nycgovparks.org/events/2026/07/24/low-impact-dance-fitness
714,lyons pool lap swim|2026-07-16,Lyons Pool: Lap Swim,2026-07-16T7:00 am,Lyons Pool,,40.637199401855,-74.07430267334,True,True,https://www.google.com/maps/search/?api=1&query=Lyons+Pool%2C+New+York%2C+NY,https://www.google.com/maps/search/?api=1&query=40.637199401855%2C-74.07430267334,pending,False,,,2203462,http://www.nycgovparks.org/events/2026/07/16/lyons-pool-lap-swim1
715,lyons pool lap swim|2026-07-17,Lyons Pool: Lap Swim,2026-07-17T7:00 am,Lyons Pool,,40.637199401855,-74.07430267334,True,True,https://www.google.com/maps/search/?api=1&query=Lyons+Pool%2C+New+York%2C+NY,https://www.google.com/maps/search/?api=1&query=40.637199401855%2C-74.07430267334,pending,False,,,2203470,http://www.nycgovparks.org/events/2026/07/17/lyons-pool-lap-swim1
716,lyons pool lap swim|2026-07-20,Lyons Pool: Lap Swim,2026-07-20T7:00 am,Lyons Pool,,40.637199401855,-74.07430267334,True,True,https://www.google.com/maps/search/?api=1&query=Lyons+Pool%2C+New+York%2C+NY,https://www.google.com/maps/search/?api=1&query=40.637199401855%2C-74.07430267334,pending,False,,,2203684,http://www.nycgovparks.org/events/2026/07/20/lyons-pool-lap-swim1
717,lyons pool lap swim|2026-07-21,Lyons Pool: Lap Swim,2026-07-21T7:00 am,Lyons Pool,,40.637199401855,-74.07430267334,True,True,https://www.google.com/maps/search/?api=1&query=Lyons+Pool%2C+New+York%2C+NY,https://www.google.com/maps/search/?api=1&query=40.637199401855%2C-74.07430267334,pending,False,,,2203504,http://www.nycgovparks.org/events/2026/07/21/lyons-pool-lap-swim1
718,lyons pool lap swim|2026-07-22,Lyons Pool: Lap Swim,2026-07-22T7:00 am,Lyons Pool,,40.637199401855,-74.07430267334,True,True,https://www.google.com/maps/search/?api=1&query=Lyons+Pool%2C+New+York%2C+NY,https://www.google.com/maps/search/?api=1&query=40.637199401855%2C-74.07430267334,pending,False,,,2203417,http://www.nycgovparks.org/events/2026/07/22/lyons-pool-lap-swim1
719,lyons pool lap swim|2026-07-23,Lyons Pool: Lap Swim,2026-07-23T7:00 am,Lyons Pool,,40.637199401855,-74.07430267334,True,True,https://www.google.com/maps/search/?api=1&query=Lyons+Pool%2C+New+York%2C+NY,https://www.google.com/maps/search/?api=1&query=40.637199401855%2C-74.07430267334,pending,False,,,2203491,http://www.nycgovparks.org/events/2026/07/23/lyons-pool-lap-swim1
720,lyons pool lap swim|2026-07-24,Lyons Pool: Lap Swim,2026-07-24T7:00 am,Lyons Pool,,40.637199401855,-74.07430267334,True,True,https://www.google.com/maps/search/?api=1&query=Lyons+Pool%2C+New+York%2C+NY,https://www.google.com/maps/search/?api=1&query=40.637199401855%2C-74.07430267334,pending,False,,,2203483,http://www.nycgovparks.org/events/2026/07/24/lyons-pool-lap-swim1
721,lyons pool lap swim|2026-07-27,Lyons Pool: Lap Swim,2026-07-27T7:00 am,Lyons Pool,,40.637199401855,-74.07430267334,True,True,https://www.google.com/maps/search/?api=1&query=Lyons+Pool%2C+New+York%2C+NY,https://www.google.com/maps/search/?api=1&query=40.637199401855%2C-74.07430267334,pending,False,,,2203607,http://www.nycgovparks.org/events/2026/07/27/lyons-pool-lap-swim1
722,martial arts classes at herald square plaza|2026-07-21,Martial Arts Classes at Herald Square Plaza,2026-07-21T6:00 pm,Broadway Boulevard,,40.750099182128906,-73.98750305175781,True,True,https://www.google.com/maps/search/?api=1&query=Broadway+Boulevard%2C+New+York%2C+NY,https://www.google.com/maps/search/?api=1&query=40.750099182128906%2C-73.98750305175781,pending,False,,,2173754,http://www.nycgovparks.org/events/2026/07/21/martial-arts-classes-at-herald-square-plaza
723,martials classes at bryant park|2026-07-16,Martials Classes at Bryant Park,2026-07-16T6:00 pm,Fountain Terrace (in Bryant Park),,40.75410079956055,-73.9844970703125,True,True,https://www.google.com/maps/search/?api=1&query=Fountain+Terrace+%28in+Bryant+Park%29%2C+New+York%2C+NY,https://www.google.com/maps/search/?api=1&query=40.75410079956055%2C-73.9844970703125,pending,False,,,2173739,http://www.nycgovparks.org/events/2026/07/16/martials-classes-at-bryant-park
724,martials classes at bryant park|2026-07-23,Martials Classes at Bryant Park,2026-07-23T6:00 pm,Fountain Terrace (in Bryant Park),,40.75410079956055,-73.9844970703125,True,True,https://www.google.com/maps/search/?api=1&query=Fountain+Terrace+%28in+Bryant+Park%29%2C+New+York%2C+NY,https://www.google.com/maps/search/?api=1&query=40.75410079956055%2C-73.9844970703125,pending,False,,,2173740,http://www.nycgovparks.org/events/2026/07/23/martials-classes-at-bryant-park
725,mat pilates|2026-07-22,Mat Pilates,2026-07-22T5:45 pm,NYC Department of Health and Mental Hygiene- Bedford-Stuyvesant Center,,40.6855549,-73.9411715,True,True,https://www.google.com/maps/search/?api=1&query=NYC+Department+of+Health+and+Mental+Hygiene-+Bedford-Stuyvesant+Center%2C+New+York%2C+NY,https://www.google.com/maps/search/?api=1&query=40.6855549%2C-73.9411715,pending,False,,,2122404,http://www.nycgovparks.org/events/2026/07/22/mat-pilates
726,mccarren pool lap swim|2026-07-16,McCarren Pool: Lap Swim,2026-07-16T7:00 am,McCarren Park Pool (in McCarren Park),,40.7201557,-73.9517404,True,True,https://www.google.com/maps/search/?api=1&query=McCarren+Park+Pool+%28in+McCarren+Park%29%2C+New+York%2C+NY,https://www.google.com/maps/search/?api=1&query=40.7201557%2C-73.9517404,pending,False,,,2203770,http://www.nycgovparks.org/events/2026/07/16/mccarren-pool-lap-swim1
727,mccarren pool lap swim|2026-07-17,McCarren Pool: Lap Swim,2026-07-17T7:00 am,McCarren Park Pool (in McCarren Park),,40.7201557,-73.9517404,True,True,https://www.google.com/maps/search/?api=1&query=McCarren+Park+Pool+%28in+McCarren+Park%29%2C+New+York%2C+NY,https://www.google.com/maps/search/?api=1&query=40.7201557%2C-73.9517404,pending,False,,,2203423,http://www.nycgovparks.org/events/2026/07/17/mccarren-pool-lap-swim1
728,mccarren pool lap swim|2026-07-20,McCarren Pool: Lap Swim,2026-07-20T7:00 am,McCarren Park Pool (in McCarren Park),,40.7201557,-73.9517404,True,True,https://www.google.com/maps/search/?api=1&query=McCarren+Park+Pool+%28in+McCarren+Park%29%2C+New+York%2C+NY,https://www.google.com/maps/search/?api=1&query=40.7201557%2C-73.9517404,pending,False,,,2203724,http://www.nycgovparks.org/events/2026/07/20/mccarren-pool-lap-swim1
729,mccarren pool lap swim|2026-07-21,McCarren Pool: Lap Swim,2026-07-21T7:00 am,McCarren Park Pool (in McCarren Park),,40.7201557,-73.9517404,True,True,https://www.google.com/maps/search/?api=1&query=McCarren+Park+Pool+%28in+McCarren+Park%29%2C+New+York%2C+NY,https://www.google.com/maps/search/?api=1&query=40.7201557%2C-73.9517404,pending,False,,,2203469,http://www.nycgovparks.org/events/2026/07/21/mccarren-pool-lap-swim1
730,mccarren pool lap swim|2026-07-22,McCarren Pool: Lap Swim,2026-07-22T7:00 am,McCarren Park Pool (in McCarren Park),,40.7201557,-73.9517404,True,True,https://www.google.com/maps/search/?api=1&query=McCarren+Park+Pool+%28in+McCarren+Park%29%2C+New+York%2C+NY,https://www.google.com/maps/search/?api=1&query=40.7201557%2C-73.9517404,pending,False,,,2203466,http://www.nycgovparks.org/events/2026/07/22/mccarren-pool-lap-swim1
731,mccarren pool lap swim|2026-07-23,McCarren Pool: Lap Swim,2026-07-23T7:00 am,McCarren Park Pool (in McCarren Park),,40.7201557,-73.9517404,True,True,https://www.google.com/maps/search/?api=1&query=McCarren+Park+Pool+%28in+McCarren+Park%29%2C+New+York%2C+NY,https://www.google.com/maps/search/?api=1&query=40.7201557%2C-73.9517404,pending,False,,,2203632,http://www.nycgovparks.org/events/2026/07/23/mccarren-pool-lap-swim1
732,mccarren pool lap swim|2026-07-24,McCarren Pool: Lap Swim,2026-07-24T7:00 am,McCarren Park Pool (in McCarren Park),,40.7201557,-73.9517404,True,True,https://www.google.com/maps/search/?api=1&query=McCarren+Park+Pool+%28in+McCarren+Park%29%2C+New+York%2C+NY,https://www.google.com/maps/search/?api=1&query=40.7201557%2C-73.9517404,pending,False,,,2203472,http://www.nycgovparks.org/events/2026/07/24/mccarren-pool-lap-swim1
733,mccarren pool lap swim|2026-07-27,McCarren Pool: Lap Swim,2026-07-27T7:00 am,McCarren Park Pool (in McCarren Park),,40.7201557,-73.9517404,True,True,https://www.google.com/maps/search/?api=1&query=McCarren+Park+Pool+%28in+McCarren+Park%29%2C+New+York%2C+NY,https://www.google.com/maps/search/?api=1&query=40.7201557%2C-73.9517404,pending,False,,,2203747,http://www.nycgovparks.org/events/2026/07/27/mccarren-pool-lap-swim1
734,meditation marathon peace in the park|2026-07-24,Meditation Marathon: Peace in the Park,2026-07-24T12:00 pm,Naumburg Bandshell (in Central Park),,40.772499084473,-73.971099853516,True,True,https://www.google.com/maps/search/?api=1&query=Naumburg+Bandshell+%28in+Central+Park%29%2C+New+York%2C+NY,https://www.google.com/maps/search/?api=1&query=40.772499084473%2C-73.971099853516,pending,False,,,2184444,http://www.nycgovparks.org/events/2026/07/24/meditation-marathon-peace-in-the-park
735,midtown dance mucho s estilo s in greeley square park|2026-07-22,Midtown Dance: Mucho(s) Estilo(s) in Greeley Square Park,2026-07-22T6:00 pm,Greeley Square Park,,40.748642685667,-73.988085303512,True,True,https://www.google.com/maps/search/?api=1&query=Greeley+Square+Park%2C+New+York%2C+NY,https://www.google.com/maps/search/?api=1&query=40.748642685667%2C-73.988085303512,pending,False,,,2201512,http://www.nycgovparks.org/events/2026/07/22/midtown-dance-muchos-estilos-in-greeley-square-park
736,midtown fit|2026-07-16,Midtown Fit,2026-07-16T6:00 pm,Herald Square,,40.75046368599,-73.987603574991,True,True,https://www.google.com/maps/search/?api=1&query=Herald+Square%2C+New+York%2C+NY,https://www.google.com/maps/search/?api=1&query=40.75046368599%2C-73.987603574991,pending,False,,,2201606,http://www.nycgovparks.org/events/2026/07/16/midtown-fit
737,midtown fit|2026-07-23,Midtown Fit,2026-07-23T6:00 pm,Herald Square,,40.75046368599,-73.987603574991,True,True,https://www.google.com/maps/search/?api=1&query=Herald+Square%2C+New+York%2C+NY,https://www.google.com/maps/search/?api=1&query=40.75046368599%2C-73.987603574991,pending,False,,,2201607,http://www.nycgovparks.org/events/2026/07/23/midtown-fit
738,midtown music in greeley square park|2026-07-22,Midtown Music in Greeley Square Park,2026-07-22T2:30 pm,Greeley Square Park,,40.748642685667,-73.988085303512,True,True,https://www.google.com/maps/search/?api=1&query=Greeley+Square+Park%2C+New+York%2C+NY,https://www.google.com/maps/search/?api=1&query=40.748642685667%2C-73.988085303512,pending,False,,,2190769,http://www.nycgovparks.org/events/2026/07/22/midtown-music-in-greeley-square-park
739,monday morning pitch in to pick up|2026-07-20,Monday Morning Pitch In to Pick Up,2026-07-20T10:00 am,Bronx River House (in Starlight Park),,40.83279785876,-73.882915616035,True,True,https://www.google.com/maps/search/?api=1&query=Bronx+River+House+%28in+Starlight+Park%29%2C+New+York%2C+NY,https://www.google.com/maps/search/?api=1&query=40.83279785876%2C-73.882915616035,pending,False,,,2210381,http://www.nycgovparks.org/events/2026/07/20/monday-morning-pitch-in-to-pick-up
740,monday morning pitch in to pick up|2026-07-27,Monday Morning Pitch In to Pick Up,2026-07-27T10:00 am,Bronx River House (in Starlight Park),,40.83279785876,-73.882915616035,True,True,https://www.google.com/maps/search/?api=1&query=Bronx+River+House+%28in+Starlight+Park%29%2C+New+York%2C+NY,https://www.google.com/maps/search/?api=1&query=40.83279785876%2C-73.882915616035,pending,False,,,2210383,http://www.nycgovparks.org/events/2026/07/27/monday-morning-pitch-in-to-pick-up
741,morning gardening thursday at shoelace park|2026-07-16,Morning Gardening Thursday at Shoelace Park,2026-07-16T10:00 am,Shoelace Park,,40.882301330566406,-73.86710357666016,True,True,https://www.google.com/maps/search/?api=1&query=Shoelace+Park%2C+New+York%2C+NY,https://www.google.com/maps/search/?api=1&query=40.882301330566406%2C-73.86710357666016,pending,False,,,2173989,http://www.nycgovparks.org/events/2026/07/16/morning-gardening-thursday-at-west-farms-rapids-park
742,morning yoga at bryant park|2026-07-21,Morning Yoga at Bryant Park,2026-07-21T10:00 am,Upper Terrace (in Bryant Park),,40.75339889526367,-73.98269653320312,True,True,https://www.google.com/maps/search/?api=1&query=Upper+Terrace+%28in+Bryant+Park%29%2C+New+York%2C+NY,https://www.google.com/maps/search/?api=1&query=40.75339889526367%2C-73.98269653320312,pending,False,,,2174211,http://www.nycgovparks.org/events/2026/07/21/morning-yoga-at-bryant-park
743,moves with lim 243 n dance at bryant park|2026-07-18,Moves with Lim&#243;n Dance at Bryant Park,2026-07-18T10:00 am,Bryant Park Lawn (in Bryant Park),,40.753819792011,-73.983734458685,True,False,https://www.google.com/maps/search/?api=1&query=Bryant+Park+Lawn+%28in+Bryant+Park%29%2C+New+York%2C+NY,https://www.google.com/maps/search/?api=1&query=40.753819792011%2C-73.983734458685,pending,False,,,2174175,http://www.nycgovparks.org/events/2026/07/18/moves-with-limn-dance-at-bryant-park
744,moves with lim 243 n dance at bryant park|2026-07-25,Moves with Lim&#243;n Dance at Bryant Park,2026-07-25T10:00 am,Bryant Park Lawn (in Bryant Park),,40.753819792011,-73.983734458685,True,False,https://www.google.com/maps/search/?api=1&query=Bryant+Park+Lawn+%28in+Bryant+Park%29%2C+New+York%2C+NY,https://www.google.com/maps/search/?api=1&query=40.753819792011%2C-73.983734458685,pending,False,,,2174176,http://www.nycgovparks.org/events/2026/07/25/moves-with-limn-dance-at-bryant-park
745,movies under the stars a minecraft movie 2025|2026-07-18,Movies Under the Stars: A Minecraft Movie (2025),2026-07-18T8:30 pm,Play Area (in Rappaport Playground),,40.63713789849,-74.001040709417,True,True,https://www.google.com/maps/search/?api=1&query=Play+Area+%28in+Rappaport+Playground%29%2C+New+York%2C+NY,https://www.google.com/maps/search/?api=1&query=40.63713789849%2C-74.001040709417,pending,False,,,2208352,http://www.nycgovparks.org/events/2026/07/18/movies-under-the-stars-a-minecraft-movie-2025
746,movies under the stars a minecraft movie|2026-07-25,Movies Under the Stars: A MineCraft Movie,2026-07-25T8:00 pm,Raoul Wallenberg Playground (in Highbridge Park),,40.852652770531,-73.927268039881,True,True,https://www.google.com/maps/search/?api=1&query=Raoul+Wallenberg+Playground+%28in+Highbridge+Park%29%2C+New+York%2C+NY,https://www.google.com/maps/search/?api=1&query=40.852652770531%2C-73.927268039881,pending,False,,,2200368,http://www.nycgovparks.org/events/2026/07/25/movies-under-the-stars-a-minecraft-movie
747,movies under the stars addams family values|2026-07-23,Movies Under the Stars: Addams Family Values,2026-07-23T8:30 pm,North Plaza (in Union Square Park),,40.7365837097168,-73.98987579345703,True,True,https://www.google.com/maps/search/?api=1&query=North+Plaza+%28in+Union+Square+Park%29%2C+New+York%2C+NY,https://www.google.com/maps/search/?api=1&query=40.7365837097168%2C-73.98987579345703,pending,False,,,2200556,http://www.nycgovparks.org/events/2026/07/23/movies-under-the-stars-addams-family-values
748,movies under the stars cool runnings 1993|2026-07-25,Movies Under the Stars: Cool Runnings (1993),2026-07-25T8:30 pm,Play Area (in Marion Hopkinson Playground),,40.681661347364,-73.913862418565,True,False,https://www.google.com/maps/search/?api=1&query=Play+Area+%28in+Marion+Hopkinson+Playground%29%2C+New+York%2C+NY,https://www.google.com/maps/search/?api=1&query=40.681661347364%2C-73.913862418565,pending,False,,,2210795,http://www.nycgovparks.org/events/2026/07/25/movies-under-the-stars-cool-runnings-1993
749,movies under the stars daddy daycare|2026-07-18,Movies Under the Stars: Daddy Daycare,2026-07-18T8:30 pm,Playground (in Mill Pond Park),,40.82091454717,-73.931822240353,True,True,https://www.google.com/maps/search/?api=1&query=Playground+%28in+Mill+Pond+Park%29%2C+New+York%2C+NY,https://www.google.com/maps/search/?api=1&query=40.82091454717%2C-73.931822240353,pending,False,,,2200460,http://www.nycgovparks.org/events/2026/07/18/movies-under-the-stars-daddy-daycare
750,movies under the stars f1|2026-07-23,Movies Under the Stars: F1,2026-07-23T8:30 pm,Entrance - Cornelia Avenue and Chester Avenue (in Wolfe's Pond Park),,40.519500732422,-74.187698364258,True,True,https://www.google.com/maps/search/?api=1&query=Entrance+-+Cornelia+Avenue+and+Chester+Avenue+%28in+Wolfe%27s+Pond+Park%29%2C+New+York%2C+NY,https://www.google.com/maps/search/?api=1&query=40.519500732422%2C-74.187698364258,pending,False,,,2201490,http://www.nycgovparks.org/events/2026/07/23/movies-under-the-stars-f1
751,movies under the stars five nights at freddy s 2|2026-07-21,Movies Under the Stars: Five Nights at Freddy's 2,2026-07-21T8:30 pm,Outdoors at Faber Park Recreation Center (in Faber Pool and Park),,40.640935928317,-74.135395526886,True,True,https://www.google.com/maps/search/?api=1&query=Outdoors+at+Faber+Park+Recreation+Center+%28in+Faber+Pool+and+Park%29%2C+New+York%2C+NY,https://www.google.com/maps/search/?api=1&query=40.640935928317%2C-74.135395526886,pending,False,,,2208628,http://www.nycgovparks.org/events/2026/07/21/movies-under-the-stars-five-nights-at-freddys-2
752,movies under the stars goat 2025|2026-07-16,Movies Under the Stars: Goat (2025),2026-07-16T8:30 pm,Open Area (in Kelly Park Playground),,40.604198455811,-73.957702636719,True,True,https://www.google.com/maps/search/?api=1&query=Open+Area+%28in+Kelly+Park+Playground%29%2C+New+York%2C+NY,https://www.google.com/maps/search/?api=1&query=40.604198455811%2C-73.957702636719,pending,False,,,2189251,http://www.nycgovparks.org/events/2026/07/16/movies-under-the-stars-wicked-for-good-2025
753,movies under the stars goat 2026|2026-07-22,Movies Under the Stars: Goat (2026),2026-07-22T8:45 pm,Entrance - Colden Street and Elder Avenue (in Kissena Corridor Park),,40.751549163227,-73.824318378732,True,False,https://www.google.com/maps/search/?api=1&query=Entrance+-+Colden+Street+and+Elder+Avenue+%28in+Kissena+Corridor+Park%29%2C+New+York%2C+NY,https://www.google.com/maps/search/?api=1&query=40.751549163227%2C-73.824318378732,pending,False,,,2211246,http://www.nycgovparks.org/events/2026/07/22/movies-under-the-stars-goat-2026
754,movies under the stars goat 2026|2026-07-25,Movies Under the Stars: Goat (2026),2026-07-25T8:30 pm,Far Rockaway Beach & Boardwalk (in Rockaway Beach and Boardwalk),,40.594538223746,-73.749623417854,True,False,https://www.google.com/maps/search/?api=1&query=Far+Rockaway+Beach+%26+Boardwalk+%28in+Rockaway+Beach+and+Boardwalk%29%2C+New+York%2C+NY,https://www.google.com/maps/search/?api=1&query=40.594538223746%2C-73.749623417854,pending,False,,,2210427,http://www.nycgovparks.org/events/2026/07/25/movies-under-the-stars-goat-2026
755,movies under the stars goat|2026-07-24,Movies Under the Stars: Goat,2026-07-24T8:30 pm,Basketball Courts (in Watson Gleason Playground),,40.82796535391,-73.868800848123,True,True,https://www.google.com/maps/search/?api=1&query=Basketball+Courts+%28in+Watson+Gleason+Playground%29%2C+New+York%2C+NY,https://www.google.com/maps/search/?api=1&query=40.82796535391%2C-73.868800848123,pending,False,,,2200842,http://www.nycgovparks.org/events/2026/07/24/movies-under-the-stars-goat
756,movies under the stars greenland|2026-07-22,Movies Under the Stars: Greenland,2026-07-22T8:30 pm,Archery Field Parking Lot (in Willowbrook Park),,40.602780425864,-74.157055020333,True,True,https://www.google.com/maps/search/?api=1&query=Archery+Field+Parking+Lot+%28in+Willowbrook+Park%29%2C+New+York%2C+NY,https://www.google.com/maps/search/?api=1&query=40.602780425864%2C-74.157055020333,pending,False,,,2201494,http://www.nycgovparks.org/events/2026/07/22/movies-under-the-stars-greenland
757,movies under the stars happy gilmore|2026-07-17,Movies Under the Stars: Happy Gilmore,2026-07-17T8:30 pm,Lawn (in Naples Playground),,40.602680300577,-74.089776191645,True,True,https://www.google.com/maps/search/?api=1&query=Lawn+%28in+Naples+Playground%29%2C+New+York%2C+NY,https://www.google.com/maps/search/?api=1&query=40.602680300577%2C-74.089776191645,pending,False,,,2201045,http://www.nycgovparks.org/events/2026/07/17/movies-under-the-stars-happy-gilmore
758,movies under the stars hoppers 2026|2026-07-18,Movies Under the Stars: Hoppers (2026),2026-07-18T8:30 pm,Baruch Playground,,40.71730041503906,-73.97679901123047,True,False,https://www.google.com/maps/search/?api=1&query=Baruch+Playground%2C+New+York%2C+NY,https://www.google.com/maps/search/?api=1&query=40.71730041503906%2C-73.97679901123047,pending,False,,,2210649,http://www.nycgovparks.org/events/2026/07/18/movies-under-the-stars-hoppers-2026
759,movies under the stars inside out 2 2024|2026-07-24,Movies Under the Stars: Inside Out 2 (2024),2026-07-24T8:00 pm,Athletic Field (in Corlears Hook Park),,40.711436772367,-73.980041742325,True,True,https://www.google.com/maps/search/?api=1&query=Athletic+Field+%28in+Corlears+Hook+Park%29%2C+New+York%2C+NY,https://www.google.com/maps/search/?api=1&query=40.711436772367%2C-73.980041742325,pending,False,,,2200471,http://www.nycgovparks.org/events/2026/07/24/movies-under-the-stars-inside-out-2-2024
760,movies under the stars jumanji 1995|2026-07-16,Movies Under the Stars: Jumanji (1995),2026-07-16T8:30 pm,Williamsbridge Oval Recreation Center - Front Entrance (in Williamsbridge Oval),,40.876591271232,-73.878690034151,True,True,https://www.google.com/maps/search/?api=1&query=Williamsbridge+Oval+Recreation+Center+-+Front+Entrance+%28in+Williamsbridge+Oval%29%2C+New+York%2C+NY,https://www.google.com/maps/search/?api=1&query=40.876591271232%2C-73.878690034151,pending,False,,,2200490,http://www.nycgovparks.org/events/2026/07/16/movies-under-the-stars-jumanji-1995
761,movies under the stars michael|2026-07-22,Movies Under the Stars: Michael,2026-07-22T8:30 pm,Play Area & Basketball Courts at Waring Playground (in Bronx Park),,40.860354372066,-73.871430277824,True,True,https://www.google.com/maps/search/?api=1&query=Play+Area+%26+Basketball+Courts+at+Waring+Playground+%28in+Bronx+Park%29%2C+New+York%2C+NY,https://www.google.com/maps/search/?api=1&query=40.860354372066%2C-73.871430277824,pending,False,,,2203949,http://www.nycgovparks.org/events/2026/07/22/movies-under-the-stars-michael
762,movies under the stars michael|2026-07-24,Movies Under the Stars: Michael,2026-07-24T8:30 pm,Lawn Area - Bay Street and School Road (in Von Briesen Park),,40.607437167183,-74.060109913229,True,False,https://www.google.com/maps/search/?api=1&query=Lawn+Area+-+Bay+Street+and+School+Road+%28in+Von+Briesen+Park%29%2C+New+York%2C+NY,https://www.google.com/maps/search/?api=1&query=40.607437167183%2C-74.060109913229,pending,False,,,2211064,http://www.nycgovparks.org/events/2026/07/24/movies-under-the-stars-michael
763,movies under the stars pitch perfect 2012|2026-07-17,Movies Under the Stars: Pitch Perfect (2012),2026-07-17T8:30 pm,Central Lawn (in Sunset Park),,40.648374914873,-74.004422426224,True,False,https://www.google.com/maps/search/?api=1&query=Central+Lawn+%28in+Sunset+Park%29%2C+New+York%2C+NY,https://www.google.com/maps/search/?api=1&query=40.648374914873%2C-74.004422426224,pending,False,,,2210942,http://www.nycgovparks.org/events/2026/07/17/movies-under-the-stars-pitch-perfect-2012
764,movies under the stars shrek|2026-07-16,Movies Under the Stars: Shrek,2026-07-16T8:30 pm,North Plaza (in Union Square Park),,40.7365837097168,-73.98987579345703,True,True,https://www.google.com/maps/search/?api=1&query=North+Plaza+%28in+Union+Square+Park%29%2C+New+York%2C+NY,https://www.google.com/maps/search/?api=1&query=40.7365837097168%2C-73.98987579345703,pending,False,,,2200778,http://www.nycgovparks.org/events/2026/07/16/movies-under-the-stars-shrek
765,movies under the stars sing 2 sing along|2026-07-24,Movies Under the Stars: Sing 2 Sing-Along,2026-07-24T8:30 pm,Highland Park Lawn Area,,40.684718678242,-73.88628911972,True,False,https://www.google.com/maps/search/?api=1&query=Highland+Park+Lawn+Area%2C+New+York%2C+NY,https://www.google.com/maps/search/?api=1&query=40.684718678242%2C-73.88628911972,pending,False,,,2210528,http://www.nycgovparks.org/events/2026/07/24/movies-under-the-stars-sing-2-singalong
766,movies under the stars sister act 1992|2026-07-23,Movies Under the Stars: Sister Act (1992),2026-07-23T8:30 pm,Herbert Von King Park,,40.689376872274,-73.946824550629,True,False,https://www.google.com/maps/search/?api=1&query=Herbert+Von+King+Park%2C+New+York%2C+NY,https://www.google.com/maps/search/?api=1&query=40.689376872274%2C-73.946824550629,pending,False,,,2210950,http://www.nycgovparks.org/events/2026/07/23/movies-under-the-stars-sister-act-1992
767,movies under the stars soccer series american futbol|2026-07-22,Movies Under the Stars: Soccer Series: American Futbol,2026-07-22T8:30 pm,Dyckman Fields (in Inwood Hill Park),,40.871601104736,-73.930702209473,True,True,https://www.google.com/maps/search/?api=1&query=Dyckman+Fields+%28in+Inwood+Hill+Park%29%2C+New+York%2C+NY,https://www.google.com/maps/search/?api=1&query=40.871601104736%2C-73.930702209473,pending,False,,,2182447,http://www.nycgovparks.org/events/2026/07/22/movies-under-the-stars-soccer-series-american-fubol
768,movies under the stars soccer series copa 71|2026-07-16,Movies Under the Stars Soccer Series: Copa 71,2026-07-16T8:30 pm,Sobelsohn Playground (in Forest Park),,40.709525002939,-73.836108863354,True,True,https://www.google.com/maps/search/?api=1&query=Sobelsohn+Playground+%28in+Forest+Park%29%2C+New+York%2C+NY,https://www.google.com/maps/search/?api=1&query=40.709525002939%2C-73.836108863354,pending,False,,,2200745,http://www.nycgovparks.org/events/2026/07/16/movies-under-the-stars-soccer-series-copa-71
769,movies under the stars space jam 1996|2026-07-22,Movies Under the Stars: Space Jam (1996),2026-07-22T8:30 pm,Driggs Avenue and Lorimer Street (in McCarren Park),,40.721644524107,-73.950618505478,True,False,https://www.google.com/maps/search/?api=1&query=Driggs+Avenue+and+Lorimer+Street+%28in+McCarren+Park%29%2C+New+York%2C+NY,https://www.google.com/maps/search/?api=1&query=40.721644524107%2C-73.950618505478,pending,False,,,2210912,http://www.nycgovparks.org/events/2026/07/22/movies-under-the-stars-space-jam-1996
770,movies under the stars space jam new legacy|2026-07-16,Movies Under the Stars: Space Jam: New Legacy,2026-07-16T8:30 pm,Austin J. McDonald Playground,,40.6296344823,-74.1153178021,True,True,https://www.google.com/maps/search/?api=1&query=Austin+J.+McDonald+Playground%2C+New+York%2C+NY,https://www.google.com/maps/search/?api=1&query=40.6296344823%2C-74.1153178021,pending,False,,,2201183,http://www.nycgovparks.org/events/2026/07/16/movies-under-the-stars-space-jam-new-legacy
771,movies under the stars teenage mutant ninja turtles 1990|2026-07-23,Movies Under the Stars: Teenage Mutant Ninja Turtles (1990),2026-07-23T8:30 pm,Grass Area (in Vidalia Park),,40.843819261405,-73.881363511086,True,True,https://www.google.com/maps/search/?api=1&query=Grass+Area+%28in+Vidalia+Park%29%2C+New+York%2C+NY,https://www.google.com/maps/search/?api=1&query=40.843819261405%2C-73.881363511086,pending,False,,,2170882,http://www.nycgovparks.org/events/2026/07/23/muts-teenage-mutant-ninja-turtles-1990
772,movies under the stars the lego batman movie 2017|2026-07-24,Movies Under the Stars: The LEGO Batman Movie (2017),2026-07-24T8:30 pm,Stroud Playground,,40.675080455697,-73.962081193924,True,False,https://www.google.com/maps/search/?api=1&query=Stroud+Playground%2C+New+York%2C+NY,https://www.google.com/maps/search/?api=1&query=40.675080455697%2C-73.962081193924,pending,False,,,2211039,http://www.nycgovparks.org/events/2026/07/24/movies-under-the-stars-the-lego-batman-movie-2017
773,movies under the stars the perfect storm|2026-07-17,Movies Under the Stars: The Perfect Storm,2026-07-17T8:30 pm,Dyckman Marina (in Inwood Hill Park),,40.86909866333,-73.932197570801,True,True,https://www.google.com/maps/search/?api=1&query=Dyckman+Marina+%28in+Inwood+Hill+Park%29%2C+New+York%2C+NY,https://www.google.com/maps/search/?api=1&query=40.86909866333%2C-73.932197570801,pending,False,,,2200489,http://www.nycgovparks.org/events/2026/07/17/movies-under-the-stars-the-perfect-storm
774,movies under the stars the princess and the frog 2009|2026-07-18,Movies Under the Stars: The Princess and the Frog (2009),2026-07-18T8:45 pm,Open Area (in Athens Square),,40.767700195312,-73.922500610352,True,True,https://www.google.com/maps/search/?api=1&query=Open+Area+%28in+Athens+Square%29%2C+New+York%2C+NY,https://www.google.com/maps/search/?api=1&query=40.767700195312%2C-73.922500610352,pending,False,,,2201859,http://www.nycgovparks.org/events/2026/07/18/movies-under-the-stars-the-princess-and-the-frog-2009
775,movies under the stars the santa clause 1994|2026-07-25,Movies Under the Stars: The Santa Clause (1994),2026-07-25T8:30 pm,Play Area (in Arrochar Playground),,40.597699406311,-74.071126343877,True,True,https://www.google.com/maps/search/?api=1&query=Play+Area+%28in+Arrochar+Playground%29%2C+New+York%2C+NY,https://www.google.com/maps/search/?api=1&query=40.597699406311%2C-74.071126343877,pending,False,,,2201493,http://www.nycgovparks.org/events/2026/07/25/movies-under-the-stars-the-santa-clause-1994
776,movies under the stars wicked for good 2025|2026-07-17,Movies Under the Stars: Wicked: For Good (2025),2026-07-17T8:45 pm,Hockey Rink (in Little Bay Park),,40.789798736572266,-73.78479766845703,True,True,https://www.google.com/maps/search/?api=1&query=Hockey+Rink+%28in+Little+Bay+Park%29%2C+New+York%2C+NY,https://www.google.com/maps/search/?api=1&query=40.789798736572266%2C-73.78479766845703,pending,False,,,2202085,http://www.nycgovparks.org/events/2026/07/17/movies-under-the-stars-wicked-for-good-2025
777,movies under the stars wicked for good|2026-07-25,Movies Under the Stars: Wicked: For Good,2026-07-25T8:30 pm,Crotona Tennis House (in Crotona Park),,40.840147765856,-73.895328640938,True,True,https://www.google.com/maps/search/?api=1&query=Crotona+Tennis+House+%28in+Crotona+Park%29%2C+New+York%2C+NY,https://www.google.com/maps/search/?api=1&query=40.840147765856%2C-73.895328640938,pending,False,,,2203941,http://www.nycgovparks.org/events/2026/07/25/movies-under-the-stars-wicked-for-good
778,movies under the stars zootopia 2 2025|2026-07-23,Movies Under the Stars: Zootopia 2 (2025),2026-07-23T8:45 pm,Hard Top Multipurpose Field (in Dutch Kills Playground),,40.756858427131,-73.933449149132,True,True,https://www.google.com/maps/search/?api=1&query=Hard+Top+Multipurpose+Field+%28in+Dutch+Kills+Playground%29%2C+New+York%2C+NY,https://www.google.com/maps/search/?api=1&query=40.756858427131%2C-73.933449149132,pending,False,,,2202163,http://www.nycgovparks.org/events/2026/07/23/movies-under-the-stars-zootopia-2-2025
779,movies under the stars zootopia 2|2026-07-17,Movies Under the Stars: Zootopia 2,2026-07-17T8:30 pm,Behind Bleachers - Lawn Behind the Track and Field Area (in Pelham Bay Park),,40.848300933838,-73.822601318359,True,True,https://www.google.com/maps/search/?api=1&query=Behind+Bleachers+-+Lawn+Behind+the+Track+and+Field+Area+%28in+Pelham+Bay+Park%29%2C+New+York%2C+NY,https://www.google.com/maps/search/?api=1&query=40.848300933838%2C-73.822601318359,pending,False,,,2176270,http://www.nycgovparks.org/events/2026/07/17/movies-under-the-stars-zootopia-2
780,movies under the stars zootopia 2|2026-07-18,Movies Under the Stars: Zootopia 2,2026-07-18T8:30 pm,Lawn Area (in Seaside Wildlife Nature Park),,40.540404961973,-74.14280307293,True,True,https://www.google.com/maps/search/?api=1&query=Lawn+Area+%28in+Seaside+Wildlife+Nature+Park%29%2C+New+York%2C+NY,https://www.google.com/maps/search/?api=1&query=40.540404961973%2C-74.14280307293,pending,False,,,2201443,http://www.nycgovparks.org/events/2026/07/18/movies-under-the-stars-zootopia-2
781,nature exploration hike|2026-07-19,Nature Exploration Hike,2026-07-19T1:00 pm,West 218th Street and Indian Road (in Inwood Hill Park),,40.873013267738,-73.918452858924,True,True,https://www.google.com/maps/search/?api=1&query=West+218th+Street+and+Indian+Road+%28in+Inwood+Hill+Park%29%2C+New+York%2C+NY,https://www.google.com/maps/search/?api=1&query=40.873013267738%2C-73.918452858924,pending,False,,,2178973,http://www.nycgovparks.org/events/2026/07/19/nature-exploration-hike
782,nature talks at bryant park reading room native bees of nyc|2026-07-17,Nature Talks at Bryant Park Reading Room: Native Bees of NYC,2026-07-17T12:00 pm,Reading Room (in Bryant Park),,40.754116748576,-73.983368813992,True,True,https://www.google.com/maps/search/?api=1&query=Reading+Room+%28in+Bryant+Park%29%2C+New+York%2C+NY,https://www.google.com/maps/search/?api=1&query=40.754116748576%2C-73.983368813992,pending,False,,,2177817,http://www.nycgovparks.org/events/2026/07/17/nature-talks-at-bryant-park-reading-room-native-bees-of-nyc
783,nature trivia disc golfering your park|2026-07-19,Nature Trivia: Disc-golfering Your Park,2026-07-19T3:00 pm,Vermont Place Parking Lot (in Highland Park),,40.686199188232,-73.889801025391,True,True,https://www.google.com/maps/search/?api=1&query=Vermont+Place+Parking+Lot+%28in+Highland+Park%29%2C+New+York%2C+NY,https://www.google.com/maps/search/?api=1&query=40.686199188232%2C-73.889801025391,pending,False,,,2176410,http://www.nycgovparks.org/events/2026/07/19/nature-trivia-discgolfering-your-park
784,no excuses circuit training|2026-07-18,No Excuses Circuit Training,2026-07-18T9:00 am,Dance Room (in St. John's Park),,40.67350006,-73.93479919,True,True,https://www.google.com/maps/search/?api=1&query=Dance+Room+%28in+St.+John%27s+Park%29%2C+New+York%2C+NY,https://www.google.com/maps/search/?api=1&query=40.67350006%2C-73.93479919,pending,False,,,2189075,http://www.nycgovparks.org/events/2026/07/18/no-excuses-circuit-training
785,no excuses circuit training|2026-07-25,No Excuses Circuit Training,2026-07-25T9:00 am,Dance Room (in St. John's Park),,40.67350006,-73.93479919,True,True,https://www.google.com/maps/search/?api=1&query=Dance+Room+%28in+St.+John%27s+Park%29%2C+New+York%2C+NY,https://www.google.com/maps/search/?api=1&query=40.67350006%2C-73.93479919,pending,False,,,2189119,http://www.nycgovparks.org/events/2026/07/25/no-excuses-circuit-training
786,nocturnal seining and shore exploration|2026-07-19,Nocturnal Seining and Shore Exploration,2026-07-19T7:00 pm,Fort Totten Front Gate (in Fort Totten Park),,40.78953552246094,-73.78208923339844,True,True,https://www.google.com/maps/search/?api=1&query=Fort+Totten+Front+Gate+%28in+Fort+Totten+Park%29%2C+New+York%2C+NY,https://www.google.com/maps/search/?api=1&query=40.78953552246094%2C-73.78208923339844,pending,False,,,2176586,http://www.nycgovparks.org/events/2026/07/19/nocturnal-seining-and-shore-exploration
787,non fiction at bryant park reading room|2026-07-22,Non-Fiction at Bryant Park Reading Room,2026-07-22T7:00 pm,Reading Room (in Bryant Park),,40.754116748576,-73.983368813992,True,True,https://www.google.com/maps/search/?api=1&query=Reading+Room+%28in+Bryant+Park%29%2C+New+York%2C+NY,https://www.google.com/maps/search/?api=1&query=40.754116748576%2C-73.983368813992,pending,False,,,2183840,http://www.nycgovparks.org/events/2026/07/22/nonfiction-at-bryant-park-reading-room
788,nypl storytime under the trees|2026-07-21,NYPL Storytime Under the Trees,2026-07-21T11:00 am,East Alcove Seating Area (in Washington Square Park),,40.73097404185,-73.996320068836,True,True,https://www.google.com/maps/search/?api=1&query=East+Alcove+Seating+Area+%28in+Washington+Square+Park%29%2C+New+York%2C+NY,https://www.google.com/maps/search/?api=1&query=40.73097404185%2C-73.996320068836,pending,False,,,2189743,http://www.nycgovparks.org/events/2026/07/21/nypl-storytime-under-the-trees
789,nyrr open run astoria park|2026-07-18,NYRR Open Run: Astoria Park,2026-07-18T8:45 am,Astoria Park,,40.779102012899,-73.922377586365,True,True,https://www.google.com/maps/search/?api=1&query=Astoria+Park%2C+New+York%2C+NY,https://www.google.com/maps/search/?api=1&query=40.779102012899%2C-73.922377586365,pending,False,,,2096109,http://www.nycgovparks.org/events/2026/07/18/nyrr-open-run-astoria-park
790,nyrr open run astoria park|2026-07-25,NYRR Open Run: Astoria Park,2026-07-25T8:45 am,Astoria Park,,40.779102012899,-73.922377586365,True,True,https://www.google.com/maps/search/?api=1&query=Astoria+Park%2C+New+York%2C+NY,https://www.google.com/maps/search/?api=1&query=40.779102012899%2C-73.922377586365,pending,False,,,2096110,http://www.nycgovparks.org/events/2026/07/25/nyrr-open-run-astoria-park
791,nyrr open run baisley pond park new runner clinic|2026-07-25,NYRR Open Run: Baisley Pond Park New Runner Clinic,2026-07-25T9:00 am,Baisley Pond Park House (in Baisley Pond Park),,40.67300033569336,-73.78669738769531,True,True,https://www.google.com/maps/search/?api=1&query=Baisley+Pond+Park+House+%28in+Baisley+Pond+Park%29%2C+New+York%2C+NY,https://www.google.com/maps/search/?api=1&query=40.67300033569336%2C-73.78669738769531,pending,False,,,2096423,http://www.nycgovparks.org/events/2026/07/25/nyrr-open-run-baisley-pond-park
792,nyrr open run baisley pond park|2026-07-18,NYRR Open Run: Baisley Pond Park,2026-07-18T8:45 am,Baisley Pond Park House (in Baisley Pond Park),,40.67300033569336,-73.78669738769531,True,True,https://www.google.com/maps/search/?api=1&query=Baisley+Pond+Park+House+%28in+Baisley+Pond+Park%29%2C+New+York%2C+NY,https://www.google.com/maps/search/?api=1&query=40.67300033569336%2C-73.78669738769531,pending,False,,,2096422,http://www.nycgovparks.org/events/2026/07/18/nyrr-open-run-baisley-pond-park
793,nyrr open run brooklyn bridge park|2026-07-21,NYRR Open Run: Brooklyn Bridge Park,2026-07-21T6:45 pm,Pier 6 (in Brooklyn Bridge Park),,40.692914780123,-74.00262928009,True,True,https://www.google.com/maps/search/?api=1&query=Pier+6+%28in+Brooklyn+Bridge+Park%29%2C+New+York%2C+NY,https://www.google.com/maps/search/?api=1&query=40.692914780123%2C-74.00262928009,pending,False,,,2097048,http://www.nycgovparks.org/events/2026/07/21/nyrr-open-run-brooklyn-bridge-park
794,nyrr open run canarsie park|2026-07-18,NYRR Open Run: Canarsie Park,2026-07-18T8:45 am,Canarsie Park House (in Canarsie Park),,40.628942896777,-73.895997524261,True,True,https://www.google.com/maps/search/?api=1&query=Canarsie+Park+House+%28in+Canarsie+Park%29%2C+New+York%2C+NY,https://www.google.com/maps/search/?api=1&query=40.628942896777%2C-73.895997524261,pending,False,,,2094541,http://www.nycgovparks.org/events/2026/07/18/nyrr-open-run-canarsie-park
795,nyrr open run canarsie park|2026-07-25,NYRR Open Run: Canarsie Park,2026-07-25T8:45 am,Canarsie Park House (in Canarsie Park),,40.628942896777,-73.895997524261,True,True,https://www.google.com/maps/search/?api=1&query=Canarsie+Park+House+%28in+Canarsie+Park%29%2C+New+York%2C+NY,https://www.google.com/maps/search/?api=1&query=40.628942896777%2C-73.895997524261,pending,False,,,2094542,http://www.nycgovparks.org/events/2026/07/25/nyrr-open-run-canarsie-park
796,nyrr open run conference house park|2026-07-19,NYRR Open Run: Conference House Park,2026-07-19T8:45 am,Conference House Park,,40.502601623535,-74.251800537109,True,True,https://www.google.com/maps/search/?api=1&query=Conference+House+Park%2C+New+York%2C+NY,https://www.google.com/maps/search/?api=1&query=40.502601623535%2C-74.251800537109,pending,False,,,2095169,http://www.nycgovparks.org/events/2026/07/19/nyrr-open-run-conference-house-park
797,nyrr open run crocheron park 10 park birthday celebration|2026-07-18,NYRR Open Run: Crocheron Park 10 Park Birthday Celebration,2026-07-18T9:00 am,Entrance to John Golden Park (in John Golden Park),,40.773001879825,-73.769996166229,True,True,https://www.google.com/maps/search/?api=1&query=Entrance+to+John+Golden+Park+%28in+John+Golden+Park%29%2C+New+York%2C+NY,https://www.google.com/maps/search/?api=1&query=40.773001879825%2C-73.769996166229,pending,False,,,2096735,http://www.nycgovparks.org/events/2026/07/18/nyrr-open-run-crocheron-park
798,nyrr open run crocheron park|2026-07-25,NYRR Open Run: Crocheron Park,2026-07-25T8:45 am,Entrance to John Golden Park (in John Golden Park),,40.773001879825,-73.769996166229,True,True,https://www.google.com/maps/search/?api=1&query=Entrance+to+John+Golden+Park+%28in+John+Golden+Park%29%2C+New+York%2C+NY,https://www.google.com/maps/search/?api=1&query=40.773001879825%2C-73.769996166229,pending,False,,,2096736,http://www.nycgovparks.org/events/2026/07/25/nyrr-open-run-crocheron-park
799,nyrr open run cunningham park|2026-07-19,NYRR Open Run: Cunningham Park,2026-07-19T8:45 am,Cunningham Park Parking Lot (in Cunningham Park),,40.730899810791016,-73.77400207519531,True,True,https://www.google.com/maps/search/?api=1&query=Cunningham+Park+Parking+Lot+%28in+Cunningham+Park%29%2C+New+York%2C+NY,https://www.google.com/maps/search/?api=1&query=40.730899810791016%2C-73.77400207519531,pending,False,,,2098300,http://www.nycgovparks.org/events/2026/07/19/nyrr-open-run-cunningham-park
800,nyrr open run cunningham park|2026-07-26,NYRR Open Run: Cunningham Park,2026-07-26T8:45 am,Cunningham Park Parking Lot (in Cunningham Park),,40.730899810791016,-73.77400207519531,True,True,https://www.google.com/maps/search/?api=1&query=Cunningham+Park+Parking+Lot+%28in+Cunningham+Park%29%2C+New+York%2C+NY,https://www.google.com/maps/search/?api=1&query=40.730899810791016%2C-73.77400207519531,pending,False,,,2098301,http://www.nycgovparks.org/events/2026/07/26/nyrr-open-run-cunningham-park
801,nyrr open run flushing meadows corona park|2026-07-16,NYRR Open Run: Flushing Meadows Corona Park,2026-07-16T6:45 pm,United Nations Ave South Entrance (in Flushing Meadows Corona Park),,40.742657289192,-73.849996328354,True,True,https://www.google.com/maps/search/?api=1&query=United+Nations+Ave+South+Entrance+%28in+Flushing+Meadows+Corona+Park%29%2C+New+York%2C+NY,https://www.google.com/maps/search/?api=1&query=40.742657289192%2C-73.849996328354,pending,False,,,2097360,http://www.nycgovparks.org/events/2026/07/16/nyrr-open-run-flushing-meadows-corona-park
802,nyrr open run flushing meadows corona park|2026-07-23,NYRR Open Run: Flushing Meadows Corona Park,2026-07-23T6:45 pm,United Nations Ave South Entrance (in Flushing Meadows Corona Park),,40.742657289192,-73.849996328354,True,True,https://www.google.com/maps/search/?api=1&query=United+Nations+Ave+South+Entrance+%28in+Flushing+Meadows+Corona+Park%29%2C+New+York%2C+NY,https://www.google.com/maps/search/?api=1&query=40.742657289192%2C-73.849996328354,pending,False,,,2097361,http://www.nycgovparks.org/events/2026/07/23/nyrr-open-run-flushing-meadows-corona-park
803,nyrr open run highland park|2026-07-18,NYRR Open Run: Highland Park,2026-07-18T8:45 am,Elton Street and Jamaica Avenue (in Highland Park),,40.68360137939453,-73.88569641113281,True,True,https://www.google.com/maps/search/?api=1&query=Elton+Street+and+Jamaica+Avenue+%28in+Highland+Park%29%2C+New+York%2C+NY,https://www.google.com/maps/search/?api=1&query=40.68360137939453%2C-73.88569641113281,pending,False,,,2097674,http://www.nycgovparks.org/events/2026/07/18/nyrr-open-run-highland-park
804,nyrr open run highland park|2026-07-25,NYRR Open Run: Highland Park,2026-07-25T8:45 am,Elton Street and Jamaica Avenue (in Highland Park),,40.68360137939453,-73.88569641113281,True,True,https://www.google.com/maps/search/?api=1&query=Elton+Street+and+Jamaica+Avenue+%28in+Highland+Park%29%2C+New+York%2C+NY,https://www.google.com/maps/search/?api=1&query=40.68360137939453%2C-73.88569641113281,pending,False,,,2097675,http://www.nycgovparks.org/events/2026/07/25/nyrr-open-run-highland-park
805,nyrr open run inwood hill park new runner clinic|2026-07-25,NYRR Open Run: Inwood Hill Park New Runner Clinic,2026-07-25T8:45 am,Seaman Avenue and Isham Street Entrance (in Inwood Hill Park),,40.869998931884766,-73.92109680175781,True,True,https://www.google.com/maps/search/?api=1&query=Seaman+Avenue+and+Isham+Street+Entrance+%28in+Inwood+Hill+Park%29%2C+New+York%2C+NY,https://www.google.com/maps/search/?api=1&query=40.869998931884766%2C-73.92109680175781,pending,False,,,2095797,http://www.nycgovparks.org/events/2026/07/25/nyrr-open-run-inwood-hill-park
806,nyrr open run inwood hill park|2026-07-18,NYRR Open Run: Inwood Hill Park,2026-07-18T8:45 am,Seaman Avenue and Isham Street Entrance (in Inwood Hill Park),,40.869998931884766,-73.92109680175781,True,True,https://www.google.com/maps/search/?api=1&query=Seaman+Avenue+and+Isham+Street+Entrance+%28in+Inwood+Hill+Park%29%2C+New+York%2C+NY,https://www.google.com/maps/search/?api=1&query=40.869998931884766%2C-73.92109680175781,pending,False,,,2095796,http://www.nycgovparks.org/events/2026/07/18/nyrr-open-run-inwood-hill-park
807,nyrr open run marine park|2026-07-19,NYRR Open Run: Marine Park,2026-07-19T8:45 am,Carmine Carro Community Center (in Marine Park),,40.607943945573,-73.937465012074,True,True,https://www.google.com/maps/search/?api=1&query=Carmine+Carro+Community+Center+%28in+Marine+Park%29%2C+New+York%2C+NY,https://www.google.com/maps/search/?api=1&query=40.607943945573%2C-73.937465012074,pending,False,,,2095483,http://www.nycgovparks.org/events/2026/07/19/nyrr-open-run-marine-park
808,nyrr open run new runner clinic conference house park|2026-07-26,NYRR Open Run New Runner Clinic: Conference House Park,2026-07-26T8:45 am,Conference House Park,,40.502601623535,-74.251800537109,True,True,https://www.google.com/maps/search/?api=1&query=Conference+House+Park%2C+New+York%2C+NY,https://www.google.com/maps/search/?api=1&query=40.502601623535%2C-74.251800537109,pending,False,,,2095170,http://www.nycgovparks.org/events/2026/07/26/nyrr-open-run-conference-house-park
809,nyrr open run new runner clinic marine park|2026-07-26,NYRR Open Run New Runner Clinic: Marine Park,2026-07-26T8:45 am,Carmine Carro Community Center (in Marine Park),,40.607943945573,-73.937465012074,True,True,https://www.google.com/maps/search/?api=1&query=Carmine+Carro+Community+Center+%28in+Marine+Park%29%2C+New+York%2C+NY,https://www.google.com/maps/search/?api=1&query=40.607943945573%2C-73.937465012074,pending,False,,,2095484,http://www.nycgovparks.org/events/2026/07/26/nyrr-open-run-marine-park
810,nyrr open run new runner clinic st marys park|2026-07-25,NYRR Open Run New Runner Clinic: St. Marys Park,2026-07-25T8:45 am,St. Mary's Annual 5K Start,,40.813804626464844,-73.91180419921875,True,True,https://www.google.com/maps/search/?api=1&query=St.+Mary%27s+Annual+5K+Start%2C+New+York%2C+NY,https://www.google.com/maps/search/?api=1&query=40.813804626464844%2C-73.91180419921875,pending,False,,,2094856,http://www.nycgovparks.org/events/2026/07/25/nyrr-open-run-st-marys-park
811,nyrr open run shore road park|2026-07-18,NYRR Open Run: Shore Road Park,2026-07-18T8:45 am,Lawn Near 79th Street Entrance (in Shore Park and Parkway),,40.63140850518,-74.039070755243,True,True,https://www.google.com/maps/search/?api=1&query=Lawn+Near+79th+Street+Entrance+%28in+Shore+Park+and+Parkway%29%2C+New+York%2C+NY,https://www.google.com/maps/search/?api=1&query=40.63140850518%2C-74.039070755243,pending,False,,,2097987,http://www.nycgovparks.org/events/2026/07/18/nyrr-open-run-shore-road-park
812,nyrr open run shore road park|2026-07-25,NYRR Open Run: Shore Road Park,2026-07-25T8:45 am,Lawn Near 79th Street Entrance (in Shore Park and Parkway),,40.63140850518,-74.039070755243,True,True,https://www.google.com/maps/search/?api=1&query=Lawn+Near+79th+Street+Entrance+%28in+Shore+Park+and+Parkway%29%2C+New+York%2C+NY,https://www.google.com/maps/search/?api=1&query=40.63140850518%2C-74.039070755243,pending,False,,,2097988,http://www.nycgovparks.org/events/2026/07/25/nyrr-open-run-shore-road-park
813,nyrr open run soundview park|2026-07-18,NYRR Open Run: Soundview Park,2026-07-18T8:45 am,Entrance - Lafayette Avenue and Morrison Avenue (in Soundview Park),,40.820098876953,-73.872398376465,True,True,https://www.google.com/maps/search/?api=1&query=Entrance+-+Lafayette+Avenue+and+Morrison+Avenue+%28in+Soundview+Park%29%2C+New+York%2C+NY,https://www.google.com/maps/search/?api=1&query=40.820098876953%2C-73.872398376465,pending,False,,,2098613,http://www.nycgovparks.org/events/2026/07/18/nyrr-open-run-soundview-park
814,nyrr open run soundview park|2026-07-25,NYRR Open Run: Soundview Park,2026-07-25T8:45 am,Entrance - Lafayette Avenue and Morrison Avenue (in Soundview Park),,40.820098876953,-73.872398376465,True,True,https://www.google.com/maps/search/?api=1&query=Entrance+-+Lafayette+Avenue+and+Morrison+Avenue+%28in+Soundview+Park%29%2C+New+York%2C+NY,https://www.google.com/maps/search/?api=1&query=40.820098876953%2C-73.872398376465,pending,False,,,2098614,http://www.nycgovparks.org/events/2026/07/25/nyrr-open-run-soundview-park
815,nyrr open run st marys park|2026-07-18,NYRR Open Run: St. Marys Park,2026-07-18T8:45 am,St. Mary's Annual 5K Start,,40.813804626464844,-73.91180419921875,True,True,https://www.google.com/maps/search/?api=1&query=St.+Mary%27s+Annual+5K+Start%2C+New+York%2C+NY,https://www.google.com/maps/search/?api=1&query=40.813804626464844%2C-73.91180419921875,pending,False,,,2094855,http://www.nycgovparks.org/events/2026/07/18/nyrr-open-run-st-marys-park
816,ocean breeze bocce tournament|2026-07-16,Ocean Breeze Bocce Tournament,2026-07-16T2:00 pm,Bocce Court (in South Beach Wetlands),,40.593200683594,-74.062202453613,True,True,https://www.google.com/maps/search/?api=1&query=Bocce+Court+%28in+South+Beach+Wetlands%29%2C+New+York%2C+NY,https://www.google.com/maps/search/?api=1&query=40.593200683594%2C-74.062202453613,pending,False,,,2189554,http://www.nycgovparks.org/events/2026/07/16/ocean-breeze-bocce-tournament
817,on a limb in the garden|2026-07-23,On a Limb! In the Garden,2026-07-23T6:30 pm,61 Franklin Street Garden,,40.727572552669,-73.95740435582,True,False,https://www.google.com/maps/search/?api=1&query=61+Franklin+Street+Garden%2C+New+York%2C+NY,https://www.google.com/maps/search/?api=1&query=40.727572552669%2C-73.95740435582,pending,False,,,2211172,http://www.nycgovparks.org/events/2026/07/23/on-a-limb-in-the-garden
818,one book one bronx book club|2026-07-18,One Book One Bronx book club,2026-07-18T12:00 pm,Bronx River Community Garden,,40.841999053955,-73.876602172852,True,True,https://www.google.com/maps/search/?api=1&query=Bronx+River+Community+Garden%2C+New+York%2C+NY,https://www.google.com/maps/search/?api=1&query=40.841999053955%2C-73.876602172852,pending,False,,,2172951,http://www.nycgovparks.org/events/2026/07/18/one-book-one-bronx-book-club
819,one book one bronx book club|2026-07-25,One Book One Bronx book club,2026-07-25T12:00 pm,Bronx River Community Garden,,40.841999053955,-73.876602172852,True,True,https://www.google.com/maps/search/?api=1&query=Bronx+River+Community+Garden%2C+New+York%2C+NY,https://www.google.com/maps/search/?api=1&query=40.841999053955%2C-73.876602172852,pending,False,,,2172952,http://www.nycgovparks.org/events/2026/07/25/one-book-one-bronx-book-club
820,one love community fridge packing day|2026-07-18,One Love Community Fridge Packing Day,2026-07-18T11:00 am,Monument Plaza (in Fort Greene Park),,40.691501617432,-73.97550201416,True,True,https://www.google.com/maps/search/?api=1&query=Monument+Plaza+%28in+Fort+Greene+Park%29%2C+New+York%2C+NY,https://www.google.com/maps/search/?api=1&query=40.691501617432%2C-73.97550201416,pending,False,,,2207368,http://www.nycgovparks.org/events/2026/07/18/one-love-community-fridge-packing-day
821,ongoing outdoor museum exhibit alice s terracotta garden|2026-07-16,Ongoing Outdoor Museum Exhibit: Alice's Terracotta Garden,2026-07-16T11:00 am,H.H. Biddle House (in Conference House Park),,40.505546147538,-74.254193782807,True,True,https://www.google.com/maps/search/?api=1&query=H.H.+Biddle+House+%28in+Conference+House+Park%29%2C+New+York%2C+NY,https://www.google.com/maps/search/?api=1&query=40.505546147538%2C-74.254193782807,pending,False,,,2197613,http://www.nycgovparks.org/events/2026/07/16/ongoing-outdoor-museum-exhibit-alices-terracotta-garden
822,ongoing outdoor museum exhibit alice s terracotta garden|2026-07-17,Ongoing Outdoor Museum Exhibit: Alice's Terracotta Garden,2026-07-17T11:00 am,H.H. Biddle House (in Conference House Park),,40.505546147538,-74.254193782807,True,True,https://www.google.com/maps/search/?api=1&query=H.H.+Biddle+House+%28in+Conference+House+Park%29%2C+New+York%2C+NY,https://www.google.com/maps/search/?api=1&query=40.505546147538%2C-74.254193782807,pending,False,,,2197614,http://www.nycgovparks.org/events/2026/07/17/ongoing-outdoor-museum-exhibit-alices-terracotta-garden
823,ongoing outdoor museum exhibit alice s terracotta garden|2026-07-18,Ongoing Outdoor Museum Exhibit: Alice's Terracotta Garden,2026-07-18T11:00 am,H.H. Biddle House (in Conference House Park),,40.505546147538,-74.254193782807,True,True,https://www.google.com/maps/search/?api=1&query=H.H.+Biddle+House+%28in+Conference+House+Park%29%2C+New+York%2C+NY,https://www.google.com/maps/search/?api=1&query=40.505546147538%2C-74.254193782807,pending,False,,,2197615,http://www.nycgovparks.org/events/2026/07/18/ongoing-outdoor-museum-exhibit-alices-terracotta-garden
824,ongoing outdoor museum exhibit alice s terracotta garden|2026-07-19,Ongoing Outdoor Museum Exhibit: Alice's Terracotta Garden,2026-07-19T11:00 am,H.H. Biddle House (in Conference House Park),,40.505546147538,-74.254193782807,True,True,https://www.google.com/maps/search/?api=1&query=H.H.+Biddle+House+%28in+Conference+House+Park%29%2C+New+York%2C+NY,https://www.google.com/maps/search/?api=1&query=40.505546147538%2C-74.254193782807,pending,False,,,2197616,http://www.nycgovparks.org/events/2026/07/19/ongoing-outdoor-museum-exhibit-alices-terracotta-garden
825,ongoing outdoor museum exhibit alice s terracotta garden|2026-07-20,Ongoing Outdoor Museum Exhibit: Alice's Terracotta Garden,2026-07-20T11:00 am,H.H. Biddle House (in Conference House Park),,40.505546147538,-74.254193782807,True,True,https://www.google.com/maps/search/?api=1&query=H.H.+Biddle+House+%28in+Conference+House+Park%29%2C+New+York%2C+NY,https://www.google.com/maps/search/?api=1&query=40.505546147538%2C-74.254193782807,pending,False,,,2197617,http://www.nycgovparks.org/events/2026/07/20/ongoing-outdoor-museum-exhibit-alices-terracotta-garden
826,ongoing outdoor museum exhibit alice s terracotta garden|2026-07-21,Ongoing Outdoor Museum Exhibit: Alice's Terracotta Garden,2026-07-21T11:00 am,H.H. Biddle House (in Conference House Park),,40.505546147538,-74.254193782807,True,True,https://www.google.com/maps/search/?api=1&query=H.H.+Biddle+House+%28in+Conference+House+Park%29%2C+New+York%2C+NY,https://www.google.com/maps/search/?api=1&query=40.505546147538%2C-74.254193782807,pending,False,,,2197618,http://www.nycgovparks.org/events/2026/07/21/ongoing-outdoor-museum-exhibit-alices-terracotta-garden
827,ongoing outdoor museum exhibit alice s terracotta garden|2026-07-22,Ongoing Outdoor Museum Exhibit: Alice's Terracotta Garden,2026-07-22T11:00 am,H.H. Biddle House (in Conference House Park),,40.505546147538,-74.254193782807,True,True,https://www.google.com/maps/search/?api=1&query=H.H.+Biddle+House+%28in+Conference+House+Park%29%2C+New+York%2C+NY,https://www.google.com/maps/search/?api=1&query=40.505546147538%2C-74.254193782807,pending,False,,,2197619,http://www.nycgovparks.org/events/2026/07/22/ongoing-outdoor-museum-exhibit-alices-terracotta-garden
828,ongoing outdoor museum exhibit alice s terracotta garden|2026-07-23,Ongoing Outdoor Museum Exhibit: Alice's Terracotta Garden,2026-07-23T11:00 am,H.H. Biddle House (in Conference House Park),,40.505546147538,-74.254193782807,True,True,https://www.google.com/maps/search/?api=1&query=H.H.+Biddle+House+%28in+Conference+House+Park%29%2C+New+York%2C+NY,https://www.google.com/maps/search/?api=1&query=40.505546147538%2C-74.254193782807,pending,False,,,2197620,http://www.nycgovparks.org/events/2026/07/23/ongoing-outdoor-museum-exhibit-alices-terracotta-garden
829,ongoing outdoor museum exhibit alice s terracotta garden|2026-07-24,Ongoing Outdoor Museum Exhibit: Alice's Terracotta Garden,2026-07-24T11:00 am,H.H. Biddle House (in Conference House Park),,40.505546147538,-74.254193782807,True,True,https://www.google.com/maps/search/?api=1&query=H.H.+Biddle+House+%28in+Conference+House+Park%29%2C+New+York%2C+NY,https://www.google.com/maps/search/?api=1&query=40.505546147538%2C-74.254193782807,pending,False,,,2197621,http://www.nycgovparks.org/events/2026/07/24/ongoing-outdoor-museum-exhibit-alices-terracotta-garden
830,ongoing outdoor museum exhibit alice s terracotta garden|2026-07-25,Ongoing Outdoor Museum Exhibit: Alice's Terracotta Garden,2026-07-25T11:00 am,H.H. Biddle House (in Conference House Park),,40.505546147538,-74.254193782807,True,True,https://www.google.com/maps/search/?api=1&query=H.H.+Biddle+House+%28in+Conference+House+Park%29%2C+New+York%2C+NY,https://www.google.com/maps/search/?api=1&query=40.505546147538%2C-74.254193782807,pending,False,,,2197622,http://www.nycgovparks.org/events/2026/07/25/ongoing-outdoor-museum-exhibit-alices-terracotta-garden
831,ongoing outdoor museum exhibit alice s terracotta garden|2026-07-26,Ongoing Outdoor Museum Exhibit: Alice's Terracotta Garden,2026-07-26T11:00 am,H.H. Biddle House (in Conference House Park),,40.505546147538,-74.254193782807,True,True,https://www.google.com/maps/search/?api=1&query=H.H.+Biddle+House+%28in+Conference+House+Park%29%2C+New+York%2C+NY,https://www.google.com/maps/search/?api=1&query=40.505546147538%2C-74.254193782807,pending,False,,,2197623,http://www.nycgovparks.org/events/2026/07/26/ongoing-outdoor-museum-exhibit-alices-terracotta-garden
832,ongoing outdoor museum exhibit alice s terracotta garden|2026-07-27,Ongoing Outdoor Museum Exhibit: Alice's Terracotta Garden,2026-07-27T11:00 am,H.H. Biddle House (in Conference House Park),,40.505546147538,-74.254193782807,True,True,https://www.google.com/maps/search/?api=1&query=H.H.+Biddle+House+%28in+Conference+House+Park%29%2C+New+York%2C+NY,https://www.google.com/maps/search/?api=1&query=40.505546147538%2C-74.254193782807,pending,False,,,2197624,http://www.nycgovparks.org/events/2026/07/27/ongoing-outdoor-museum-exhibit-alices-terracotta-garden
833,othello the classical theatre of harlem s uptown shakespeare in the park|2026-07-16,Othello | The Classical Theatre of Harlem's Uptown Shakespeare in the Park,2026-07-16T8:30 pm,Richard Rodgers Amphitheater (in Marcus Garvey Park),,40.804882455163,-73.944402754307,True,True,https://www.google.com/maps/search/?api=1&query=Richard+Rodgers+Amphitheater+%28in+Marcus+Garvey+Park%29%2C+New+York%2C+NY,https://www.google.com/maps/search/?api=1&query=40.804882455163%2C-73.944402754307,pending,False,,,2199700,http://www.nycgovparks.org/events/2026/07/16/othello-the-classical-theatre-of-harlems-uptown-shakespeare-in-the-park
834,othello the classical theatre of harlem s uptown shakespeare in the park|2026-07-17,Othello | The Classical Theatre of Harlem's Uptown Shakespeare in the Park,2026-07-17T8:30 pm,Richard Rodgers Amphitheater (in Marcus Garvey Park),,40.804882455163,-73.944402754307,True,True,https://www.google.com/maps/search/?api=1&query=Richard+Rodgers+Amphitheater+%28in+Marcus+Garvey+Park%29%2C+New+York%2C+NY,https://www.google.com/maps/search/?api=1&query=40.804882455163%2C-73.944402754307,pending,False,,,2199701,http://www.nycgovparks.org/events/2026/07/17/othello-the-classical-theatre-of-harlems-uptown-shakespeare-in-the-park
835,othello the classical theatre of harlem s uptown shakespeare in the park|2026-07-18,Othello | The Classical Theatre of Harlem's Uptown Shakespeare in the Park,2026-07-18T8:30 pm,Richard Rodgers Amphitheater (in Marcus Garvey Park),,40.804882455163,-73.944402754307,True,True,https://www.google.com/maps/search/?api=1&query=Richard+Rodgers+Amphitheater+%28in+Marcus+Garvey+Park%29%2C+New+York%2C+NY,https://www.google.com/maps/search/?api=1&query=40.804882455163%2C-73.944402754307,pending,False,,,2199702,http://www.nycgovparks.org/events/2026/07/18/othello-the-classical-theatre-of-harlems-uptown-shakespeare-in-the-park
836,othello the classical theatre of harlem s uptown shakespeare in the park|2026-07-19,Othello | The Classical Theatre of Harlem's Uptown Shakespeare in the Park,2026-07-19T8:30 pm,Richard Rodgers Amphitheater (in Marcus Garvey Park),,40.804882455163,-73.944402754307,True,True,https://www.google.com/maps/search/?api=1&query=Richard+Rodgers+Amphitheater+%28in+Marcus+Garvey+Park%29%2C+New+York%2C+NY,https://www.google.com/maps/search/?api=1&query=40.804882455163%2C-73.944402754307,pending,False,,,2199703,http://www.nycgovparks.org/events/2026/07/19/othello-the-classical-theatre-of-harlems-uptown-shakespeare-in-the-park
837,p 233 tanque in the park|2026-07-20,P&#233;tanque in the Park,2026-07-20T1:00 pm,Pétanque Court (in Washington Square Park),,40.730311274589,-73.997564613819,True,False,https://www.google.com/maps/search/?api=1&query=P%C3%A9tanque+Court+%28in+Washington+Square+Park%29%2C+New+York%2C+NY,https://www.google.com/maps/search/?api=1&query=40.730311274589%2C-73.997564613819,pending,False,,,2189792,http://www.nycgovparks.org/events/2026/07/20/ptanque-in-the-park
838,p 233 tanque in the park|2026-07-22,P&#233;tanque in the Park,2026-07-22T12:00 pm,Pétanque Court (in Washington Square Park),,40.730311274589,-73.997564613819,True,False,https://www.google.com/maps/search/?api=1&query=P%C3%A9tanque+Court+%28in+Washington+Square+Park%29%2C+New+York%2C+NY,https://www.google.com/maps/search/?api=1&query=40.730311274589%2C-73.997564613819,pending,False,,,2189846,http://www.nycgovparks.org/events/2026/07/22/ptanque-in-the-park
839,p 233 tanque in the park|2026-07-27,P&#233;tanque in the Park,2026-07-27T1:00 pm,Pétanque Court (in Washington Square Park),,40.730311274589,-73.997564613819,True,False,https://www.google.com/maps/search/?api=1&query=P%C3%A9tanque+Court+%28in+Washington+Square+Park%29%2C+New+York%2C+NY,https://www.google.com/maps/search/?api=1&query=40.730311274589%2C-73.997564613819,pending,False,,,2189793,http://www.nycgovparks.org/events/2026/07/27/ptanque-in-the-park
840,paddle and pick up at starlight park|2026-07-25,Paddle and Pick Up at Starlight Park,2026-07-25T1:00 pm,Bronx River House (in Starlight Park),,40.83279785876,-73.882915616035,True,True,https://www.google.com/maps/search/?api=1&query=Bronx+River+House+%28in+Starlight+Park%29%2C+New+York%2C+NY,https://www.google.com/maps/search/?api=1&query=40.83279785876%2C-73.882915616035,pending,False,,,2180013,http://www.nycgovparks.org/events/2026/07/25/paddle-and-pick-up-at-starlight-park
841,park open studio|2026-07-16,Park Open Studio,2026-07-16T1:00 pm,Northwest Corner Seating Area (in Washington Square Park),,40.732021858331,-73.998527526855,True,True,https://www.google.com/maps/search/?api=1&query=Northwest+Corner+Seating+Area+%28in+Washington+Square+Park%29%2C+New+York%2C+NY,https://www.google.com/maps/search/?api=1&query=40.732021858331%2C-73.998527526855,pending,False,,,2189657,http://www.nycgovparks.org/events/2026/07/16/park-open-studio
842,park open studio|2026-07-17,Park Open Studio,2026-07-17T1:00 pm,Northwest Corner Seating Area (in Washington Square Park),,40.732021858331,-73.998527526855,True,True,https://www.google.com/maps/search/?api=1&query=Northwest+Corner+Seating+Area+%28in+Washington+Square+Park%29%2C+New+York%2C+NY,https://www.google.com/maps/search/?api=1&query=40.732021858331%2C-73.998527526855,pending,False,,,2189658,http://www.nycgovparks.org/events/2026/07/17/park-open-studio
843,park open studio|2026-07-18,Park Open Studio,2026-07-18T1:00 pm,Northwest Corner Seating Area (in Washington Square Park),,40.732021858331,-73.998527526855,True,True,https://www.google.com/maps/search/?api=1&query=Northwest+Corner+Seating+Area+%28in+Washington+Square+Park%29%2C+New+York%2C+NY,https://www.google.com/maps/search/?api=1&query=40.732021858331%2C-73.998527526855,pending,False,,,2189659,http://www.nycgovparks.org/events/2026/07/18/park-open-studio
844,park open studio|2026-07-23,Park Open Studio,2026-07-23T1:00 pm,Northwest Corner Seating Area (in Washington Square Park),,40.732021858331,-73.998527526855,True,True,https://www.google.com/maps/search/?api=1&query=Northwest+Corner+Seating+Area+%28in+Washington+Square+Park%29%2C+New+York%2C+NY,https://www.google.com/maps/search/?api=1&query=40.732021858331%2C-73.998527526855,pending,False,,,2189660,http://www.nycgovparks.org/events/2026/07/23/park-open-studio
845,park open studio|2026-07-24,Park Open Studio,2026-07-24T1:00 pm,Northwest Corner Seating Area (in Washington Square Park),,40.732021858331,-73.998527526855,True,True,https://www.google.com/maps/search/?api=1&query=Northwest+Corner+Seating+Area+%28in+Washington+Square+Park%29%2C+New+York%2C+NY,https://www.google.com/maps/search/?api=1&query=40.732021858331%2C-73.998527526855,pending,False,,,2189661,http://www.nycgovparks.org/events/2026/07/24/park-open-studio
846,park open studio|2026-07-25,Park Open Studio,2026-07-25T1:00 pm,Northwest Corner Seating Area (in Washington Square Park),,40.732021858331,-73.998527526855,True,True,https://www.google.com/maps/search/?api=1&query=Northwest+Corner+Seating+Area+%28in+Washington+Square+Park%29%2C+New+York%2C+NY,https://www.google.com/maps/search/?api=1&query=40.732021858331%2C-73.998527526855,pending,False,,,2189662,http://www.nycgovparks.org/events/2026/07/25/park-open-studio
847,phoenix community garden farm stand|2026-07-18,Phoenix Community Garden Farm Stand,2026-07-18T11:00 am,Phoenix Community Garden,,40.678398132324,-73.913101196289,True,True,https://www.google.com/maps/search/?api=1&query=Phoenix+Community+Garden%2C+New+York%2C+NY,https://www.google.com/maps/search/?api=1&query=40.678398132324%2C-73.913101196289,pending,False,,,2184054,http://www.nycgovparks.org/events/2026/07/18/phoenix-community-garden-farm-stand
848,phoenix community garden farm stand|2026-07-25,Phoenix Community Garden Farm Stand,2026-07-25T11:00 am,Phoenix Community Garden,,40.678398132324,-73.913101196289,True,True,https://www.google.com/maps/search/?api=1&query=Phoenix+Community+Garden%2C+New+York%2C+NY,https://www.google.com/maps/search/?api=1&query=40.678398132324%2C-73.913101196289,pending,False,,,2184055,http://www.nycgovparks.org/events/2026/07/25/phoenix-community-garden-farm-stand
849,piano in bryant park|2026-07-16,Piano in Bryant Park,2026-07-16T12:30 pm,Upper Terrace (in Bryant Park),,40.75339889526367,-73.98269653320312,True,True,https://www.google.com/maps/search/?api=1&query=Upper+Terrace+%28in+Bryant+Park%29%2C+New+York%2C+NY,https://www.google.com/maps/search/?api=1&query=40.75339889526367%2C-73.98269653320312,pending,False,,,2171177,http://www.nycgovparks.org/events/2026/07/16/piano-in-bryant-park
850,piano in bryant park|2026-07-17,Piano in Bryant Park,2026-07-17T12:30 pm,Upper Terrace (in Bryant Park),,40.75339889526367,-73.98269653320312,True,True,https://www.google.com/maps/search/?api=1&query=Upper+Terrace+%28in+Bryant+Park%29%2C+New+York%2C+NY,https://www.google.com/maps/search/?api=1&query=40.75339889526367%2C-73.98269653320312,pending,False,,,2171178,http://www.nycgovparks.org/events/2026/07/17/piano-in-bryant-park
851,piano in bryant park|2026-07-20,Piano in Bryant Park,2026-07-20T12:30 pm,Upper Terrace (in Bryant Park),,40.75339889526367,-73.98269653320312,True,True,https://www.google.com/maps/search/?api=1&query=Upper+Terrace+%28in+Bryant+Park%29%2C+New+York%2C+NY,https://www.google.com/maps/search/?api=1&query=40.75339889526367%2C-73.98269653320312,pending,False,,,2171179,http://www.nycgovparks.org/events/2026/07/20/piano-in-bryant-park
852,piano in bryant park|2026-07-21,Piano in Bryant Park,2026-07-21T12:30 pm,Upper Terrace (in Bryant Park),,40.75339889526367,-73.98269653320312,True,True,https://www.google.com/maps/search/?api=1&query=Upper+Terrace+%28in+Bryant+Park%29%2C+New+York%2C+NY,https://www.google.com/maps/search/?api=1&query=40.75339889526367%2C-73.98269653320312,pending,False,,,2171180,http://www.nycgovparks.org/events/2026/07/21/piano-in-bryant-park
853,piano in bryant park|2026-07-22,Piano in Bryant Park,2026-07-22T12:30 pm,Upper Terrace (in Bryant Park),,40.75339889526367,-73.98269653320312,True,True,https://www.google.com/maps/search/?api=1&query=Upper+Terrace+%28in+Bryant+Park%29%2C+New+York%2C+NY,https://www.google.com/maps/search/?api=1&query=40.75339889526367%2C-73.98269653320312,pending,False,,,2171181,http://www.nycgovparks.org/events/2026/07/22/piano-in-bryant-park
854,piano in bryant park|2026-07-23,Piano in Bryant Park,2026-07-23T12:30 pm,Upper Terrace (in Bryant Park),,40.75339889526367,-73.98269653320312,True,True,https://www.google.com/maps/search/?api=1&query=Upper+Terrace+%28in+Bryant+Park%29%2C+New+York%2C+NY,https://www.google.com/maps/search/?api=1&query=40.75339889526367%2C-73.98269653320312,pending,False,,,2171182,http://www.nycgovparks.org/events/2026/07/23/piano-in-bryant-park
855,piano in bryant park|2026-07-24,Piano in Bryant Park,2026-07-24T12:30 pm,Upper Terrace (in Bryant Park),,40.75339889526367,-73.98269653320312,True,True,https://www.google.com/maps/search/?api=1&query=Upper+Terrace+%28in+Bryant+Park%29%2C+New+York%2C+NY,https://www.google.com/maps/search/?api=1&query=40.75339889526367%2C-73.98269653320312,pending,False,,,2171183,http://www.nycgovparks.org/events/2026/07/24/piano-in-bryant-park
856,piano in bryant park|2026-07-27,Piano in Bryant Park,2026-07-27T12:30 pm,Upper Terrace (in Bryant Park),,40.75339889526367,-73.98269653320312,True,True,https://www.google.com/maps/search/?api=1&query=Upper+Terrace+%28in+Bryant+Park%29%2C+New+York%2C+NY,https://www.google.com/maps/search/?api=1&query=40.75339889526367%2C-73.98269653320312,pending,False,,,2171184,http://www.nycgovparks.org/events/2026/07/27/piano-in-bryant-park
857,poetry at bryant park reading room|2026-07-21,Poetry at Bryant Park Reading Room,2026-07-21T6:00 pm,Reading Room (in Bryant Park),,40.754116748576,-73.983368813992,True,True,https://www.google.com/maps/search/?api=1&query=Reading+Room+%28in+Bryant+Park%29%2C+New+York%2C+NY,https://www.google.com/maps/search/?api=1&query=40.754116748576%2C-73.983368813992,pending,False,,,2177717,http://www.nycgovparks.org/events/2026/07/21/poetry-at-bryant-park-reading-room
858,public gallery tour|2026-07-16,Public Gallery Tour,2026-07-16T2:00 pm,Wave Hill,,40.89870071411133,-73.9124984741211,True,True,https://www.google.com/maps/search/?api=1&query=Wave+Hill%2C+New+York%2C+NY,https://www.google.com/maps/search/?api=1&query=40.89870071411133%2C-73.9124984741211,pending,False,,,2168796,http://www.nycgovparks.org/events/2026/07/16/public-gallery-tour
859,public gallery tour|2026-07-18,Public Gallery Tour,2026-07-18T2:00 pm,Wave Hill,,40.89870071411133,-73.9124984741211,True,True,https://www.google.com/maps/search/?api=1&query=Wave+Hill%2C+New+York%2C+NY,https://www.google.com/maps/search/?api=1&query=40.89870071411133%2C-73.9124984741211,pending,False,,,2168797,http://www.nycgovparks.org/events/2026/07/18/public-gallery-tour
860,public gallery tour|2026-07-23,Public Gallery Tour,2026-07-23T2:00 pm,Wave Hill,,40.89870071411133,-73.9124984741211,True,True,https://www.google.com/maps/search/?api=1&query=Wave+Hill%2C+New+York%2C+NY,https://www.google.com/maps/search/?api=1&query=40.89870071411133%2C-73.9124984741211,pending,False,,,2168798,http://www.nycgovparks.org/events/2026/07/23/public-gallery-tour
861,public gallery tour|2026-07-25,Public Gallery Tour,2026-07-25T2:00 pm,Wave Hill,,40.89870071411133,-73.9124984741211,True,True,https://www.google.com/maps/search/?api=1&query=Wave+Hill%2C+New+York%2C+NY,https://www.google.com/maps/search/?api=1&query=40.89870071411133%2C-73.9124984741211,pending,False,,,2168799,http://www.nycgovparks.org/events/2026/07/25/public-gallery-tour
862,puppet mobile featuring pinocchio|2026-07-27,Puppet Mobile featuring Pinocchio,2026-07-27T11:00 am,Peformance Space (in Roy Wilkins Recreation Center),,40.686949144196,-73.771031498909,True,True,https://www.google.com/maps/search/?api=1&query=Peformance+Space+%28in+Roy+Wilkins+Recreation+Center%29%2C+New+York%2C+NY,https://www.google.com/maps/search/?api=1&query=40.686949144196%2C-73.771031498909,pending,False,,,2160766,http://www.nycgovparks.org/events/2026/07/27/puppet-mobile-featuring-pinocchio
863,queens jazz trail concert arturo o farrill|2026-07-23,Queens Jazz Trail Concert: Arturo O'Farrill,2026-07-23T7:00 pm,"George Seuffert, Sr. Bandshell (in Forest Park)",,40.698490906468,-73.858116269112,True,True,https://www.google.com/maps/search/?api=1&query=George+Seuffert%2C+Sr.+Bandshell+%28in+Forest+Park%29%2C+New+York%2C+NY,https://www.google.com/maps/search/?api=1&query=40.698490906468%2C-73.858116269112,pending,False,,,2174945,http://www.nycgovparks.org/events/2026/07/23/queens-jazz-trail-concert-arturo-ofarrill
864,queens jazz trail concert vincent herring steve turre coltrane 100|2026-07-16,Queens Jazz Trail Concert: Vincent Herring & Steve Turre: Coltrane @ 100,2026-07-16T7:00 pm,Baisley Pond Park,,40.67789840698242,-73.78569793701172,True,True,https://www.google.com/maps/search/?api=1&query=Baisley+Pond+Park%2C+New+York%2C+NY,https://www.google.com/maps/search/?api=1&query=40.67789840698242%2C-73.78569793701172,pending,False,,,2174944,http://www.nycgovparks.org/events/2026/07/16/queens-jazz-trail-concert-vincent-herring-steve-turre-coltr
865,queens recreation summer sports experience|2026-07-16,Queens Recreation Summer Sports Experience,2026-07-16T10:00 am,Play Area,,40.733221147755,-73.860514636909,True,True,https://www.google.com/maps/search/?api=1&query=Play+Area%2C+New+York%2C+NY,https://www.google.com/maps/search/?api=1&query=40.733221147755%2C-73.860514636909,pending,False,,,2208615,http://www.nycgovparks.org/events/2026/07/16/queens-recreation-summer-sports-experience
866,queens recreation summer sports experience|2026-07-17,Queens Recreation Summer Sports Experience,2026-07-17T10:00 am,Play Area,,40.733221147755,-73.860514636909,True,True,https://www.google.com/maps/search/?api=1&query=Play+Area%2C+New+York%2C+NY,https://www.google.com/maps/search/?api=1&query=40.733221147755%2C-73.860514636909,pending,False,,,2208633,http://www.nycgovparks.org/events/2026/07/17/queens-recreation-summer-sports-experience
867,queens recreation summer sports experience|2026-07-21,Queens Recreation Summer Sports Experience,2026-07-21T10:00 am,Play Area,,40.733221147755,-73.860514636909,True,True,https://www.google.com/maps/search/?api=1&query=Play+Area%2C+New+York%2C+NY,https://www.google.com/maps/search/?api=1&query=40.733221147755%2C-73.860514636909,pending,False,,,2208634,http://www.nycgovparks.org/events/2026/07/21/queens-recreation-summer-sports-experience
868,queens recreation summer sports experience|2026-07-22,Queens Recreation Summer Sports Experience,2026-07-22T10:00 am,Play Area,,40.733221147755,-73.860514636909,True,True,https://www.google.com/maps/search/?api=1&query=Play+Area%2C+New+York%2C+NY,https://www.google.com/maps/search/?api=1&query=40.733221147755%2C-73.860514636909,pending,False,,,2208619,http://www.nycgovparks.org/events/2026/07/22/queens-recreation-summer-sports-experience
869,queens recreation summer sports experience|2026-07-23,Queens Recreation Summer Sports Experience,2026-07-23T10:00 am,Play Area,,40.733221147755,-73.860514636909,True,True,https://www.google.com/maps/search/?api=1&query=Play+Area%2C+New+York%2C+NY,https://www.google.com/maps/search/?api=1&query=40.733221147755%2C-73.860514636909,pending,False,,,2208623,http://www.nycgovparks.org/events/2026/07/23/queens-recreation-summer-sports-experience
870,queens recreation summer sports experience|2026-07-24,Queens Recreation Summer Sports Experience,2026-07-24T10:00 am,Play Area,,40.733221147755,-73.860514636909,True,True,https://www.google.com/maps/search/?api=1&query=Play+Area%2C+New+York%2C+NY,https://www.google.com/maps/search/?api=1&query=40.733221147755%2C-73.860514636909,pending,False,,,2208625,http://www.nycgovparks.org/events/2026/07/24/queens-recreation-summer-sports-experience
871,queens recreation summer sports experience|2026-07-25,Queens Recreation: Summer Sports Experience,2026-07-25T10:00 am,Play Area,,40.733221147755,-73.860514636909,True,True,https://www.google.com/maps/search/?api=1&query=Play+Area%2C+New+York%2C+NY,https://www.google.com/maps/search/?api=1&query=40.733221147755%2C-73.860514636909,pending,False,,,2208617,http://www.nycgovparks.org/events/2026/07/25/queens-recreation-summer-sports-experience
872,ranger tot time|2026-07-22,Ranger Tot Time,2026-07-22T11:00 am,West 218th Street and Indian Road (in Inwood Hill Park),,40.873013267738,-73.918452858924,True,True,https://www.google.com/maps/search/?api=1&query=West+218th+Street+and+Indian+Road+%28in+Inwood+Hill+Park%29%2C+New+York%2C+NY,https://www.google.com/maps/search/?api=1&query=40.873013267738%2C-73.918452858924,pending,False,,,2184371,http://www.nycgovparks.org/events/2026/07/22/ranger-tot-time
873,reel talks at bryant park conversation on eric rohmer|2026-07-27,Reel Talks at Bryant Park: Conversation on Eric Rohmer,2026-07-27T12:30 pm,Reading Room (in Bryant Park),,40.754116748576,-73.983368813992,True,True,https://www.google.com/maps/search/?api=1&query=Reading+Room+%28in+Bryant+Park%29%2C+New+York%2C+NY,https://www.google.com/maps/search/?api=1&query=40.754116748576%2C-73.983368813992,pending,False,,,2176594,http://www.nycgovparks.org/events/2026/07/27/reel-talks-at-bryant-park-conversation-on-eric-rohmer
874,reel talks at bryant park the worlds of hayao miyazaki|2026-07-20,Reel Talks at Bryant Park: The Worlds of Hayao Miyazaki,2026-07-20T12:30 pm,Reading Room (in Bryant Park),,40.754116748576,-73.983368813992,True,True,https://www.google.com/maps/search/?api=1&query=Reading+Room+%28in+Bryant+Park%29%2C+New+York%2C+NY,https://www.google.com/maps/search/?api=1&query=40.754116748576%2C-73.983368813992,pending,False,,,2176213,http://www.nycgovparks.org/events/2026/07/20/reel-talks-at-bryant-park-the-worlds-of-hayao-miyazaki
875,retro dance fitness|2026-07-20,RETRO Dance Fitness,2026-07-20T6:30 pm,Rock Climbing Wall Room (in Gertrude Ederle Recreation Center),,40.77149963,-73.9885025,True,True,https://www.google.com/maps/search/?api=1&query=Rock+Climbing+Wall+Room+%28in+Gertrude+Ederle+Recreation+Center%29%2C+New+York%2C+NY,https://www.google.com/maps/search/?api=1&query=40.77149963%2C-73.9885025,pending,False,,,2183937,http://www.nycgovparks.org/events/2026/07/20/retro-dance-fitness
876,retro dance fitness|2026-07-27,RETRO Dance Fitness,2026-07-27T6:30 pm,Rock Climbing Wall Room (in Gertrude Ederle Recreation Center),,40.77149963,-73.9885025,True,True,https://www.google.com/maps/search/?api=1&query=Rock+Climbing+Wall+Room+%28in+Gertrude+Ederle+Recreation+Center%29%2C+New+York%2C+NY,https://www.google.com/maps/search/?api=1&query=40.77149963%2C-73.9885025,pending,False,,,2183952,http://www.nycgovparks.org/events/2026/07/27/retro-dance-fitness
877,rise restore circuit training|2026-07-18,Rise&Restore Circuit Training,2026-07-18T10:00 am,Dance Room (in Highbridge Park),,40.84260178,-73.93430328,True,True,https://www.google.com/maps/search/?api=1&query=Dance+Room+%28in+Highbridge+Park%29%2C+New+York%2C+NY,https://www.google.com/maps/search/?api=1&query=40.84260178%2C-73.93430328,pending,False,,,2188383,http://www.nycgovparks.org/events/2026/07/18/riserestore-circuit-training
878,rise restore circuit training|2026-07-25,Rise&Restore Circuit Training,2026-07-25T10:00 am,Dance Room (in Highbridge Park),,40.84260178,-73.93430328,True,True,https://www.google.com/maps/search/?api=1&query=Dance+Room+%28in+Highbridge+Park%29%2C+New+York%2C+NY,https://www.google.com/maps/search/?api=1&query=40.84260178%2C-73.93430328,pending,False,,,2188150,http://www.nycgovparks.org/events/2026/07/25/riserestore-circuit-training
879,rise up circuit training|2026-07-17,RISE UP Circuit Training,2026-07-17T6:00 pm,NYC Department of Health and Mental Hygiene- East Harlem Neighborhood Health Action Center,,40.797615,-73.9419066,True,True,https://www.google.com/maps/search/?api=1&query=NYC+Department+of+Health+and+Mental+Hygiene-+East+Harlem+Neighborhood+Health+Action+Center%2C+New+York%2C+NY,https://www.google.com/maps/search/?api=1&query=40.797615%2C-73.9419066,pending,False,,,2114024,http://www.nycgovparks.org/events/2026/07/17/rise-up-circuit-training
880,rise up circuit training|2026-07-24,RISE UP Circuit Training,2026-07-24T6:00 pm,NYC Department of Health and Mental Hygiene- East Harlem Neighborhood Health Action Center,,40.797615,-73.9419066,True,True,https://www.google.com/maps/search/?api=1&query=NYC+Department+of+Health+and+Mental+Hygiene-+East+Harlem+Neighborhood+Health+Action+Center%2C+New+York%2C+NY,https://www.google.com/maps/search/?api=1&query=40.797615%2C-73.9419066,pending,False,,,2117744,http://www.nycgovparks.org/events/2026/07/24/rise-up-circuit-training
881,riverside field house bodyweight blast|2026-07-21,Riverside Field House: Bodyweight Blast,2026-07-21T8:00 am,102nd Street Field House (in Riverside Park),,40.800691692826,-73.973306179047,True,True,https://www.google.com/maps/search/?api=1&query=102nd+Street+Field+House+%28in+Riverside+Park%29%2C+New+York%2C+NY,https://www.google.com/maps/search/?api=1&query=40.800691692826%2C-73.973306179047,pending,False,,,2169551,http://www.nycgovparks.org/events/2026/07/21/riverside-field-house-bodyweight-blast
882,rta summer sunset concert series featuring richard baratta|2026-07-25,RTA Summer Sunset Concert Series featuring Richard Baratta,2026-07-25T7:00 pm,96th Street Tennis Courts (in Riverside Park),,40.79629898071289,-73.97750091552734,True,True,https://www.google.com/maps/search/?api=1&query=96th+Street+Tennis+Courts+%28in+Riverside+Park%29%2C+New+York%2C+NY,https://www.google.com/maps/search/?api=1&query=40.79629898071289%2C-73.97750091552734,pending,False,,,2146756,http://www.nycgovparks.org/events/2026/07/25/rta-summer-sunset-concert-series
883,rta summer sunset concert series featuring the slim kings|2026-07-18,RTA Summer Sunset Concert Series featuring The Slim Kings,2026-07-18T7:00 pm,96th Street Tennis Courts (in Riverside Park),,40.79629898071289,-73.97750091552734,True,True,https://www.google.com/maps/search/?api=1&query=96th+Street+Tennis+Courts+%28in+Riverside+Park%29%2C+New+York%2C+NY,https://www.google.com/maps/search/?api=1&query=40.79629898071289%2C-73.97750091552734,pending,False,,,2146755,http://www.nycgovparks.org/events/2026/07/18/rta-summer-sunset-concert-series
884,running group|2026-07-17,Running Group,2026-07-17T10:00 am,Broadway and 251st Street (in Van Cortlandt Park),,40.8958854675293,-73.8964614868164,True,True,https://www.google.com/maps/search/?api=1&query=Broadway+and+251st+Street+%28in+Van+Cortlandt+Park%29%2C+New+York%2C+NY,https://www.google.com/maps/search/?api=1&query=40.8958854675293%2C-73.8964614868164,pending,False,,,2198852,http://www.nycgovparks.org/events/2026/07/17/running-group
885,running group|2026-07-24,Running Group,2026-07-24T10:00 am,Broadway and 251st Street (in Van Cortlandt Park),,40.8958854675293,-73.8964614868164,True,True,https://www.google.com/maps/search/?api=1&query=Broadway+and+251st+Street+%28in+Van+Cortlandt+Park%29%2C+New+York%2C+NY,https://www.google.com/maps/search/?api=1&query=40.8958854675293%2C-73.8964614868164,pending,False,,,2198757,http://www.nycgovparks.org/events/2026/07/24/running-group
886,salsa social|2026-07-22,Salsa Social,2026-07-22T6:00 pm,Garibaldi Plaza (in Washington Square Park),,40.730499267578125,-73.99700164794922,True,True,https://www.google.com/maps/search/?api=1&query=Garibaldi+Plaza+%28in+Washington+Square+Park%29%2C+New+York%2C+NY,https://www.google.com/maps/search/?api=1&query=40.730499267578125%2C-73.99700164794922,pending,False,,,2189899,http://www.nycgovparks.org/events/2026/07/22/salsa-social
887,salt marsh saturday city of water day seining in the harlem river|2026-07-25,Salt Marsh Saturday: City of Water Day Seining in the Harlem River,2026-07-25T11:00 am,Water's Edge Garden (in Randall's Island Park),,40.788969011905,-73.932686686516,True,True,https://www.google.com/maps/search/?api=1&query=Water%27s+Edge+Garden+%28in+Randall%27s+Island+Park%29%2C+New+York%2C+NY,https://www.google.com/maps/search/?api=1&query=40.788969011905%2C-73.932686686516,pending,False,,,2124970,http://www.nycgovparks.org/events/2026/07/25/salt-marsh-saturday
888,senior cardio sculpt|2026-07-20,Senior Cardio Sculpt,2026-07-20T10:30 am,Sunnyside Community Services,,40.7451662,-73.9256081,True,True,https://www.google.com/maps/search/?api=1&query=Sunnyside+Community+Services%2C+New+York%2C+NY,https://www.google.com/maps/search/?api=1&query=40.7451662%2C-73.9256081,pending,False,,,2204182,http://www.nycgovparks.org/events/2026/07/20/senior-cardio-sculpt
889,senior cardio sculpt|2026-07-21,Senior Cardio Sculpt,2026-07-21T9:00 am,Sunnyside Community Services,,40.7451662,-73.9256081,True,True,https://www.google.com/maps/search/?api=1&query=Sunnyside+Community+Services%2C+New+York%2C+NY,https://www.google.com/maps/search/?api=1&query=40.7451662%2C-73.9256081,pending,False,,,2129423,http://www.nycgovparks.org/events/2026/07/21/senior-cardio-sculpt
890,senior cardio sculpt|2026-07-22,Senior Cardio Sculpt,2026-07-22T10:30 am,Sunnyside Community Services,,40.7451662,-73.9256081,True,True,https://www.google.com/maps/search/?api=1&query=Sunnyside+Community+Services%2C+New+York%2C+NY,https://www.google.com/maps/search/?api=1&query=40.7451662%2C-73.9256081,pending,False,,,2204194,http://www.nycgovparks.org/events/2026/07/22/senior-cardio-sculpt
891,senior cardio sculpt|2026-07-27,Senior Cardio Sculpt,2026-07-27T10:30 am,Sunnyside Community Services,,40.7451662,-73.9256081,True,True,https://www.google.com/maps/search/?api=1&query=Sunnyside+Community+Services%2C+New+York%2C+NY,https://www.google.com/maps/search/?api=1&query=40.7451662%2C-73.9256081,pending,False,,,2204188,http://www.nycgovparks.org/events/2026/07/27/senior-cardio-sculpt
892,session 1 astoria pool children s learn to swim level 1 class a|2026-07-17,Session 1: Astoria Pool - Children's Learn to Swim Level 1 (Class A),2026-07-17T9:00 am,Astoria Pool (in Astoria Park),,40.778793896396,-73.922681749985,True,True,https://www.google.com/maps/search/?api=1&query=Astoria+Pool+%28in+Astoria+Park%29%2C+New+York%2C+NY,https://www.google.com/maps/search/?api=1&query=40.778793896396%2C-73.922681749985,pending,False,,,2211530,http://www.nycgovparks.org/events/2026/07/17/session-1-astoria-pool-childrens-learn-to-swim-level-1-class-a
893,session 1 astoria pool children s learn to swim level 1 class a|2026-07-20,Session 1: Astoria Pool - Children's Learn to Swim Level 1 (Class A),2026-07-20T9:00 am,Astoria Pool (in Astoria Park),,40.778793896396,-73.922681749985,True,True,https://www.google.com/maps/search/?api=1&query=Astoria+Pool+%28in+Astoria+Park%29%2C+New+York%2C+NY,https://www.google.com/maps/search/?api=1&query=40.778793896396%2C-73.922681749985,pending,False,,,2211521,http://www.nycgovparks.org/events/2026/07/20/session-1-astoria-pool-childrens-learn-to-swim-level-1-class-a
894,session 1 astoria pool children s learn to swim level 1 class b|2026-07-17,Session 1: Astoria Pool - Children's Learn to Swim Level 1 (Class B),2026-07-17T1:00 pm,Astoria Pool (in Astoria Park),,40.778793896396,-73.922681749985,True,True,https://www.google.com/maps/search/?api=1&query=Astoria+Pool+%28in+Astoria+Park%29%2C+New+York%2C+NY,https://www.google.com/maps/search/?api=1&query=40.778793896396%2C-73.922681749985,pending,False,,,2185522,http://www.nycgovparks.org/events/2026/07/17/session-1-astoria-pool-childrens-learn-to-swim-level-1-class-b
895,session 1 astoria pool children s learn to swim level 1 class b|2026-07-20,Session 1: Astoria Pool - Children's Learn to Swim Level 1 (Class B),2026-07-20T1:00 pm,Astoria Pool (in Astoria Park),,40.778793896396,-73.922681749985,True,True,https://www.google.com/maps/search/?api=1&query=Astoria+Pool+%28in+Astoria+Park%29%2C+New+York%2C+NY,https://www.google.com/maps/search/?api=1&query=40.778793896396%2C-73.922681749985,pending,False,,,2185677,http://www.nycgovparks.org/events/2026/07/20/session-1-astoria-pool-childrens-learn-to-swim-level-1-class-b
896,session 1 astoria pool children s learn to swim level 2 class a|2026-07-16,Session 1: Astoria Pool - Children's Learn to Swim Level 2 (Class A),2026-07-16T10:00 am,Astoria Pool (in Astoria Park),,40.778793896396,-73.922681749985,True,True,https://www.google.com/maps/search/?api=1&query=Astoria+Pool+%28in+Astoria+Park%29%2C+New+York%2C+NY,https://www.google.com/maps/search/?api=1&query=40.778793896396%2C-73.922681749985,pending,False,,,2185760,http://www.nycgovparks.org/events/2026/07/16/session-1-astoria-pool-childrens-learn-to-swim-level-2-class-a
897,session 1 astoria pool children s learn to swim level 2 class a|2026-07-21,Session 1: Astoria Pool - Children's Learn to Swim Level 2 (Class A),2026-07-21T10:00 am,Astoria Pool (in Astoria Park),,40.778793896396,-73.922681749985,True,True,https://www.google.com/maps/search/?api=1&query=Astoria+Pool+%28in+Astoria+Park%29%2C+New+York%2C+NY,https://www.google.com/maps/search/?api=1&query=40.778793896396%2C-73.922681749985,pending,False,,,2185687,http://www.nycgovparks.org/events/2026/07/21/session-1-astoria-pool-childrens-learn-to-swim-level-2-class-a
898,session 1 astoria pool children s learn to swim level 2 class b|2026-07-16,Session 1: Astoria Pool - Children's Learn to Swim Level 2 (Class B),2026-07-16T11:00 am,Astoria Pool (in Astoria Park),,40.778793896396,-73.922681749985,True,True,https://www.google.com/maps/search/?api=1&query=Astoria+Pool+%28in+Astoria+Park%29%2C+New+York%2C+NY,https://www.google.com/maps/search/?api=1&query=40.778793896396%2C-73.922681749985,pending,False,,,2204625,http://www.nycgovparks.org/events/2026/07/16/session-1-astoria-pool-childrens-learn-to-swim-level-2-class-b
899,session 1 astoria pool children s learn to swim level 2 class b|2026-07-20,Session 1: Astoria Pool - Children's Learn to Swim Level 2 (Class B),2026-07-20T11:00 am,Astoria Pool (in Astoria Park),,40.778793896396,-73.922681749985,True,True,https://www.google.com/maps/search/?api=1&query=Astoria+Pool+%28in+Astoria+Park%29%2C+New+York%2C+NY,https://www.google.com/maps/search/?api=1&query=40.778793896396%2C-73.922681749985,pending,False,,,2204638,http://www.nycgovparks.org/events/2026/07/20/session-1-astoria-pool-childrens-learn-to-swim-level-2-class-b
900,session 1 astoria pool children s learn to swim level 2 class c|2026-07-16,Session 1: Astoria Pool - Children's Learn to Swim Level 2 (Class C),2026-07-16T12:00 pm,Astoria Pool (in Astoria Park),,40.778793896396,-73.922681749985,True,True,https://www.google.com/maps/search/?api=1&query=Astoria+Pool+%28in+Astoria+Park%29%2C+New+York%2C+NY,https://www.google.com/maps/search/?api=1&query=40.778793896396%2C-73.922681749985,pending,False,,,2186003,http://www.nycgovparks.org/events/2026/07/16/session-1-astoria-pool-childrens-learn-to-swim-level-2-class-c
901,session 1 astoria pool children s learn to swim level 2 class c|2026-07-20,Session 1: Astoria Pool - Children's Learn to Swim Level 2 (Class C),2026-07-20T12:00 pm,Astoria Pool (in Astoria Park),,40.778793896396,-73.922681749985,True,True,https://www.google.com/maps/search/?api=1&query=Astoria+Pool+%28in+Astoria+Park%29%2C+New+York%2C+NY,https://www.google.com/maps/search/?api=1&query=40.778793896396%2C-73.922681749985,pending,False,,,2185400,http://www.nycgovparks.org/events/2026/07/20/session-1-astoria-pool-childrens-learn-to-swim-level-2-class-c
902,session 1 astoria pool parent and tots learn to swim class a|2026-07-17,Session 1: Astoria Pool - Parent and Tots Learn to Swim (Class A),2026-07-17T11:00 am,Astoria Pool (in Astoria Park),,40.778793896396,-73.922681749985,True,True,https://www.google.com/maps/search/?api=1&query=Astoria+Pool+%28in+Astoria+Park%29%2C+New+York%2C+NY,https://www.google.com/maps/search/?api=1&query=40.778793896396%2C-73.922681749985,pending,False,,,2186214,http://www.nycgovparks.org/events/2026/07/17/session-1-astoria-pool-parent-and-tots-learn-to-swim-class-a
903,session 1 astoria pool parent and tots learn to swim class b|2026-07-17,Session 1: Astoria Pool - Parent and Tots Learn to Swim (Class B),2026-07-17T12:00 pm,Astoria Pool (in Astoria Park),,40.778793896396,-73.922681749985,True,True,https://www.google.com/maps/search/?api=1&query=Astoria+Pool+%28in+Astoria+Park%29%2C+New+York%2C+NY,https://www.google.com/maps/search/?api=1&query=40.778793896396%2C-73.922681749985,pending,False,,,2185632,http://www.nycgovparks.org/events/2026/07/17/session-1-astoria-pool-parent-and-tots-learn-to-swim-class-b
904,session 1 astoria pool parent and tots learn to swim class c|2026-07-16,Session 1: Astoria Pool - Parent and Tots Learn to Swim (Class C),2026-07-16T1:00 pm,Astoria Pool (in Astoria Park),,40.778793896396,-73.922681749985,True,True,https://www.google.com/maps/search/?api=1&query=Astoria+Pool+%28in+Astoria+Park%29%2C+New+York%2C+NY,https://www.google.com/maps/search/?api=1&query=40.778793896396%2C-73.922681749985,pending,False,,,2187539,http://www.nycgovparks.org/events/2026/07/16/session-1-astoria-pool-parent-and-tots-learn-to-swim-class-c
905,session 1 astoria pool parent and tots learn to swim class c|2026-07-21,Session 1: Astoria Pool - Parent and Tots Learn to Swim (Class C),2026-07-21T1:00 pm,Astoria Pool (in Astoria Park),,40.778793896396,-73.922681749985,True,True,https://www.google.com/maps/search/?api=1&query=Astoria+Pool+%28in+Astoria+Park%29%2C+New+York%2C+NY,https://www.google.com/maps/search/?api=1&query=40.778793896396%2C-73.922681749985,pending,False,,,2186998,http://www.nycgovparks.org/events/2026/07/21/session-1-astoria-pool-parent-and-tots-learn-to-swim-class-c
906,session 1 crotona pool children s learn to swim level 1 class a|2026-07-17,Session 1: Crotona Pool - Children's Learn to Swim Level 1 (Class A),2026-07-17T10:00 am,Main Pool (in Crotona Park),,40.840685,-73.89828,True,True,https://www.google.com/maps/search/?api=1&query=Main+Pool+%28in+Crotona+Park%29%2C+New+York%2C+NY,https://www.google.com/maps/search/?api=1&query=40.840685%2C-73.89828,pending,False,,,2185480,http://www.nycgovparks.org/events/2026/07/17/session-1-crotona-pool-childrens-learn-to-swim-level-1-class-a
907,session 1 crotona pool children s learn to swim level 1 class a|2026-07-20,Session 1: Crotona Pool - Children's Learn to Swim Level 1 (Class A),2026-07-20T10:00 am,Main Pool (in Crotona Park),,40.840685,-73.89828,True,True,https://www.google.com/maps/search/?api=1&query=Main+Pool+%28in+Crotona+Park%29%2C+New+York%2C+NY,https://www.google.com/maps/search/?api=1&query=40.840685%2C-73.89828,pending,False,,,2186216,http://www.nycgovparks.org/events/2026/07/20/session-1-crotona-pool-childrens-learn-to-swim-level-1-class-a
908,session 1 crotona pool children s learn to swim level 1 class c|2026-07-17,Session 1: Crotona Pool - Children's Learn to Swim Level 1 (Class C),2026-07-17T2:00 pm,Main Pool (in Crotona Park),,40.840685,-73.89828,True,True,https://www.google.com/maps/search/?api=1&query=Main+Pool+%28in+Crotona+Park%29%2C+New+York%2C+NY,https://www.google.com/maps/search/?api=1&query=40.840685%2C-73.89828,pending,False,,,2185533,http://www.nycgovparks.org/events/2026/07/17/session-1-crotona-pool-childrens-learn-to-swim-level-1-class-c
909,session 1 crotona pool children s learn to swim level 1 class c|2026-07-20,Session 1: Crotona Pool - Children's Learn to Swim Level 1 (Class C),2026-07-20T2:00 pm,Main Pool (in Crotona Park),,40.840685,-73.89828,True,True,https://www.google.com/maps/search/?api=1&query=Main+Pool+%28in+Crotona+Park%29%2C+New+York%2C+NY,https://www.google.com/maps/search/?api=1&query=40.840685%2C-73.89828,pending,False,,,2186558,http://www.nycgovparks.org/events/2026/07/20/session-1-crotona-pool-childrens-learn-to-swim-level-1-class-c
910,session 1 crotona pool children s learn to swim level 2 class b|2026-07-16,Session 1: Crotona Pool - Children's Learn to Swim Level 2 (Class B),2026-07-16T12:00 pm,Main Pool (in Crotona Park),,40.840685,-73.89828,True,True,https://www.google.com/maps/search/?api=1&query=Main+Pool+%28in+Crotona+Park%29%2C+New+York%2C+NY,https://www.google.com/maps/search/?api=1&query=40.840685%2C-73.89828,pending,False,,,2207171,http://www.nycgovparks.org/events/2026/07/16/session-1-crotona-pool-childrens-learn-to-swim-level-2-class-b
911,session 1 crotona pool children s learn to swim level 2 class b|2026-07-21,Session 1: Crotona Pool - Children's Learn to Swim Level 2 (Class B),2026-07-21T12:00 pm,Main Pool (in Crotona Park),,40.840685,-73.89828,True,True,https://www.google.com/maps/search/?api=1&query=Main+Pool+%28in+Crotona+Park%29%2C+New+York%2C+NY,https://www.google.com/maps/search/?api=1&query=40.840685%2C-73.89828,pending,False,,,2207094,http://www.nycgovparks.org/events/2026/07/21/session-1-crotona-pool-childrens-learn-to-swim-level-2-class-b
912,session 1 crotona pool children s learn to swim level 2 class c|2026-07-17,Session 1: Crotona Pool - Children's Learn to Swim Level 2 (Class C),2026-07-17T12:00 pm,Main Pool (in Crotona Park),,40.840685,-73.89828,True,True,https://www.google.com/maps/search/?api=1&query=Main+Pool+%28in+Crotona+Park%29%2C+New+York%2C+NY,https://www.google.com/maps/search/?api=1&query=40.840685%2C-73.89828,pending,False,,,2185882,http://www.nycgovparks.org/events/2026/07/17/session-1-crotona-pool-childrens-learn-to-swim-level-2-class-c
913,session 1 crotona pool children s learn to swim level 2 class c|2026-07-20,Session 1: Crotona Pool - Children's Learn to Swim Level 2 (Class C),2026-07-20T12:00 pm,Main Pool (in Crotona Park),,40.840685,-73.89828,True,True,https://www.google.com/maps/search/?api=1&query=Main+Pool+%28in+Crotona+Park%29%2C+New+York%2C+NY,https://www.google.com/maps/search/?api=1&query=40.840685%2C-73.89828,pending,False,,,2186516,http://www.nycgovparks.org/events/2026/07/20/session-1-crotona-pool-childrens-learn-to-swim-level-2-class-c
914,session 1 crotona pool children s learn to swim level 2 class d|2026-07-16,Session 1: Crotona Pool - Children's Learn to Swim Level 2 (Class D),2026-07-16T1:00 pm,Main Pool (in Crotona Park),,40.840685,-73.89828,True,True,https://www.google.com/maps/search/?api=1&query=Main+Pool+%28in+Crotona+Park%29%2C+New+York%2C+NY,https://www.google.com/maps/search/?api=1&query=40.840685%2C-73.89828,pending,False,,,2186605,http://www.nycgovparks.org/events/2026/07/16/session-1-crotona-pool-childrens-learn-to-swim-level-2-class-d
915,session 1 crotona pool children s learn to swim level 2 class d|2026-07-21,Session 1: Crotona Pool - Children's Learn to Swim Level 2 (Class D),2026-07-21T1:00 pm,Main Pool (in Crotona Park),,40.840685,-73.89828,True,True,https://www.google.com/maps/search/?api=1&query=Main+Pool+%28in+Crotona+Park%29%2C+New+York%2C+NY,https://www.google.com/maps/search/?api=1&query=40.840685%2C-73.89828,pending,False,,,2185277,http://www.nycgovparks.org/events/2026/07/21/session-1-crotona-pool-childrens-learn-to-swim-level-2-class-d
916,session 1 crotona pool parent and tots learn to swim class b|2026-07-17,Session 1: Crotona Pool - Parent and Tots Learn to Swim (Class B),2026-07-17T11:00 am,Main Pool (in Crotona Park),,40.840685,-73.89828,True,True,https://www.google.com/maps/search/?api=1&query=Main+Pool+%28in+Crotona+Park%29%2C+New+York%2C+NY,https://www.google.com/maps/search/?api=1&query=40.840685%2C-73.89828,pending,False,,,2185566,http://www.nycgovparks.org/events/2026/07/17/session-1-crotona-pool-parent-and-tots-learn-to-swim-class-b
917,session 1 crotona pool parent and tots learn to swim class b|2026-07-20,Session 1: Crotona Pool - Parent and Tots Learn to Swim (Class B),2026-07-20T11:00 am,Main Pool (in Crotona Park),,40.840685,-73.89828,True,True,https://www.google.com/maps/search/?api=1&query=Main+Pool+%28in+Crotona+Park%29%2C+New+York%2C+NY,https://www.google.com/maps/search/?api=1&query=40.840685%2C-73.89828,pending,False,,,2186292,http://www.nycgovparks.org/events/2026/07/20/session-1-crotona-pool-parent-and-tots-learn-to-swim-class-b
918,session 1 faber pool children s learn to swim level 1 class b|2026-07-17,Session 1: Faber Pool - Children's Learn to Swim Level 1 (Class B),2026-07-17T10:00 am,Faber Pool (in Faber Pool and Park),,40.641190674648,-74.135482956731,True,True,https://www.google.com/maps/search/?api=1&query=Faber+Pool+%28in+Faber+Pool+and+Park%29%2C+New+York%2C+NY,https://www.google.com/maps/search/?api=1&query=40.641190674648%2C-74.135482956731,pending,False,,,2204107,http://www.nycgovparks.org/events/2026/07/17/session-1-faber-pool-childrens-learn-to-swim-level-1-class-b
919,session 1 faber pool children s learn to swim level 1 class b|2026-07-20,Session 1: Faber Pool - Children's Learn to Swim Level 1 (Class B),2026-07-20T10:00 am,Faber Pool (in Faber Pool and Park),,40.641190674648,-74.135482956731,True,True,https://www.google.com/maps/search/?api=1&query=Faber+Pool+%28in+Faber+Pool+and+Park%29%2C+New+York%2C+NY,https://www.google.com/maps/search/?api=1&query=40.641190674648%2C-74.135482956731,pending,False,,,2204005,http://www.nycgovparks.org/events/2026/07/20/session-1-faber-pool-childrens-learn-to-swim-level-1-class-b
920,session 1 faber pool children s learn to swim level 1 class c|2026-07-17,Session 1: Faber Pool - Children's Learn to Swim Level 1 (Class C),2026-07-17T1:00 pm,Faber Pool (in Faber Pool and Park),,40.641190674648,-74.135482956731,True,True,https://www.google.com/maps/search/?api=1&query=Faber+Pool+%28in+Faber+Pool+and+Park%29%2C+New+York%2C+NY,https://www.google.com/maps/search/?api=1&query=40.641190674648%2C-74.135482956731,pending,False,,,2203847,http://www.nycgovparks.org/events/2026/07/17/session-1-faber-pool-childrens-learn-to-swim-level-1-class-c
921,session 1 faber pool children s learn to swim level 1 class c|2026-07-20,Session 1: Faber Pool - Children's Learn to Swim Level 1 (Class C),2026-07-20T1:00 pm,Faber Pool (in Faber Pool and Park),,40.641190674648,-74.135482956731,True,True,https://www.google.com/maps/search/?api=1&query=Faber+Pool+%28in+Faber+Pool+and+Park%29%2C+New+York%2C+NY,https://www.google.com/maps/search/?api=1&query=40.641190674648%2C-74.135482956731,pending,False,,,2203972,http://www.nycgovparks.org/events/2026/07/20/session-1-faber-pool-childrens-learn-to-swim-level-1-class-c
922,session 1 faber pool children s learn to swim level 2 class b|2026-07-16,Session 1: Faber Pool - Children's Learn to Swim Level 2 (Class B),2026-07-16T10:00 am,Faber Pool (in Faber Pool and Park),,40.641190674648,-74.135482956731,True,True,https://www.google.com/maps/search/?api=1&query=Faber+Pool+%28in+Faber+Pool+and+Park%29%2C+New+York%2C+NY,https://www.google.com/maps/search/?api=1&query=40.641190674648%2C-74.135482956731,pending,False,,,2203884,http://www.nycgovparks.org/events/2026/07/16/session-1-faber-pool-childrens-learn-to-swim-level-2-class-b
923,session 1 faber pool children s learn to swim level 2 class b|2026-07-21,Session 1: Faber Pool - Children's Learn to Swim Level 2 (Class B),2026-07-21T10:00 am,Faber Pool (in Faber Pool and Park),,40.641190674648,-74.135482956731,True,True,https://www.google.com/maps/search/?api=1&query=Faber+Pool+%28in+Faber+Pool+and+Park%29%2C+New+York%2C+NY,https://www.google.com/maps/search/?api=1&query=40.641190674648%2C-74.135482956731,pending,False,,,2203802,http://www.nycgovparks.org/events/2026/07/21/session-1-faber-pool-childrens-learn-to-swim-level-2-class-b
924,session 1 faber pool children s learn to swim level 2 class c|2026-07-16,Session 1: Faber Pool - Children's Learn to Swim Level 2 (Class C),2026-07-16T12:00 pm,Faber Pool (in Faber Pool and Park),,40.641190674648,-74.135482956731,True,True,https://www.google.com/maps/search/?api=1&query=Faber+Pool+%28in+Faber+Pool+and+Park%29%2C+New+York%2C+NY,https://www.google.com/maps/search/?api=1&query=40.641190674648%2C-74.135482956731,pending,False,,,2203974,http://www.nycgovparks.org/events/2026/07/16/session-1-faber-pool-childrens-learn-to-swim-level-2-class-c
925,session 1 faber pool children s learn to swim level 2 class c|2026-07-21,Session 1: Faber Pool - Children's Learn to Swim Level 2 (Class C),2026-07-21T12:00 pm,Faber Pool (in Faber Pool and Park),,40.641190674648,-74.135482956731,True,True,https://www.google.com/maps/search/?api=1&query=Faber+Pool+%28in+Faber+Pool+and+Park%29%2C+New+York%2C+NY,https://www.google.com/maps/search/?api=1&query=40.641190674648%2C-74.135482956731,pending,False,,,2203951,http://www.nycgovparks.org/events/2026/07/21/session-1-faber-pool-childrens-learn-to-swim-level-2-class-c
926,session 1 faber pool children s learn to swim level 2 class d|2026-07-16,Session 1: Faber Pool - Children's Learn to Swim Level 2 (Class D),2026-07-16T1:00 pm,Faber Pool (in Faber Pool and Park),,40.641190674648,-74.135482956731,True,True,https://www.google.com/maps/search/?api=1&query=Faber+Pool+%28in+Faber+Pool+and+Park%29%2C+New+York%2C+NY,https://www.google.com/maps/search/?api=1&query=40.641190674648%2C-74.135482956731,pending,False,,,2204121,http://www.nycgovparks.org/events/2026/07/16/session-1-faber-pool-childrens-learn-to-swim-level-2-class-d
927,session 1 faber pool children s learn to swim level 2 class d|2026-07-21,Session 1: Faber Pool - Children's Learn to Swim Level 2 (Class D),2026-07-21T1:00 pm,Faber Pool (in Faber Pool and Park),,40.641190674648,-74.135482956731,True,True,https://www.google.com/maps/search/?api=1&query=Faber+Pool+%28in+Faber+Pool+and+Park%29%2C+New+York%2C+NY,https://www.google.com/maps/search/?api=1&query=40.641190674648%2C-74.135482956731,pending,False,,,2204105,http://www.nycgovparks.org/events/2026/07/21/session-1-faber-pool-childrens-learn-to-swim-level-2-class-d
928,session 1 faber pool parent and tots learn to swim class a|2026-07-17,Session 1: Faber Pool - Parent and Tots Learn to Swim (Class A),2026-07-17T11:00 am,Faber Pool (in Faber Pool and Park),,40.641190674648,-74.135482956731,True,True,https://www.google.com/maps/search/?api=1&query=Faber+Pool+%28in+Faber+Pool+and+Park%29%2C+New+York%2C+NY,https://www.google.com/maps/search/?api=1&query=40.641190674648%2C-74.135482956731,pending,False,,,2186478,http://www.nycgovparks.org/events/2026/07/17/session-1-faber-pool-parent-and-tots-learn-to-swim-class-a
929,session 1 faber pool parent and tots learn to swim class b|2026-07-17,Session 1: Faber Pool - Parent and Tots Learn to Swim (Class B),2026-07-17T12:00 pm,Faber Pool (in Faber Pool and Park),,40.641190674648,-74.135482956731,True,True,https://www.google.com/maps/search/?api=1&query=Faber+Pool+%28in+Faber+Pool+and+Park%29%2C+New+York%2C+NY,https://www.google.com/maps/search/?api=1&query=40.641190674648%2C-74.135482956731,pending,False,,,2185140,http://www.nycgovparks.org/events/2026/07/17/session-1-faber-pool-parent-and-tots-learn-to-swim-class-b
930,session 1 fisher pool children s learn to swim level 1 class a|2026-07-17,Session 1: Fisher Pool - Children's Learn to Swim Level 1 (Class A),2026-07-17T1:00 pm,Main Pool (in Fisher Pool),,40.758966192496,-73.86943819189,True,True,https://www.google.com/maps/search/?api=1&query=Main+Pool+%28in+Fisher+Pool%29%2C+New+York%2C+NY,https://www.google.com/maps/search/?api=1&query=40.758966192496%2C-73.86943819189,pending,False,,,2208051,http://www.nycgovparks.org/events/2026/07/17/session-1-fisher-pool-childrens-learn-to-swim-level-1-class-a
931,session 1 fisher pool children s learn to swim level 1 class a|2026-07-20,Session 1: Fisher Pool - Children's Learn to Swim Level 1 (Class A),2026-07-20T1:00 pm,Main Pool (in Fisher Pool),,40.758966192496,-73.86943819189,True,True,https://www.google.com/maps/search/?api=1&query=Main+Pool+%28in+Fisher+Pool%29%2C+New+York%2C+NY,https://www.google.com/maps/search/?api=1&query=40.758966192496%2C-73.86943819189,pending,False,,,2207841,http://www.nycgovparks.org/events/2026/07/20/session-1-fisher-pool-childrens-learn-to-swim-level-1-class-a
932,session 1 fisher pool children s learn to swim level 1 class b|2026-07-17,Session 1: Fisher Pool - Children's Learn to Swim Level 1 (Class B),2026-07-17T2:00 pm,Main Pool (in Fisher Pool),,40.758966192496,-73.86943819189,True,True,https://www.google.com/maps/search/?api=1&query=Main+Pool+%28in+Fisher+Pool%29%2C+New+York%2C+NY,https://www.google.com/maps/search/?api=1&query=40.758966192496%2C-73.86943819189,pending,False,,,2186279,http://www.nycgovparks.org/events/2026/07/17/session-1-fisher-pool-childrens-learn-to-swim-level-1-class-b
933,session 1 fisher pool children s learn to swim level 1 class b|2026-07-20,Session 1: Fisher Pool - Children's Learn to Swim Level 1 (Class B),2026-07-20T2:00 pm,Main Pool (in Fisher Pool),,40.758966192496,-73.86943819189,True,True,https://www.google.com/maps/search/?api=1&query=Main+Pool+%28in+Fisher+Pool%29%2C+New+York%2C+NY,https://www.google.com/maps/search/?api=1&query=40.758966192496%2C-73.86943819189,pending,False,,,2185187,http://www.nycgovparks.org/events/2026/07/20/session-1-fisher-pool-childrens-learn-to-swim-level-1-class-b
934,session 1 fisher pool children s learn to swim level 2 class a|2026-07-16,Session 1: Fisher Pool - Children's Learn to Swim Level 2 (Class A),2026-07-16T12:00 pm,Main Pool (in Fisher Pool),,40.758966192496,-73.86943819189,True,True,https://www.google.com/maps/search/?api=1&query=Main+Pool+%28in+Fisher+Pool%29%2C+New+York%2C+NY,https://www.google.com/maps/search/?api=1&query=40.758966192496%2C-73.86943819189,pending,False,,,2207797,http://www.nycgovparks.org/events/2026/07/16/session-1-fisher-pool-childrens-learn-to-swim-level-2-class-a
935,session 1 fisher pool children s learn to swim level 2 class a|2026-07-21,Session 1: Fisher Pool - Children's Learn to Swim Level 2 (Class A),2026-07-21T12:00 pm,Main Pool (in Fisher Pool),,40.758966192496,-73.86943819189,True,True,https://www.google.com/maps/search/?api=1&query=Main+Pool+%28in+Fisher+Pool%29%2C+New+York%2C+NY,https://www.google.com/maps/search/?api=1&query=40.758966192496%2C-73.86943819189,pending,False,,,2207860,http://www.nycgovparks.org/events/2026/07/21/session-1-fisher-pool-childrens-learn-to-swim-level-2-class-a
936,session 1 fisher pool children s learn to swim level 2 class b|2026-07-16,Session 1: Fisher Pool - Children's Learn to Swim Level 2 (Class B),2026-07-16T1:00 pm,Main Pool (in Fisher Pool),,40.758966192496,-73.86943819189,True,True,https://www.google.com/maps/search/?api=1&query=Main+Pool+%28in+Fisher+Pool%29%2C+New+York%2C+NY,https://www.google.com/maps/search/?api=1&query=40.758966192496%2C-73.86943819189,pending,False,,,2208045,http://www.nycgovparks.org/events/2026/07/16/session-1-fisher-pool-childrens-learn-to-swim-level-2-class-b
937,session 1 fisher pool children s learn to swim level 2 class b|2026-07-21,Session 1: Fisher Pool - Children's Learn to Swim Level 2 (Class B),2026-07-21T1:00 pm,Main Pool (in Fisher Pool),,40.758966192496,-73.86943819189,True,True,https://www.google.com/maps/search/?api=1&query=Main+Pool+%28in+Fisher+Pool%29%2C+New+York%2C+NY,https://www.google.com/maps/search/?api=1&query=40.758966192496%2C-73.86943819189,pending,False,,,2207958,http://www.nycgovparks.org/events/2026/07/21/session-1-fisher-pool-childrens-learn-to-swim-level-2-class-b
938,session 1 fisher pool parent and tots learn to swim class a|2026-07-17,Session 1: Fisher Pool - Parent and Tots Learn to Swim (Class A),2026-07-17T11:00 am,Main Pool (in Fisher Pool),,40.758966192496,-73.86943819189,True,True,https://www.google.com/maps/search/?api=1&query=Main+Pool+%28in+Fisher+Pool%29%2C+New+York%2C+NY,https://www.google.com/maps/search/?api=1&query=40.758966192496%2C-73.86943819189,pending,False,,,2186606,http://www.nycgovparks.org/events/2026/07/17/session-1-fisher-pool-parent-and-tots-learn-to-swim-class-a
939,session 1 fisher pool parent and tots learn to swim class b|2026-07-17,Session 1: Fisher Pool - Parent and Tots Learn to Swim (Class B),2026-07-17T12:00 pm,Main Pool (in Fisher Pool),,40.758966192496,-73.86943819189,True,True,https://www.google.com/maps/search/?api=1&query=Main+Pool+%28in+Fisher+Pool%29%2C+New+York%2C+NY,https://www.google.com/maps/search/?api=1&query=40.758966192496%2C-73.86943819189,pending,False,,,2186206,http://www.nycgovparks.org/events/2026/07/17/session-1-fisher-pool-parent-and-tots-learn-to-swim-class-b
940,session 1 gottesman pool children s learn to swim level 2 class b|2026-07-16,Session 1: Gottesman Pool - Children's Learn to Swim Level 2 (Class B),2026-07-16T1:00 pm,Gottesman Pool at the Davis Center (in Central Park),,40.796516568594,-73.954254508019,True,True,https://www.google.com/maps/search/?api=1&query=Gottesman+Pool+at+the+Davis+Center+%28in+Central+Park%29%2C+New+York%2C+NY,https://www.google.com/maps/search/?api=1&query=40.796516568594%2C-73.954254508019,pending,False,,,2189417,http://www.nycgovparks.org/events/2026/07/16/session-1-gottesman-pool-childrens-learn-to-swim-level-2-class-b
941,session 1 gottesman pool children s learn to swim level 2 class b|2026-07-21,Session 1: Gottesman Pool - Children's Learn to Swim Level 2 (Class B),2026-07-21T1:00 pm,Gottesman Pool at the Davis Center (in Central Park),,40.796516568594,-73.954254508019,True,True,https://www.google.com/maps/search/?api=1&query=Gottesman+Pool+at+the+Davis+Center+%28in+Central+Park%29%2C+New+York%2C+NY,https://www.google.com/maps/search/?api=1&query=40.796516568594%2C-73.954254508019,pending,False,,,2189514,http://www.nycgovparks.org/events/2026/07/21/session-1-gottesman-pool-childrens-learn-to-swim-level-2-class-b
942,session 1 gottesman pool parent and tots learn to swim class a|2026-07-16,Session 1: Gottesman Pool - Parent and Tots Learn to Swim (Class A),2026-07-16T10:00 am,Gottesman Pool at the Davis Center (in Central Park),,40.796516568594,-73.954254508019,True,True,https://www.google.com/maps/search/?api=1&query=Gottesman+Pool+at+the+Davis+Center+%28in+Central+Park%29%2C+New+York%2C+NY,https://www.google.com/maps/search/?api=1&query=40.796516568594%2C-73.954254508019,pending,False,,,2189478,http://www.nycgovparks.org/events/2026/07/16/session-1-gottesman-pool-parent-and-tots-learn-to-swim-class-a
943,session 1 gottesman pool parent and tots learn to swim class a|2026-07-21,Session 1: Gottesman Pool - Parent and Tots Learn to Swim (Class A),2026-07-21T10:00 am,Gottesman Pool at the Davis Center (in Central Park),,40.796516568594,-73.954254508019,True,True,https://www.google.com/maps/search/?api=1&query=Gottesman+Pool+at+the+Davis+Center+%28in+Central+Park%29%2C+New+York%2C+NY,https://www.google.com/maps/search/?api=1&query=40.796516568594%2C-73.954254508019,pending,False,,,2189527,http://www.nycgovparks.org/events/2026/07/21/session-1-gottesman-pool-parent-and-tots-learn-to-swim-class-a
944,session 1 gottesman pool parent and tots learn to swim class b|2026-07-16,Session 1: Gottesman Pool - Parent and Tots Learn to Swim (Class B),2026-07-16T11:00 am,Gottesman Pool at the Davis Center (in Central Park),,40.796516568594,-73.954254508019,True,True,https://www.google.com/maps/search/?api=1&query=Gottesman+Pool+at+the+Davis+Center+%28in+Central+Park%29%2C+New+York%2C+NY,https://www.google.com/maps/search/?api=1&query=40.796516568594%2C-73.954254508019,pending,False,,,2204100,http://www.nycgovparks.org/events/2026/07/16/session-1-gottesman-pool-parent-and-tots-learn-to-swim-class-b
945,session 1 gottesman pool parent and tots learn to swim class b|2026-07-21,Session 1: Gottesman Pool - Parent and Tots Learn to Swim (Class B),2026-07-21T11:00 am,Gottesman Pool at the Davis Center (in Central Park),,40.796516568594,-73.954254508019,True,True,https://www.google.com/maps/search/?api=1&query=Gottesman+Pool+at+the+Davis+Center+%28in+Central+Park%29%2C+New+York%2C+NY,https://www.google.com/maps/search/?api=1&query=40.796516568594%2C-73.954254508019,pending,False,,,2203925,http://www.nycgovparks.org/events/2026/07/21/session-1-gottesman-pool-parent-and-tots-learn-to-swim-class-b
946,session 1 hamilton fish pool children s learn to swim level 1 class c|2026-07-17,Session 1: Hamilton Fish Pool - Children's Learn to Swim Level 1 (Class C),2026-07-17T11:00 am,Main Pool (in Hamilton Fish Park),,40.719952,-73.981491,True,True,https://www.google.com/maps/search/?api=1&query=Main+Pool+%28in+Hamilton+Fish+Park%29%2C+New+York%2C+NY,https://www.google.com/maps/search/?api=1&query=40.719952%2C-73.981491,pending,False,,,2186674,http://www.nycgovparks.org/events/2026/07/17/session-1-hamilton-fish-pool-childrens-learn-to-swim-level-1-class-c
947,session 1 hamilton fish pool children s learn to swim level 1 class c|2026-07-20,Session 1: Hamilton Fish Pool - Children's Learn to Swim Level 1 (Class C),2026-07-20T11:00 am,Main Pool (in Hamilton Fish Park),,40.719952,-73.981491,True,True,https://www.google.com/maps/search/?api=1&query=Main+Pool+%28in+Hamilton+Fish+Park%29%2C+New+York%2C+NY,https://www.google.com/maps/search/?api=1&query=40.719952%2C-73.981491,pending,False,,,2186410,http://www.nycgovparks.org/events/2026/07/20/session-1-hamilton-fish-pool-childrens-learn-to-swim-level-1-class-c
948,session 1 hamilton fish pool children s learn to swim level 1 class d|2026-07-17,Session 1: Hamilton Fish Pool - Children's Learn to Swim Level 1 (Class D),2026-07-17T12:00 pm,Main Pool (in Hamilton Fish Park),,40.719952,-73.981491,True,True,https://www.google.com/maps/search/?api=1&query=Main+Pool+%28in+Hamilton+Fish+Park%29%2C+New+York%2C+NY,https://www.google.com/maps/search/?api=1&query=40.719952%2C-73.981491,pending,False,,,2186174,http://www.nycgovparks.org/events/2026/07/17/session-1-hamilton-fish-pool-childrens-learn-to-swim-level-1-class-d
949,session 1 hamilton fish pool children s learn to swim level 1 class d|2026-07-20,Session 1: Hamilton Fish Pool - Children's Learn to Swim Level 1 (Class D),2026-07-20T12:00 pm,Main Pool (in Hamilton Fish Park),,40.719952,-73.981491,True,True,https://www.google.com/maps/search/?api=1&query=Main+Pool+%28in+Hamilton+Fish+Park%29%2C+New+York%2C+NY,https://www.google.com/maps/search/?api=1&query=40.719952%2C-73.981491,pending,False,,,2185627,http://www.nycgovparks.org/events/2026/07/20/session-1-hamilton-fish-pool-childrens-learn-to-swim-level-1-class-d
950,session 1 hamilton fish pool children s learn to swim level 1 class e|2026-07-17,Session 1: Hamilton Fish Pool - Children's Learn to Swim Level 1 (Class E),2026-07-17T1:00 pm,Main Pool (in Hamilton Fish Park),,40.719952,-73.981491,True,True,https://www.google.com/maps/search/?api=1&query=Main+Pool+%28in+Hamilton+Fish+Park%29%2C+New+York%2C+NY,https://www.google.com/maps/search/?api=1&query=40.719952%2C-73.981491,pending,False,,,2186340,http://www.nycgovparks.org/events/2026/07/17/session-1-hamilton-fish-pool-childrens-learn-to-swim-level-1-class-e
951,session 1 hamilton fish pool children s learn to swim level 1 class e|2026-07-20,Session 1: Hamilton Fish Pool - Children's Learn to Swim Level 1 (Class E),2026-07-20T1:00 pm,Main Pool (in Hamilton Fish Park),,40.719952,-73.981491,True,True,https://www.google.com/maps/search/?api=1&query=Main+Pool+%28in+Hamilton+Fish+Park%29%2C+New+York%2C+NY,https://www.google.com/maps/search/?api=1&query=40.719952%2C-73.981491,pending,False,,,2186039,http://www.nycgovparks.org/events/2026/07/20/session-1-hamilton-fish-pool-childrens-learn-to-swim-level-1-class-e
952,session 1 hamilton fish pool children s learn to swim level 2 class a|2026-07-16,Session 1: Hamilton Fish Pool - Children's Learn to Swim Level 2 (Class A),2026-07-16T11:00 am,Main Pool (in Hamilton Fish Park),,40.719952,-73.981491,True,True,https://www.google.com/maps/search/?api=1&query=Main+Pool+%28in+Hamilton+Fish+Park%29%2C+New+York%2C+NY,https://www.google.com/maps/search/?api=1&query=40.719952%2C-73.981491,pending,False,,,2185716,http://www.nycgovparks.org/events/2026/07/16/session-1-hamilton-fish-pool-childrens-learn-to-swim-level-2-class-a
953,session 1 hamilton fish pool children s learn to swim level 2 class a|2026-07-21,Session 1: Hamilton Fish Pool - Children's Learn to Swim Level 2 (Class A),2026-07-21T11:00 am,Main Pool (in Hamilton Fish Park),,40.719952,-73.981491,True,True,https://www.google.com/maps/search/?api=1&query=Main+Pool+%28in+Hamilton+Fish+Park%29%2C+New+York%2C+NY,https://www.google.com/maps/search/?api=1&query=40.719952%2C-73.981491,pending,False,,,2186281,http://www.nycgovparks.org/events/2026/07/21/session-1-hamilton-fish-pool-childrens-learn-to-swim-level-2-class-a
954,session 1 hamilton fish pool children s learn to swim level 2 class b|2026-07-16,Session 1: Hamilton Fish Pool - Children's Learn to Swim Level 2 (Class B),2026-07-16T12:00 pm,Main Pool (in Hamilton Fish Park),,40.719952,-73.981491,True,True,https://www.google.com/maps/search/?api=1&query=Main+Pool+%28in+Hamilton+Fish+Park%29%2C+New+York%2C+NY,https://www.google.com/maps/search/?api=1&query=40.719952%2C-73.981491,pending,False,,,2187397,http://www.nycgovparks.org/events/2026/07/16/session-1-hamilton-fish-pool-childrens-learn-to-swim-level-2-class-b
955,session 1 hamilton fish pool children s learn to swim level 2 class b|2026-07-21,Session 1: Hamilton Fish Pool - Children's Learn to Swim Level 2 (Class B),2026-07-21T12:00 pm,Main Pool (in Hamilton Fish Park),,40.719952,-73.981491,True,True,https://www.google.com/maps/search/?api=1&query=Main+Pool+%28in+Hamilton+Fish+Park%29%2C+New+York%2C+NY,https://www.google.com/maps/search/?api=1&query=40.719952%2C-73.981491,pending,False,,,2186850,http://www.nycgovparks.org/events/2026/07/21/session-1-hamilton-fish-pool-childrens-learn-to-swim-level-2-class-b
956,session 1 kosciuszko pool children s learn to swim level 1 class c|2026-07-17,Session 1: Kosciuszko Pool - Children's Learn to Swim Level 1 (Class C),2026-07-17T11:00 am,Kosciuszko Pool,,40.691200256348,-73.949501037598,True,True,https://www.google.com/maps/search/?api=1&query=Kosciuszko+Pool%2C+New+York%2C+NY,https://www.google.com/maps/search/?api=1&query=40.691200256348%2C-73.949501037598,pending,False,,,2204078,http://www.nycgovparks.org/events/2026/07/17/session-1-kosciuszko-pool-childrens-learn-to-swim-level-1-class-c
957,session 1 kosciuszko pool children s learn to swim level 1 class c|2026-07-20,Session 1: Kosciuszko Pool - Children's Learn to Swim Level 1 (Class C),2026-07-20T11:00 am,Kosciuszko Pool,,40.691200256348,-73.949501037598,True,True,https://www.google.com/maps/search/?api=1&query=Kosciuszko+Pool%2C+New+York%2C+NY,https://www.google.com/maps/search/?api=1&query=40.691200256348%2C-73.949501037598,pending,False,,,2204096,http://www.nycgovparks.org/events/2026/07/20/session-1-kosciuszko-pool-childrens-learn-to-swim-level-1-class-c
958,session 1 kosciuszko pool children s learn to swim level 1 class d|2026-07-17,Session 1: Kosciuszko Pool - Children's Learn to Swim Level 1 (Class D),2026-07-17T12:00 pm,Kosciuszko Pool,,40.691200256348,-73.949501037598,True,True,https://www.google.com/maps/search/?api=1&query=Kosciuszko+Pool%2C+New+York%2C+NY,https://www.google.com/maps/search/?api=1&query=40.691200256348%2C-73.949501037598,pending,False,,,2185646,http://www.nycgovparks.org/events/2026/07/17/session-1-kosciuszko-pool-childrens-learn-to-swim-level-1-class-d
959,session 1 kosciuszko pool children s learn to swim level 1 class d|2026-07-20,Session 1: Kosciuszko Pool - Children's Learn to Swim Level 1 (Class D),2026-07-20T12:00 pm,Kosciuszko Pool,,40.691200256348,-73.949501037598,True,True,https://www.google.com/maps/search/?api=1&query=Kosciuszko+Pool%2C+New+York%2C+NY,https://www.google.com/maps/search/?api=1&query=40.691200256348%2C-73.949501037598,pending,False,,,2185478,http://www.nycgovparks.org/events/2026/07/20/session-1-kosciuszko-pool-childrens-learn-to-swim-level-1-class-d
960,session 1 kosciuszko pool children s learn to swim level 1 class e|2026-07-17,Session 1: Kosciuszko Pool - Children's Learn to Swim Level 1 (Class E),2026-07-17T1:00 pm,Kosciuszko Pool,,40.691200256348,-73.949501037598,True,True,https://www.google.com/maps/search/?api=1&query=Kosciuszko+Pool%2C+New+York%2C+NY,https://www.google.com/maps/search/?api=1&query=40.691200256348%2C-73.949501037598,pending,False,,,2203928,http://www.nycgovparks.org/events/2026/07/17/session-1-kosciuszko-pool-childrens-learn-to-swim-level-1-class-e
961,session 1 kosciuszko pool children s learn to swim level 1 class e|2026-07-20,Session 1: Kosciuszko Pool - Children's Learn to Swim Level 1 (Class E),2026-07-20T1:00 pm,Kosciuszko Pool,,40.691200256348,-73.949501037598,True,True,https://www.google.com/maps/search/?api=1&query=Kosciuszko+Pool%2C+New+York%2C+NY,https://www.google.com/maps/search/?api=1&query=40.691200256348%2C-73.949501037598,pending,False,,,2203986,http://www.nycgovparks.org/events/2026/07/20/session-1-kosciuszko-pool-childrens-learn-to-swim-level-1-class-e
962,session 1 kosciuszko pool children s learn to swim level 2 class a|2026-07-16,Session 1: Kosciuszko Pool - Children's Learn to Swim Level 2 (Class A),2026-07-16T11:00 am,Kosciuszko Pool,,40.691200256348,-73.949501037598,True,True,https://www.google.com/maps/search/?api=1&query=Kosciuszko+Pool%2C+New+York%2C+NY,https://www.google.com/maps/search/?api=1&query=40.691200256348%2C-73.949501037598,pending,False,,,2186024,http://www.nycgovparks.org/events/2026/07/16/session-1-kosciuszko-pool-childrens-learn-to-swim-level-2-class-a
963,session 1 kosciuszko pool children s learn to swim level 2 class a|2026-07-21,Session 1: Kosciuszko Pool - Children's Learn to Swim Level 2 (Class A),2026-07-21T11:00 am,Kosciuszko Pool,,40.691200256348,-73.949501037598,True,True,https://www.google.com/maps/search/?api=1&query=Kosciuszko+Pool%2C+New+York%2C+NY,https://www.google.com/maps/search/?api=1&query=40.691200256348%2C-73.949501037598,pending,False,,,2185923,http://www.nycgovparks.org/events/2026/07/21/session-1-kosciuszko-pool-childrens-learn-to-swim-level-2-class-a
964,session 1 kosciuszko pool children s learn to swim level 2 class b|2026-07-16,Session 1: Kosciuszko Pool - Children's Learn to Swim Level 2 (Class B),2026-07-16T12:00 pm,Kosciuszko Pool,,40.691200256348,-73.949501037598,True,True,https://www.google.com/maps/search/?api=1&query=Kosciuszko+Pool%2C+New+York%2C+NY,https://www.google.com/maps/search/?api=1&query=40.691200256348%2C-73.949501037598,pending,False,,,2185342,http://www.nycgovparks.org/events/2026/07/16/session-1-kosciuszko-pool-childrens-learn-to-swim-level-2-class-b
965,session 1 kosciuszko pool children s learn to swim level 2 class b|2026-07-21,Session 1: Kosciuszko Pool - Children's Learn to Swim Level 2 (Class B),2026-07-21T12:00 pm,Kosciuszko Pool,,40.691200256348,-73.949501037598,True,True,https://www.google.com/maps/search/?api=1&query=Kosciuszko+Pool%2C+New+York%2C+NY,https://www.google.com/maps/search/?api=1&query=40.691200256348%2C-73.949501037598,pending,False,,,2186469,http://www.nycgovparks.org/events/2026/07/21/session-1-kosciuszko-pool-childrens-learn-to-swim-level-2-class-b
966,session 1 kosciuszko pool parent and tots learn to swim class b|2026-07-16,Session 1: Kosciuszko Pool - Parent and Tots Learn to Swim (Class B),2026-07-16T1:00 pm,Kosciuszko Pool,,40.691200256348,-73.949501037598,True,True,https://www.google.com/maps/search/?api=1&query=Kosciuszko+Pool%2C+New+York%2C+NY,https://www.google.com/maps/search/?api=1&query=40.691200256348%2C-73.949501037598,pending,False,,,2185977,http://www.nycgovparks.org/events/2026/07/16/session-1-kosciuszko-pool-parent-and-tots-learn-to-swim-class-b
967,session 1 kosciuszko pool parent and tots learn to swim class b|2026-07-21,Session 1: Kosciuszko Pool - Parent and Tots Learn to Swim (Class B),2026-07-21T1:00 pm,Kosciuszko Pool,,40.691200256348,-73.949501037598,True,True,https://www.google.com/maps/search/?api=1&query=Kosciuszko+Pool%2C+New+York%2C+NY,https://www.google.com/maps/search/?api=1&query=40.691200256348%2C-73.949501037598,pending,False,,,2185661,http://www.nycgovparks.org/events/2026/07/21/session-1-kosciuszko-pool-parent-and-tots-learn-to-swim-class-b
968,session 1 liberty pool children s learn to swim level 1 class b|2026-07-17,Session 1: Liberty Pool - Children's Learn to Swim Level 1 (Class B),2026-07-17T12:00 pm,Main Pool (in Detective Keith L Williams Park),,40.701805313058,-73.784103512764,True,True,https://www.google.com/maps/search/?api=1&query=Main+Pool+%28in+Detective+Keith+L+Williams+Park%29%2C+New+York%2C+NY,https://www.google.com/maps/search/?api=1&query=40.701805313058%2C-73.784103512764,pending,False,,,2204539,http://www.nycgovparks.org/events/2026/07/17/session-1-liberty-pool-childrens-learn-to-swim-level-1-class-b
969,session 1 liberty pool children s learn to swim level 2 class b|2026-07-16,Session 1: Liberty Pool - Children's Learn to Swim Level 2 (Class B),2026-07-16T11:00 am,Main Pool (in Detective Keith L Williams Park),,40.701805313058,-73.784103512764,True,True,https://www.google.com/maps/search/?api=1&query=Main+Pool+%28in+Detective+Keith+L+Williams+Park%29%2C+New+York%2C+NY,https://www.google.com/maps/search/?api=1&query=40.701805313058%2C-73.784103512764,pending,False,,,2185692,http://www.nycgovparks.org/events/2026/07/16/session-1-liberty-pool-childrens-learn-to-swim-level-2-class-a
970,session 1 liberty pool children s learn to swim level 2 class c|2026-07-16,Session 1: Liberty Pool - Children's Learn to Swim Level 2 (Class C),2026-07-16T12:00 pm,Main Pool (in Detective Keith L Williams Park),,40.701805313058,-73.784103512764,True,True,https://www.google.com/maps/search/?api=1&query=Main+Pool+%28in+Detective+Keith+L+Williams+Park%29%2C+New+York%2C+NY,https://www.google.com/maps/search/?api=1&query=40.701805313058%2C-73.784103512764,pending,False,,,2193031,http://www.nycgovparks.org/events/2026/07/16/session-1-liberty-pool-childrens-learn-to-swim-level-2-class-c
971,session 1 liberty pool children s learn to swim level 2 class d|2026-07-16,Session 1: Liberty Pool - Children's Learn to Swim Level 2 (Class D),2026-07-16T1:00 pm,Main Pool (in Detective Keith L Williams Park),,40.701805313058,-73.784103512764,True,True,https://www.google.com/maps/search/?api=1&query=Main+Pool+%28in+Detective+Keith+L+Williams+Park%29%2C+New+York%2C+NY,https://www.google.com/maps/search/?api=1&query=40.701805313058%2C-73.784103512764,pending,False,,,2203907,http://www.nycgovparks.org/events/2026/07/16/session-1-liberty-pool-childrens-learn-to-swim-level-2-class-d
972,session 1 liberty pool children s learn to swim level 2 class d|2026-07-21,Session 1: Liberty Pool - Children's Learn to Swim Level 2 (Class D),2026-07-21T1:00 pm,Main Pool (in Detective Keith L Williams Park),,40.701805313058,-73.784103512764,True,True,https://www.google.com/maps/search/?api=1&query=Main+Pool+%28in+Detective+Keith+L+Williams+Park%29%2C+New+York%2C+NY,https://www.google.com/maps/search/?api=1&query=40.701805313058%2C-73.784103512764,pending,False,,,2203880,http://www.nycgovparks.org/events/2026/07/21/session-1-liberty-pool-childrens-learn-to-swim-level-2-class-d
973,session 1 lyons pool children s learn to swim level 1 class b|2026-07-16,Session 1: Lyons Pool - Children's Learn to Swim Level 1 (Class B),2026-07-16T11:00 am,Lyons Pool,,40.637199401855,-74.07430267334,True,True,https://www.google.com/maps/search/?api=1&query=Lyons+Pool%2C+New+York%2C+NY,https://www.google.com/maps/search/?api=1&query=40.637199401855%2C-74.07430267334,pending,False,,,2207968,http://www.nycgovparks.org/events/2026/07/16/session-1-lyons-pool-childrens-learn-to-swim-level-1-class-b
974,session 1 lyons pool children s learn to swim level 1 class b|2026-07-20,Session 1: Lyons Pool - Children's Learn to Swim Level 1 (Class B),2026-07-20T11:00 am,Lyons Pool,,40.637199401855,-74.07430267334,True,True,https://www.google.com/maps/search/?api=1&query=Lyons+Pool%2C+New+York%2C+NY,https://www.google.com/maps/search/?api=1&query=40.637199401855%2C-74.07430267334,pending,False,,,2208020,http://www.nycgovparks.org/events/2026/07/20/session-1-lyons-pool-childrens-learn-to-swim-level-1-class-b
975,session 1 lyons pool children s learn to swim level 1 class c|2026-07-16,Session 1: Lyons Pool - Children's Learn to Swim Level 1 (Class C),2026-07-16T12:00 pm,Lyons Pool,,40.637199401855,-74.07430267334,True,True,https://www.google.com/maps/search/?api=1&query=Lyons+Pool%2C+New+York%2C+NY,https://www.google.com/maps/search/?api=1&query=40.637199401855%2C-74.07430267334,pending,False,,,2185494,http://www.nycgovparks.org/events/2026/07/16/session-1-lyons-pool-childrens-learn-to-swim-level-1-class-c
976,session 1 lyons pool children s learn to swim level 1 class c|2026-07-20,Session 1: Lyons Pool - Children's Learn to Swim Level 1 (Class C),2026-07-20T12:00 pm,Lyons Pool,,40.637199401855,-74.07430267334,True,True,https://www.google.com/maps/search/?api=1&query=Lyons+Pool%2C+New+York%2C+NY,https://www.google.com/maps/search/?api=1&query=40.637199401855%2C-74.07430267334,pending,False,,,2185872,http://www.nycgovparks.org/events/2026/07/20/session-1-lyons-pool-childrens-learn-to-swim-level-1-class-c
977,session 1 lyons pool children s learn to swim level 2 class a|2026-07-17,Session 1: Lyons Pool - Children's Learn to Swim Level 2 (Class A),2026-07-17T1:00 pm,Lyons Pool,,40.637199401855,-74.07430267334,True,True,https://www.google.com/maps/search/?api=1&query=Lyons+Pool%2C+New+York%2C+NY,https://www.google.com/maps/search/?api=1&query=40.637199401855%2C-74.07430267334,pending,False,,,2185164,http://www.nycgovparks.org/events/2026/07/17/session-1-lyons-pool-childrens-learn-to-swim-level-2-class-a
978,session 1 lyons pool children s learn to swim level 2 class a|2026-07-20,Session 1: Lyons Pool - Children's Learn to Swim Level 2 (Class A),2026-07-20T1:00 pm,Lyons Pool,,40.637199401855,-74.07430267334,True,True,https://www.google.com/maps/search/?api=1&query=Lyons+Pool%2C+New+York%2C+NY,https://www.google.com/maps/search/?api=1&query=40.637199401855%2C-74.07430267334,pending,False,,,2185753,http://www.nycgovparks.org/events/2026/07/20/session-1-lyons-pool-childrens-learn-to-swim-level-2-class-a
979,session 1 lyons pool parent and tots learn to swim class b|2026-07-16,Session 1: Lyons Pool - Parent and Tots Learn to Swim (Class B),2026-07-16T1:00 pm,Lyons Pool,,40.637199401855,-74.07430267334,True,True,https://www.google.com/maps/search/?api=1&query=Lyons+Pool%2C+New+York%2C+NY,https://www.google.com/maps/search/?api=1&query=40.637199401855%2C-74.07430267334,pending,False,,,2203897,http://www.nycgovparks.org/events/2026/07/16/session-1-lyons-pool-parent-and-tots-learn-to-swim-class-b
980,session 1 lyons pool parent and tots learn to swim class b|2026-07-21,Session 1: Lyons Pool - Parent and Tots Learn to Swim (Class B),2026-07-21T1:00 pm,Lyons Pool,,40.637199401855,-74.07430267334,True,True,https://www.google.com/maps/search/?api=1&query=Lyons+Pool%2C+New+York%2C+NY,https://www.google.com/maps/search/?api=1&query=40.637199401855%2C-74.07430267334,pending,False,,,2203904,http://www.nycgovparks.org/events/2026/07/21/session-1-lyons-pool-parent-and-tots-learn-to-swim-class-b
981,session 1 mccarren pool children s learn to swim level 1 class e|2026-07-17,Session 1: McCarren Pool - Children's Learn to Swim Level 1 (Class E),2026-07-17T1:00 pm,McCarren Park Pool (in McCarren Park),,40.7201557,-73.9517404,True,True,https://www.google.com/maps/search/?api=1&query=McCarren+Park+Pool+%28in+McCarren+Park%29%2C+New+York%2C+NY,https://www.google.com/maps/search/?api=1&query=40.7201557%2C-73.9517404,pending,False,,,2186118,http://www.nycgovparks.org/events/2026/07/17/session-1-mccarren-pool-childrens-learn-to-swim-level-1-class-d
982,session 1 mccarren pool children s learn to swim level 1 class e|2026-07-20,Session 1: McCarren Pool - Children's Learn to Swim Level 1 (Class E),2026-07-20T1:00 pm,McCarren Park Pool (in McCarren Park),,40.7201557,-73.9517404,True,True,https://www.google.com/maps/search/?api=1&query=McCarren+Park+Pool+%28in+McCarren+Park%29%2C+New+York%2C+NY,https://www.google.com/maps/search/?api=1&query=40.7201557%2C-73.9517404,pending,False,,,2186622,http://www.nycgovparks.org/events/2026/07/20/session-1-mccarren-pool-childrens-learn-to-swim-level-1-class-d
983,session 1 mccarren pool children s learn to swim level 2 class b|2026-07-16,Session 1: McCarren Pool - Children's Learn to Swim Level 2 (Class B),2026-07-16T12:00 pm,McCarren Park Pool (in McCarren Park),,40.7201557,-73.9517404,True,True,https://www.google.com/maps/search/?api=1&query=McCarren+Park+Pool+%28in+McCarren+Park%29%2C+New+York%2C+NY,https://www.google.com/maps/search/?api=1&query=40.7201557%2C-73.9517404,pending,False,,,2205713,http://www.nycgovparks.org/events/2026/07/16/session-1-mccarren-pool-childrens-learn-to-swim-level-2-class-b
984,session 1 mccarren pool children s learn to swim level 2 class b|2026-07-21,Session 1: McCarren Pool - Children's Learn to Swim Level 2 (Class B),2026-07-21T12:00 pm,McCarren Park Pool (in McCarren Park),,40.7201557,-73.9517404,True,True,https://www.google.com/maps/search/?api=1&query=McCarren+Park+Pool+%28in+McCarren+Park%29%2C+New+York%2C+NY,https://www.google.com/maps/search/?api=1&query=40.7201557%2C-73.9517404,pending,False,,,2205761,http://www.nycgovparks.org/events/2026/07/21/session-1-mccarren-pool-childrens-learn-to-swim-level-2-class-b
985,session 1 mccarren pool children s learn to swim level 2 class c|2026-07-16,Session 1: McCarren Pool - Children's Learn to Swim Level 2 (Class C),2026-07-16T1:00 pm,McCarren Park Pool (in McCarren Park),,40.7201557,-73.9517404,True,True,https://www.google.com/maps/search/?api=1&query=McCarren+Park+Pool+%28in+McCarren+Park%29%2C+New+York%2C+NY,https://www.google.com/maps/search/?api=1&query=40.7201557%2C-73.9517404,pending,False,,,2204040,http://www.nycgovparks.org/events/2026/07/16/session-1-mccarren-pool-childrens-learn-to-swim-level-2-class-c
986,session 1 mccarren pool children s learn to swim level 2 class c|2026-07-21,Session 1: McCarren Pool - Children's Learn to Swim Level 2 (Class C),2026-07-21T1:00 pm,McCarren Park Pool (in McCarren Park),,40.7201557,-73.9517404,True,True,https://www.google.com/maps/search/?api=1&query=McCarren+Park+Pool+%28in+McCarren+Park%29%2C+New+York%2C+NY,https://www.google.com/maps/search/?api=1&query=40.7201557%2C-73.9517404,pending,False,,,2204071,http://www.nycgovparks.org/events/2026/07/21/session-1-mccarren-pool-childrens-learn-to-swim-level-2-class-c
987,session 1 mccarren pool parent and tots learn to swim class a|2026-07-16,Session 1: McCarren Pool - Parent and Tots Learn to Swim (Class A),2026-07-16T10:00 am,McCarren Park Pool (in McCarren Park),,40.7201557,-73.9517404,True,True,https://www.google.com/maps/search/?api=1&query=McCarren+Park+Pool+%28in+McCarren+Park%29%2C+New+York%2C+NY,https://www.google.com/maps/search/?api=1&query=40.7201557%2C-73.9517404,pending,False,,,2185287,http://www.nycgovparks.org/events/2026/07/16/session-1-mccarren-pool-parent-and-tots-learn-to-swim-class-a
988,session 1 mccarren pool parent and tots learn to swim class a|2026-07-21,Session 1: McCarren Pool - Parent and Tots Learn to Swim (Class A),2026-07-21T10:00 am,McCarren Park Pool (in McCarren Park),,40.7201557,-73.9517404,True,True,https://www.google.com/maps/search/?api=1&query=McCarren+Park+Pool+%28in+McCarren+Park%29%2C+New+York%2C+NY,https://www.google.com/maps/search/?api=1&query=40.7201557%2C-73.9517404,pending,False,,,2186530,http://www.nycgovparks.org/events/2026/07/21/session-1-mccarren-pool-parent-and-tots-learn-to-swim-class-a
989,session 1 mccarren pool parent and tots learn to swim class b|2026-07-16,Session 1: McCarren Pool - Parent and Tots Learn to Swim (Class B),2026-07-16T11:00 am,McCarren Park Pool (in McCarren Park),,40.7201557,-73.9517404,True,True,https://www.google.com/maps/search/?api=1&query=McCarren+Park+Pool+%28in+McCarren+Park%29%2C+New+York%2C+NY,https://www.google.com/maps/search/?api=1&query=40.7201557%2C-73.9517404,pending,False,,,2204045,http://www.nycgovparks.org/events/2026/07/16/session-1-mccarren-pool-parent-and-tots-learn-to-swim-class-b
990,session 1 mccarren pool parent and tots learn to swim class b|2026-07-21,Session 1: McCarren Pool - Parent and Tots Learn to Swim (Class B),2026-07-21T11:00 am,McCarren Park Pool (in McCarren Park),,40.7201557,-73.9517404,True,True,https://www.google.com/maps/search/?api=1&query=McCarren+Park+Pool+%28in+McCarren+Park%29%2C+New+York%2C+NY,https://www.google.com/maps/search/?api=1&query=40.7201557%2C-73.9517404,pending,False,,,2203935,http://www.nycgovparks.org/events/2026/07/21/session-1-mccarren-pool-parent-and-tots-learn-to-swim-class-b
991,session 1 parent tots learn to swim liberty pool class a|2026-07-17,Session 1: Parent & Tots Learn to Swim Liberty Pool (Class A),2026-07-17T10:00 am,Main Pool (in Detective Keith L Williams Park),,40.701805313058,-73.784103512764,True,True,https://www.google.com/maps/search/?api=1&query=Main+Pool+%28in+Detective+Keith+L+Williams+Park%29%2C+New+York%2C+NY,https://www.google.com/maps/search/?api=1&query=40.701805313058%2C-73.784103512764,pending,False,,,2185284,http://www.nycgovparks.org/events/2026/07/17/session-1-parent-tots-learn-to-swim-liberty-pool-class-a
992,session 1 parent tots learn to swim liberty pool class a|2026-07-20,Session 1: Parent & Tots Learn to Swim Liberty Pool (Class A),2026-07-20T10:00 am,Main Pool (in Detective Keith L Williams Park),,40.701805313058,-73.784103512764,True,True,https://www.google.com/maps/search/?api=1&query=Main+Pool+%28in+Detective+Keith+L+Williams+Park%29%2C+New+York%2C+NY,https://www.google.com/maps/search/?api=1&query=40.701805313058%2C-73.784103512764,pending,False,,,2185972,http://www.nycgovparks.org/events/2026/07/20/session-1-parent-tots-learn-to-swim-liberty-pool-class-a
993,session 1 parent tots learn to swim liberty pool class b|2026-07-17,Session 1: Parent & Tots Learn to Swim Liberty Pool (Class B),2026-07-17T11:00 am,Main Pool (in Detective Keith L Williams Park),,40.701805313058,-73.784103512764,True,True,https://www.google.com/maps/search/?api=1&query=Main+Pool+%28in+Detective+Keith+L+Williams+Park%29%2C+New+York%2C+NY,https://www.google.com/maps/search/?api=1&query=40.701805313058%2C-73.784103512764,pending,False,,,2203979,http://www.nycgovparks.org/events/2026/07/17/session-1-parent-tots-learn-to-swim-liberty-pool-class-b
994,session 1 van cortlandt pool parent and tots learn to swim class a|2026-07-16,Session 1: Van Cortlandt Pool - Parent and Tots Learn to Swim (Class A),2026-07-16T9:00 am,Van Cortlandt Park Pool (in Van Cortlandt Park),,40.889883734909,-73.896080255508,True,True,https://www.google.com/maps/search/?api=1&query=Van+Cortlandt+Park+Pool+%28in+Van+Cortlandt+Park%29%2C+New+York%2C+NY,https://www.google.com/maps/search/?api=1&query=40.889883734909%2C-73.896080255508,pending,False,,,2185354,http://www.nycgovparks.org/events/2026/07/16/session-1-van-cortlandt-pool-parent-and-tots-learn-to-swim-class-a
995,session 1 van cortlandt pool parent and tots learn to swim class a|2026-07-21,Session 1: Van Cortlandt Pool - Parent and Tots Learn to Swim (Class A),2026-07-21T9:00 am,Van Cortlandt Park Pool (in Van Cortlandt Park),,40.889883734909,-73.896080255508,True,True,https://www.google.com/maps/search/?api=1&query=Van+Cortlandt+Park+Pool+%28in+Van+Cortlandt+Park%29%2C+New+York%2C+NY,https://www.google.com/maps/search/?api=1&query=40.889883734909%2C-73.896080255508,pending,False,,,2186559,http://www.nycgovparks.org/events/2026/07/21/session-1-van-cortlandt-pool-parent-and-tots-learn-to-swim-class-a
996,session 1 van cortlandt pool parent and tots learn to swim class b|2026-07-16,Session 1: Van Cortlandt Pool - Parent and Tots Learn to Swim (Class B),2026-07-16T11:00 am,Van Cortlandt Park Pool (in Van Cortlandt Park),,40.889883734909,-73.896080255508,True,True,https://www.google.com/maps/search/?api=1&query=Van+Cortlandt+Park+Pool+%28in+Van+Cortlandt+Park%29%2C+New+York%2C+NY,https://www.google.com/maps/search/?api=1&query=40.889883734909%2C-73.896080255508,pending,False,,,2208062,http://www.nycgovparks.org/events/2026/07/16/session-1-van-cortlandt-pool-parent-and-tots-learn-to-swim-class-b
997,session 1 van cortlandt pool parent and tots learn to swim class b|2026-07-21,Session 1: Van Cortlandt Pool - Parent and Tots Learn to Swim (Class B),2026-07-21T11:00 am,Van Cortlandt Park Pool (in Van Cortlandt Park),,40.889883734909,-73.896080255508,True,True,https://www.google.com/maps/search/?api=1&query=Van+Cortlandt+Park+Pool+%28in+Van+Cortlandt+Park%29%2C+New+York%2C+NY,https://www.google.com/maps/search/?api=1&query=40.889883734909%2C-73.896080255508,pending,False,,,2207978,http://www.nycgovparks.org/events/2026/07/21/session-1-van-cortlandt-pool-parent-and-tots-learn-to-swim-class-b
998,session 2 crotona pool children s learn to swim level 1 class c|2026-07-22,Session 2: Crotona Pool - Children's Learn to Swim Level 1 (Class C),2026-07-22T2:00 pm,Main Pool (in Crotona Park),,40.840685,-73.89828,True,True,https://www.google.com/maps/search/?api=1&query=Main+Pool+%28in+Crotona+Park%29%2C+New+York%2C+NY,https://www.google.com/maps/search/?api=1&query=40.840685%2C-73.89828,pending,False,,,2187377,http://www.nycgovparks.org/events/2026/07/22/session-2-crotona-pool-childrens-learn-to-swim-level-1-class-c
999,session 2 crotona pool children s learn to swim level 1 class c|2026-07-24,Session 2: Crotona Pool - Children's Learn to Swim Level 1 (Class C),2026-07-24T2:00 pm,Main Pool (in Crotona Park),,40.840685,-73.89828,True,True,https://www.google.com/maps/search/?api=1&query=Main+Pool+%28in+Crotona+Park%29%2C+New+York%2C+NY,https://www.google.com/maps/search/?api=1&query=40.840685%2C-73.89828,pending,False,,,2187497,http://www.nycgovparks.org/events/2026/07/24/session-2-crotona-pool-childrens-learn-to-swim-level-1-class-c
1000,session 2 crotona pool children s learn to swim level 1 class c|2026-07-27,Session 2: Crotona Pool - Children's Learn to Swim Level 1 (Class C),2026-07-27T2:00 pm,Main Pool (in Crotona Park),,40.840685,-73.89828,True,True,https://www.google.com/maps/search/?api=1&query=Main+Pool+%28in+Crotona+Park%29%2C+New+York%2C+NY,https://www.google.com/maps/search/?api=1&query=40.840685%2C-73.89828,pending,False,,,2186999,http://www.nycgovparks.org/events/2026/07/27/session-2-crotona-pool-childrens-learn-to-swim-level-1-class-c
1001,session 2 crotona pool children s learn to swim level 2 class d|2026-07-23,Session 2: Crotona Pool - Children's Learn to Swim Level 2 (Class D),2026-07-23T1:00 pm,Main Pool (in Crotona Park),,40.840685,-73.89828,True,True,https://www.google.com/maps/search/?api=1&query=Main+Pool+%28in+Crotona+Park%29%2C+New+York%2C+NY,https://www.google.com/maps/search/?api=1&query=40.840685%2C-73.89828,pending,False,,,2186884,http://www.nycgovparks.org/events/2026/07/23/session-2-crotona-pool-childrens-learn-to-swim-level-2-class-d
1002,session 2 fisher pool children s learn to swim level 1 class b|2026-07-22,Session 2: Fisher Pool - Children's Learn to Swim Level 1 (Class B),2026-07-22T2:00 pm,Main Pool (in Fisher Pool),,40.758966192496,-73.86943819189,True,True,https://www.google.com/maps/search/?api=1&query=Main+Pool+%28in+Fisher+Pool%29%2C+New+York%2C+NY,https://www.google.com/maps/search/?api=1&query=40.758966192496%2C-73.86943819189,pending,False,,,2185859,http://www.nycgovparks.org/events/2026/07/22/session-2-fisher-pool-childrens-learn-to-swim-level-1-class-b
1003,session 2 fisher pool children s learn to swim level 1 class b|2026-07-24,Session 2: Fisher Pool - Children's Learn to Swim Level 1 (Class B),2026-07-24T2:00 pm,Main Pool (in Fisher Pool),,40.758966192496,-73.86943819189,True,True,https://www.google.com/maps/search/?api=1&query=Main+Pool+%28in+Fisher+Pool%29%2C+New+York%2C+NY,https://www.google.com/maps/search/?api=1&query=40.758966192496%2C-73.86943819189,pending,False,,,2185146,http://www.nycgovparks.org/events/2026/07/24/session-2-fisher-pool-childrens-learn-to-swim-level-1-class-b
1004,session 2 fisher pool children s learn to swim level 1 class b|2026-07-27,Session 2: Fisher Pool - Children's Learn to Swim Level 1 (Class B),2026-07-27T2:00 pm,Main Pool (in Fisher Pool),,40.758966192496,-73.86943819189,True,True,https://www.google.com/maps/search/?api=1&query=Main+Pool+%28in+Fisher+Pool%29%2C+New+York%2C+NY,https://www.google.com/maps/search/?api=1&query=40.758966192496%2C-73.86943819189,pending,False,,,2186217,http://www.nycgovparks.org/events/2026/07/27/session-2-fisher-pool-childrens-learn-to-swim-level-1-class-b
1005,session 2 hamilton fish pool children s learn to swim level 1 class c|2026-07-22,Session 2: Hamilton Fish Pool - Children's Learn to Swim Level 1 (Class C),2026-07-22T11:00 am,Main Pool (in Hamilton Fish Park),,40.719952,-73.981491,True,True,https://www.google.com/maps/search/?api=1&query=Main+Pool+%28in+Hamilton+Fish+Park%29%2C+New+York%2C+NY,https://www.google.com/maps/search/?api=1&query=40.719952%2C-73.981491,pending,False,,,2187487,http://www.nycgovparks.org/events/2026/07/22/session-2-hamilton-fish-pool-childrens-learn-to-swim-level-1-class-c
1006,session 2 hamilton fish pool children s learn to swim level 1 class c|2026-07-24,Session 2: Hamilton Fish Pool - Children's Learn to Swim Level 1 (Class C),2026-07-24T11:00 am,Main Pool (in Hamilton Fish Park),,40.719952,-73.981491,True,True,https://www.google.com/maps/search/?api=1&query=Main+Pool+%28in+Hamilton+Fish+Park%29%2C+New+York%2C+NY,https://www.google.com/maps/search/?api=1&query=40.719952%2C-73.981491,pending,False,,,2186755,http://www.nycgovparks.org/events/2026/07/24/session-2-hamilton-fish-pool-childrens-learn-to-swim-level-1-class-c
1007,session 2 hamilton fish pool children s learn to swim level 1 class c|2026-07-27,Session 2: Hamilton Fish Pool - Children's Learn to Swim Level 1 (Class C),2026-07-27T11:00 am,Main Pool (in Hamilton Fish Park),,40.719952,-73.981491,True,True,https://www.google.com/maps/search/?api=1&query=Main+Pool+%28in+Hamilton+Fish+Park%29%2C+New+York%2C+NY,https://www.google.com/maps/search/?api=1&query=40.719952%2C-73.981491,pending,False,,,2187644,http://www.nycgovparks.org/events/2026/07/27/session-2-hamilton-fish-pool-childrens-learn-to-swim-level-1-class-c
1008,session 2 hamilton fish pool children s learn to swim level 1 class d|2026-07-22,Session 2: Hamilton Fish Pool - Children's Learn to Swim Level 1 (Class D),2026-07-22T12:00 pm,Main Pool (in Hamilton Fish Park),,40.719952,-73.981491,True,True,https://www.google.com/maps/search/?api=1&query=Main+Pool+%28in+Hamilton+Fish+Park%29%2C+New+York%2C+NY,https://www.google.com/maps/search/?api=1&query=40.719952%2C-73.981491,pending,False,,,2185186,http://www.nycgovparks.org/events/2026/07/22/session-2-hamilton-fish-pool-childrens-learn-to-swim-level-1-class-d
1009,session 2 hamilton fish pool children s learn to swim level 1 class d|2026-07-24,Session 2: Hamilton Fish Pool - Children's Learn to Swim Level 1 (Class D),2026-07-24T12:00 pm,Main Pool (in Hamilton Fish Park),,40.719952,-73.981491,True,True,https://www.google.com/maps/search/?api=1&query=Main+Pool+%28in+Hamilton+Fish+Park%29%2C+New+York%2C+NY,https://www.google.com/maps/search/?api=1&query=40.719952%2C-73.981491,pending,False,,,2185572,http://www.nycgovparks.org/events/2026/07/24/session-2-hamilton-fish-pool-childrens-learn-to-swim-level-1-class-d
1010,session 2 hamilton fish pool children s learn to swim level 1 class d|2026-07-27,Session 2: Hamilton Fish Pool - Children's Learn to Swim Level 1 (Class D),2026-07-27T12:00 pm,Main Pool (in Hamilton Fish Park),,40.719952,-73.981491,True,True,https://www.google.com/maps/search/?api=1&query=Main+Pool+%28in+Hamilton+Fish+Park%29%2C+New+York%2C+NY,https://www.google.com/maps/search/?api=1&query=40.719952%2C-73.981491,pending,False,,,2185453,http://www.nycgovparks.org/events/2026/07/27/session-2-hamilton-fish-pool-childrens-learn-to-swim-level-1-class-d
1011,session 2 hamilton fish pool children s learn to swim level 1 class e|2026-07-22,Session 2: Hamilton Fish Pool - Children's Learn to Swim Level 1 (Class E),2026-07-22T1:00 pm,Main Pool (in Hamilton Fish Park),,40.719952,-73.981491,True,True,https://www.google.com/maps/search/?api=1&query=Main+Pool+%28in+Hamilton+Fish+Park%29%2C+New+York%2C+NY,https://www.google.com/maps/search/?api=1&query=40.719952%2C-73.981491,pending,False,,,2185709,http://www.nycgovparks.org/events/2026/07/22/session-2-hamilton-fish-pool-childrens-learn-to-swim-level-1-class-e
1012,session 2 hamilton fish pool children s learn to swim level 1 class e|2026-07-24,Session 2: Hamilton Fish Pool - Children's Learn to Swim Level 1 (Class E),2026-07-24T1:00 pm,Main Pool (in Hamilton Fish Park),,40.719952,-73.981491,True,True,https://www.google.com/maps/search/?api=1&query=Main+Pool+%28in+Hamilton+Fish+Park%29%2C+New+York%2C+NY,https://www.google.com/maps/search/?api=1&query=40.719952%2C-73.981491,pending,False,,,2186649,http://www.nycgovparks.org/events/2026/07/24/session-2-hamilton-fish-pool-childrens-learn-to-swim-level-1-class-e
1013,session 2 hamilton fish pool children s learn to swim level 1 class e|2026-07-27,Session 2: Hamilton Fish Pool - Children's Learn to Swim Level 1 (Class E),2026-07-27T1:00 pm,Main Pool (in Hamilton Fish Park),,40.719952,-73.981491,True,True,https://www.google.com/maps/search/?api=1&query=Main+Pool+%28in+Hamilton+Fish+Park%29%2C+New+York%2C+NY,https://www.google.com/maps/search/?api=1&query=40.719952%2C-73.981491,pending,False,,,2185488,http://www.nycgovparks.org/events/2026/07/27/session-2-hamilton-fish-pool-childrens-learn-to-swim-level-1-class-e
1014,session 2 hamilton fish pool children s learn to swim level 2 class a|2026-07-23,Session 2: Hamilton Fish Pool - Children's Learn to Swim Level 2 (Class A),2026-07-23T11:00 am,Main Pool (in Hamilton Fish Park),,40.719952,-73.981491,True,True,https://www.google.com/maps/search/?api=1&query=Main+Pool+%28in+Hamilton+Fish+Park%29%2C+New+York%2C+NY,https://www.google.com/maps/search/?api=1&query=40.719952%2C-73.981491,pending,False,,,2187316,http://www.nycgovparks.org/events/2026/07/23/session-2-hamilton-fish-pool-childrens-learn-to-swim-level-2-class-a
1015,session 2 hamilton fish pool children s learn to swim level 2 class b|2026-07-23,Session 2: Hamilton Fish Pool - Children's Learn to Swim Level 2 (Class B),2026-07-23T12:00 pm,Main Pool (in Hamilton Fish Park),,40.719952,-73.981491,True,True,https://www.google.com/maps/search/?api=1&query=Main+Pool+%28in+Hamilton+Fish+Park%29%2C+New+York%2C+NY,https://www.google.com/maps/search/?api=1&query=40.719952%2C-73.981491,pending,False,,,2187340,http://www.nycgovparks.org/events/2026/07/23/session-2-hamilton-fish-pool-childrens-learn-to-swim-level-2-class-b
1016,session 2 kosciuszko pool children s learn to swim level 1 class c|2026-07-22,Session 2: Kosciuszko Pool - Children's Learn to Swim Level 1 (Class C),2026-07-22T11:00 am,Kosciuszko Pool,,40.691200256348,-73.949501037598,True,True,https://www.google.com/maps/search/?api=1&query=Kosciuszko+Pool%2C+New+York%2C+NY,https://www.google.com/maps/search/?api=1&query=40.691200256348%2C-73.949501037598,pending,False,,,2186202,http://www.nycgovparks.org/events/2026/07/22/session-2-kosciuszko-pool-childrens-learn-to-swim-level-1-class-c
1017,session 2 kosciuszko pool children s learn to swim level 1 class c|2026-07-24,Session 2: Kosciuszko Pool - Children's Learn to Swim Level 1 (Class C),2026-07-24T11:00 am,Kosciuszko Pool,,40.691200256348,-73.949501037598,True,True,https://www.google.com/maps/search/?api=1&query=Kosciuszko+Pool%2C+New+York%2C+NY,https://www.google.com/maps/search/?api=1&query=40.691200256348%2C-73.949501037598,pending,False,,,2185235,http://www.nycgovparks.org/events/2026/07/24/session-2-kosciuszko-pool-childrens-learn-to-swim-level-1-class-c
1018,session 2 kosciuszko pool children s learn to swim level 1 class c|2026-07-27,Session 2: Kosciuszko Pool - Children's Learn to Swim Level 1 (Class C),2026-07-27T11:00 am,Kosciuszko Pool,,40.691200256348,-73.949501037598,True,True,https://www.google.com/maps/search/?api=1&query=Kosciuszko+Pool%2C+New+York%2C+NY,https://www.google.com/maps/search/?api=1&query=40.691200256348%2C-73.949501037598,pending,False,,,2185585,http://www.nycgovparks.org/events/2026/07/27/session-2-kosciuszko-pool-childrens-learn-to-swim-level-1-class-c
1019,session 2 kosciuszko pool children s learn to swim level 1 class d|2026-07-22,Session 2: Kosciuszko Pool - Children's Learn to Swim Level 1 (Class D),2026-07-22T12:00 pm,Kosciuszko Pool,,40.691200256348,-73.949501037598,True,True,https://www.google.com/maps/search/?api=1&query=Kosciuszko+Pool%2C+New+York%2C+NY,https://www.google.com/maps/search/?api=1&query=40.691200256348%2C-73.949501037598,pending,False,,,2185980,http://www.nycgovparks.org/events/2026/07/22/session-2-kosciuszko-pool-childrens-learn-to-swim-level-1-class-d
1020,session 2 kosciuszko pool children s learn to swim level 1 class d|2026-07-24,Session 2: Kosciuszko Pool - Children's Learn to Swim Level 1 (Class D),2026-07-24T12:00 pm,Kosciuszko Pool,,40.691200256348,-73.949501037598,True,True,https://www.google.com/maps/search/?api=1&query=Kosciuszko+Pool%2C+New+York%2C+NY,https://www.google.com/maps/search/?api=1&query=40.691200256348%2C-73.949501037598,pending,False,,,2186207,http://www.nycgovparks.org/events/2026/07/24/session-2-kosciuszko-pool-childrens-learn-to-swim-level-1-class-d
1021,session 2 kosciuszko pool children s learn to swim level 1 class d|2026-07-27,Session 2: Kosciuszko Pool - Children's Learn to Swim Level 1 (Class D),2026-07-27T12:00 pm,Kosciuszko Pool,,40.691200256348,-73.949501037598,True,True,https://www.google.com/maps/search/?api=1&query=Kosciuszko+Pool%2C+New+York%2C+NY,https://www.google.com/maps/search/?api=1&query=40.691200256348%2C-73.949501037598,pending,False,,,2186105,http://www.nycgovparks.org/events/2026/07/27/session-2-kosciuszko-pool-childrens-learn-to-swim-level-1-class-d
1022,session 2 kosciuszko pool children s learn to swim level 1 class e|2026-07-22,Session 2: Kosciuszko Pool - Children's Learn to Swim Level 1 (Class E),2026-07-22T1:00 pm,Kosciuszko Pool,,40.691200256348,-73.949501037598,True,True,https://www.google.com/maps/search/?api=1&query=Kosciuszko+Pool%2C+New+York%2C+NY,https://www.google.com/maps/search/?api=1&query=40.691200256348%2C-73.949501037598,pending,False,,,2185730,http://www.nycgovparks.org/events/2026/07/22/session-2-kosciuszko-pool-childrens-learn-to-swim-level-1-class-e
1023,session 2 kosciuszko pool children s learn to swim level 1 class e|2026-07-24,Session 2: Kosciuszko Pool - Children's Learn to Swim Level 1 (Class E),2026-07-24T1:00 pm,Kosciuszko Pool,,40.691200256348,-73.949501037598,True,True,https://www.google.com/maps/search/?api=1&query=Kosciuszko+Pool%2C+New+York%2C+NY,https://www.google.com/maps/search/?api=1&query=40.691200256348%2C-73.949501037598,pending,False,,,2186127,http://www.nycgovparks.org/events/2026/07/24/session-2-kosciuszko-pool-childrens-learn-to-swim-level-1-class-e
1024,session 2 kosciuszko pool children s learn to swim level 1 class e|2026-07-27,Session 2: Kosciuszko Pool - Children's Learn to Swim Level 1 (Class E),2026-07-27T1:00 pm,Kosciuszko Pool,,40.691200256348,-73.949501037598,True,True,https://www.google.com/maps/search/?api=1&query=Kosciuszko+Pool%2C+New+York%2C+NY,https://www.google.com/maps/search/?api=1&query=40.691200256348%2C-73.949501037598,pending,False,,,2186481,http://www.nycgovparks.org/events/2026/07/27/session-2-kosciuszko-pool-childrens-learn-to-swim-level-1-class-e
1025,session 2 kosciuszko pool children s learn to swim level 2 class a|2026-07-23,Session 2: Kosciuszko Pool - Children's Learn to Swim Level 2 (Class A),2026-07-23T11:00 am,Kosciuszko Pool,,40.691200256348,-73.949501037598,True,True,https://www.google.com/maps/search/?api=1&query=Kosciuszko+Pool%2C+New+York%2C+NY,https://www.google.com/maps/search/?api=1&query=40.691200256348%2C-73.949501037598,pending,False,,,2185630,http://www.nycgovparks.org/events/2026/07/23/session-2-kosciuszko-pool-childrens-learn-to-swim-level-2-class-a
1026,session 2 kosciuszko pool children s learn to swim level 2 class b|2026-07-23,Session 2: Kosciuszko Pool - Children's Learn to Swim Level 2 (Class B),2026-07-23T12:00 pm,Kosciuszko Pool,,40.691200256348,-73.949501037598,True,True,https://www.google.com/maps/search/?api=1&query=Kosciuszko+Pool%2C+New+York%2C+NY,https://www.google.com/maps/search/?api=1&query=40.691200256348%2C-73.949501037598,pending,False,,,2187323,http://www.nycgovparks.org/events/2026/07/23/session-2-kosciuszko-pool-childrens-learn-to-swim-level-2-class-b
1027,session 2 kosciuszko pool parent and tots learn to swim class b|2026-07-23,Session 2: Kosciuszko Pool - Parent and Tots Learn to Swim (Class B),2026-07-23T1:00 pm,Kosciuszko Pool,,40.691200256348,-73.949501037598,True,True,https://www.google.com/maps/search/?api=1&query=Kosciuszko+Pool%2C+New+York%2C+NY,https://www.google.com/maps/search/?api=1&query=40.691200256348%2C-73.949501037598,pending,False,,,2186517,http://www.nycgovparks.org/events/2026/07/23/session-2-kosciuszko-pool-parent-and-tots-learn-to-swim-class-b
1028,session 2 liberty pool children s learn to swim level 1 class b|2026-07-22,Session 2: Liberty Pool - Children's Learn to Swim Level 1 (Class B),2026-07-22T12:00 pm,Main Pool (in Detective Keith L Williams Park),,40.701805313058,-73.784103512764,True,True,https://www.google.com/maps/search/?api=1&query=Main+Pool+%28in+Detective+Keith+L+Williams+Park%29%2C+New+York%2C+NY,https://www.google.com/maps/search/?api=1&query=40.701805313058%2C-73.784103512764,pending,False,,,2193030,http://www.nycgovparks.org/events/2026/07/22/session-2-liberty-pool-childrens-learn-to-swim-level-1-class-b
1029,session 2 liberty pool children s learn to swim level 1 class b|2026-07-24,Session 2: Liberty Pool - Children's Learn to Swim Level 1 (Class B),2026-07-24T12:00 pm,Main Pool (in Detective Keith L Williams Park),,40.701805313058,-73.784103512764,True,True,https://www.google.com/maps/search/?api=1&query=Main+Pool+%28in+Detective+Keith+L+Williams+Park%29%2C+New+York%2C+NY,https://www.google.com/maps/search/?api=1&query=40.701805313058%2C-73.784103512764,pending,False,,,2193034,http://www.nycgovparks.org/events/2026/07/24/session-2-liberty-pool-childrens-learn-to-swim-level-1-class-b
1030,session 2 liberty pool children s learn to swim level 2 class b|2026-07-23,Session 2: Liberty Pool - Children's Learn to Swim Level 2 (Class B),2026-07-23T11:00 am,Main Pool (in Detective Keith L Williams Park),,40.701805313058,-73.784103512764,True,True,https://www.google.com/maps/search/?api=1&query=Main+Pool+%28in+Detective+Keith+L+Williams+Park%29%2C+New+York%2C+NY,https://www.google.com/maps/search/?api=1&query=40.701805313058%2C-73.784103512764,pending,False,,,2186366,http://www.nycgovparks.org/events/2026/07/23/session-2-liberty-pool-childrens-learn-to-swim-level-2-class-a
1031,session 2 liberty pool children s learn to swim level 2 class c|2026-07-23,Session 2: Liberty Pool - Children's Learn to Swim Level 2 (Class C),2026-07-23T12:00 pm,Main Pool (in Detective Keith L Williams Park),,40.701805313058,-73.784103512764,True,True,https://www.google.com/maps/search/?api=1&query=Main+Pool+%28in+Detective+Keith+L+Williams+Park%29%2C+New+York%2C+NY,https://www.google.com/maps/search/?api=1&query=40.701805313058%2C-73.784103512764,pending,False,,,2185734,http://www.nycgovparks.org/events/2026/07/23/session-2-liberty-pool-childrens-learn-to-swim-level-2-class-b
1032,session 2 liberty pool children s learn to swim level 2 class d|2026-07-23,Session 2: Liberty Pool - Children's Learn to Swim Level 2 (Class D),2026-07-23T1:00 pm,Main Pool (in Detective Keith L Williams Park),,40.701805313058,-73.784103512764,True,True,https://www.google.com/maps/search/?api=1&query=Main+Pool+%28in+Detective+Keith+L+Williams+Park%29%2C+New+York%2C+NY,https://www.google.com/maps/search/?api=1&query=40.701805313058%2C-73.784103512764,pending,False,,,2187274,http://www.nycgovparks.org/events/2026/07/23/session-2-liberty-pool-childrens-learn-to-swim-level-2-class-c
1033,session 2 lyons pool children s learn to swim level 1 class b|2026-07-22,Session 2: Lyons Pool - Children's Learn to Swim Level 1 (Class B),2026-07-22T11:00 am,Lyons Pool,,40.637199401855,-74.07430267334,True,True,https://www.google.com/maps/search/?api=1&query=Lyons+Pool%2C+New+York%2C+NY,https://www.google.com/maps/search/?api=1&query=40.637199401855%2C-74.07430267334,pending,False,,,2187394,http://www.nycgovparks.org/events/2026/07/22/session-2-lyons-pool-childrens-learn-to-swim-level-1-class-b
1034,session 2 lyons pool children s learn to swim level 1 class b|2026-07-23,Session 2: Lyons Pool - Children's Learn to Swim Level 1 (Class B),2026-07-23T11:00 am,Lyons Pool,,40.637199401855,-74.07430267334,True,True,https://www.google.com/maps/search/?api=1&query=Lyons+Pool%2C+New+York%2C+NY,https://www.google.com/maps/search/?api=1&query=40.637199401855%2C-74.07430267334,pending,False,,,2187309,http://www.nycgovparks.org/events/2026/07/23/session-2-lyons-pool-childrens-learn-to-swim-level-1-class-b
1035,session 2 lyons pool children s learn to swim level 1 class b|2026-07-27,Session 2: Lyons Pool - Children's Learn to Swim Level 1 (Class B),2026-07-27T11:00 am,Lyons Pool,,40.637199401855,-74.07430267334,True,True,https://www.google.com/maps/search/?api=1&query=Lyons+Pool%2C+New+York%2C+NY,https://www.google.com/maps/search/?api=1&query=40.637199401855%2C-74.07430267334,pending,False,,,2187047,http://www.nycgovparks.org/events/2026/07/27/session-2-lyons-pool-childrens-learn-to-swim-level-1-class-b
1036,session 2 lyons pool children s learn to swim level 1 class c|2026-07-22,Session 2: Lyons Pool - Children's Learn to Swim Level 1 (Class C),2026-07-22T12:00 pm,Lyons Pool,,40.637199401855,-74.07430267334,True,True,https://www.google.com/maps/search/?api=1&query=Lyons+Pool%2C+New+York%2C+NY,https://www.google.com/maps/search/?api=1&query=40.637199401855%2C-74.07430267334,pending,False,,,2186346,http://www.nycgovparks.org/events/2026/07/22/session-2-lyons-pool-childrens-learn-to-swim-level-1-class-c
1037,session 2 lyons pool children s learn to swim level 1 class c|2026-07-23,Session 2: Lyons Pool - Children's Learn to Swim Level 1 (Class C),2026-07-23T12:00 pm,Lyons Pool,,40.637199401855,-74.07430267334,True,True,https://www.google.com/maps/search/?api=1&query=Lyons+Pool%2C+New+York%2C+NY,https://www.google.com/maps/search/?api=1&query=40.637199401855%2C-74.07430267334,pending,False,,,2185383,http://www.nycgovparks.org/events/2026/07/23/session-2-lyons-pool-childrens-learn-to-swim-level-1-class-c
1038,session 2 lyons pool children s learn to swim level 1 class c|2026-07-27,Session 2: Lyons Pool - Children's Learn to Swim Level 1 (Class C),2026-07-27T12:00 pm,Lyons Pool,,40.637199401855,-74.07430267334,True,True,https://www.google.com/maps/search/?api=1&query=Lyons+Pool%2C+New+York%2C+NY,https://www.google.com/maps/search/?api=1&query=40.637199401855%2C-74.07430267334,pending,False,,,2186602,http://www.nycgovparks.org/events/2026/07/27/session-2-lyons-pool-childrens-learn-to-swim-level-1-class-c
1039,session 2 lyons pool children s learn to swim level 2 class a|2026-07-22,Session 2: Lyons Pool - Children's Learn to Swim Level 2 (Class A),2026-07-22T1:00 pm,Lyons Pool,,40.637199401855,-74.07430267334,True,True,https://www.google.com/maps/search/?api=1&query=Lyons+Pool%2C+New+York%2C+NY,https://www.google.com/maps/search/?api=1&query=40.637199401855%2C-74.07430267334,pending,False,,,2185510,http://www.nycgovparks.org/events/2026/07/22/session-2-lyons-pool-childrens-learn-to-swim-level-2-class-a
1040,session 2 lyons pool children s learn to swim level 2 class a|2026-07-24,Session 2: Lyons Pool - Children's Learn to Swim Level 2 (Class A),2026-07-24T1:00 pm,Lyons Pool,,40.637199401855,-74.07430267334,True,True,https://www.google.com/maps/search/?api=1&query=Lyons+Pool%2C+New+York%2C+NY,https://www.google.com/maps/search/?api=1&query=40.637199401855%2C-74.07430267334,pending,False,,,2198722,http://www.nycgovparks.org/events/2026/07/24/session-2-lyons-pool-childrens-learn-to-swim-level-2-class-a
1041,session 2 lyons pool children s learn to swim level 2 class a|2026-07-27,Session 2: Lyons Pool - Children's Learn to Swim Level 2 (Class A),2026-07-27T1:00 pm,Lyons Pool,,40.637199401855,-74.07430267334,True,True,https://www.google.com/maps/search/?api=1&query=Lyons+Pool%2C+New+York%2C+NY,https://www.google.com/maps/search/?api=1&query=40.637199401855%2C-74.07430267334,pending,False,,,2185705,http://www.nycgovparks.org/events/2026/07/27/session-2-lyons-pool-childrens-learn-to-swim-level-2-class-a
1042,session 2 lyons pool parent and tots learn to swim class b|2026-07-23,Session 2: Lyons Pool - Parent and Tots Learn to Swim (Class B),2026-07-23T1:00 pm,Lyons Pool,,40.637199401855,-74.07430267334,True,True,https://www.google.com/maps/search/?api=1&query=Lyons+Pool%2C+New+York%2C+NY,https://www.google.com/maps/search/?api=1&query=40.637199401855%2C-74.07430267334,pending,False,,,2186995,http://www.nycgovparks.org/events/2026/07/23/session-2-lyons-pool-parent-and-tots-learn-to-swim-class-b
1043,session 2 mccarren pool children s learn to swim level 1 class e|2026-07-22,Session 2: McCarren Pool - Children's Learn to Swim Level 1 (Class E),2026-07-22T1:00 pm,McCarren Park Pool (in McCarren Park),,40.7201557,-73.9517404,True,True,https://www.google.com/maps/search/?api=1&query=McCarren+Park+Pool+%28in+McCarren+Park%29%2C+New+York%2C+NY,https://www.google.com/maps/search/?api=1&query=40.7201557%2C-73.9517404,pending,False,,,2185419,http://www.nycgovparks.org/events/2026/07/22/session-2-mccarren-pool-childrens-learn-to-swim-level-1-class-d
1044,session 2 mccarren pool children s learn to swim level 1 class e|2026-07-24,Session 2: McCarren Pool - Children's Learn to Swim Level 1 (Class E),2026-07-24T1:00 pm,McCarren Park Pool (in McCarren Park),,40.7201557,-73.9517404,True,True,https://www.google.com/maps/search/?api=1&query=McCarren+Park+Pool+%28in+McCarren+Park%29%2C+New+York%2C+NY,https://www.google.com/maps/search/?api=1&query=40.7201557%2C-73.9517404,pending,False,,,2185707,http://www.nycgovparks.org/events/2026/07/24/session-2-mccarren-pool-childrens-learn-to-swim-level-1-class-d
1045,session 2 mccarren pool children s learn to swim level 1 class e|2026-07-27,Session 2: McCarren Pool - Children's Learn to Swim Level 1 (Class E),2026-07-27T1:00 pm,McCarren Park Pool (in McCarren Park),,40.7201557,-73.9517404,True,True,https://www.google.com/maps/search/?api=1&query=McCarren+Park+Pool+%28in+McCarren+Park%29%2C+New+York%2C+NY,https://www.google.com/maps/search/?api=1&query=40.7201557%2C-73.9517404,pending,False,,,2185609,http://www.nycgovparks.org/events/2026/07/27/session-2-mccarren-pool-childrens-learn-to-swim-level-1-class-d
1046,session 2 mccarren pool children s learn to swim level 2 class b|2026-07-23,Session 2: McCarren Pool - Children's Learn to Swim Level 2 (Class B),2026-07-23T12:00 pm,McCarren Park Pool (in McCarren Park),,40.7201557,-73.9517404,True,True,https://www.google.com/maps/search/?api=1&query=McCarren+Park+Pool+%28in+McCarren+Park%29%2C+New+York%2C+NY,https://www.google.com/maps/search/?api=1&query=40.7201557%2C-73.9517404,pending,False,,,2186632,http://www.nycgovparks.org/events/2026/07/23/session-2-mccarren-pool-childrens-learn-to-swim-level-2-class-a
1047,session 2 mccarren pool children s learn to swim level 2 class c|2026-07-23,Session 2: McCarren Pool - Children's Learn to Swim Level 2 (Class C),2026-07-23T1:00 pm,McCarren Park Pool (in McCarren Park),,40.7201557,-73.9517404,True,True,https://www.google.com/maps/search/?api=1&query=McCarren+Park+Pool+%28in+McCarren+Park%29%2C+New+York%2C+NY,https://www.google.com/maps/search/?api=1&query=40.7201557%2C-73.9517404,pending,False,,,2187910,http://www.nycgovparks.org/events/2026/07/23/session-2-mccarren-pool-childrens-learn-to-swim-level-2-class-b
1048,session 2 mccarren pool parent and tots learn to swim class a|2026-07-23,Session 2: McCarren Pool - Parent and Tots Learn to Swim (Class A),2026-07-23T10:00 am,McCarren Park Pool (in McCarren Park),,40.7201557,-73.9517404,True,True,https://www.google.com/maps/search/?api=1&query=McCarren+Park+Pool+%28in+McCarren+Park%29%2C+New+York%2C+NY,https://www.google.com/maps/search/?api=1&query=40.7201557%2C-73.9517404,pending,False,,,2185840,http://www.nycgovparks.org/events/2026/07/23/session-2-mccarren-pool-parent-and-tots-learn-to-swim-class-a
1049,session 2 mccarren pool parent and tots learn to swim class b|2026-07-23,Session 2: McCarren Pool - Parent and Tots Learn to Swim (Class B),2026-07-23T11:00 am,McCarren Park Pool (in McCarren Park),,40.7201557,-73.9517404,True,True,https://www.google.com/maps/search/?api=1&query=McCarren+Park+Pool+%28in+McCarren+Park%29%2C+New+York%2C+NY,https://www.google.com/maps/search/?api=1&query=40.7201557%2C-73.9517404,pending,False,,,2186880,http://www.nycgovparks.org/events/2026/07/23/session-2-mccarren-pool-parent-and-tots-learn-to-swim-class-b
1050,session 2 parent tots learn to swim liberty pool class a|2026-07-22,Session 2: Parent & Tots Learn to Swim Liberty Pool (Class A),2026-07-22T10:00 am,Main Pool (in Detective Keith L Williams Park),,40.701805313058,-73.784103512764,True,True,https://www.google.com/maps/search/?api=1&query=Main+Pool+%28in+Detective+Keith+L+Williams+Park%29%2C+New+York%2C+NY,https://www.google.com/maps/search/?api=1&query=40.701805313058%2C-73.784103512764,pending,False,,,2186270,http://www.nycgovparks.org/events/2026/07/22/session-2-parent-tots-learn-to-swim-liberty-pool-class-a
1051,session 2 parent tots learn to swim liberty pool class a|2026-07-24,Session 2: Parent & Tots Learn to Swim Liberty Pool (Class A),2026-07-24T10:00 am,Main Pool (in Detective Keith L Williams Park),,40.701805313058,-73.784103512764,True,True,https://www.google.com/maps/search/?api=1&query=Main+Pool+%28in+Detective+Keith+L+Williams+Park%29%2C+New+York%2C+NY,https://www.google.com/maps/search/?api=1&query=40.701805313058%2C-73.784103512764,pending,False,,,2186239,http://www.nycgovparks.org/events/2026/07/24/session-2-parent-tots-learn-to-swim-liberty-pool-class-a
1052,session 2 parent tots learn to swim liberty pool class a|2026-07-27,Session 2: Parent & Tots Learn to Swim Liberty Pool (Class A),2026-07-27T10:00 am,Main Pool (in Detective Keith L Williams Park),,40.701805313058,-73.784103512764,True,True,https://www.google.com/maps/search/?api=1&query=Main+Pool+%28in+Detective+Keith+L+Williams+Park%29%2C+New+York%2C+NY,https://www.google.com/maps/search/?api=1&query=40.701805313058%2C-73.784103512764,pending,False,,,2185916,http://www.nycgovparks.org/events/2026/07/27/session-2-parent-tots-learn-to-swim-liberty-pool-class-a
1053,session 2 parent tots learn to swim liberty pool class b|2026-07-22,Session 2: Parent & Tots Learn to Swim Liberty Pool (Class B),2026-07-22T11:00 am,Main Pool (in Detective Keith L Williams Park),,40.701805313058,-73.784103512764,True,True,https://www.google.com/maps/search/?api=1&query=Main+Pool+%28in+Detective+Keith+L+Williams+Park%29%2C+New+York%2C+NY,https://www.google.com/maps/search/?api=1&query=40.701805313058%2C-73.784103512764,pending,False,,,2185658,http://www.nycgovparks.org/events/2026/07/22/session-2-parent-tots-learn-to-swim-liberty-pool-class-b
1054,session 2 parent tots learn to swim liberty pool class b|2026-07-24,Session 2: Parent & Tots Learn to Swim Liberty Pool (Class B),2026-07-24T11:00 am,Main Pool (in Detective Keith L Williams Park),,40.701805313058,-73.784103512764,True,True,https://www.google.com/maps/search/?api=1&query=Main+Pool+%28in+Detective+Keith+L+Williams+Park%29%2C+New+York%2C+NY,https://www.google.com/maps/search/?api=1&query=40.701805313058%2C-73.784103512764,pending,False,,,2185903,http://www.nycgovparks.org/events/2026/07/24/session-2-parent-tots-learn-to-swim-liberty-pool-class-b
1055,session 2 van cortlandt pool parent and tots learn to swim class a|2026-07-23,Session 2: Van Cortlandt Pool - Parent and Tots Learn to Swim (Class A),2026-07-23T9:00 am,Van Cortlandt Park Pool (in Van Cortlandt Park),,40.889883734909,-73.896080255508,True,True,https://www.google.com/maps/search/?api=1&query=Van+Cortlandt+Park+Pool+%28in+Van+Cortlandt+Park%29%2C+New+York%2C+NY,https://www.google.com/maps/search/?api=1&query=40.889883734909%2C-73.896080255508,pending,False,,,2186436,http://www.nycgovparks.org/events/2026/07/23/session-2-van-cortlandt-pool-parent-and-tots-learn-to-swim-class-a
1056,session 2 van cortlandt pool parent and tots learn to swim class b|2026-07-23,Session 2: Van Cortlandt Pool - Parent and Tots Learn to Swim (Class B),2026-07-23T11:00 am,Van Cortlandt Park Pool (in Van Cortlandt Park),,40.889883734909,-73.896080255508,True,True,https://www.google.com/maps/search/?api=1&query=Van+Cortlandt+Park+Pool+%28in+Van+Cortlandt+Park%29%2C+New+York%2C+NY,https://www.google.com/maps/search/?api=1&query=40.889883734909%2C-73.896080255508,pending,False,,,2186508,http://www.nycgovparks.org/events/2026/07/23/session-2-van-cortlandt-pool-parent-and-tots-learn-to-swim-class-b
1057,sharqui the belly dance workout|2026-07-16,SharQui- The belly dance workout,2026-07-16T6:00 pm,Multi-Use Room C (in McCarren Park),,40.7201004,-73.94999695,True,True,https://www.google.com/maps/search/?api=1&query=Multi-Use+Room+C+%28in+McCarren+Park%29%2C+New+York%2C+NY,https://www.google.com/maps/search/?api=1&query=40.7201004%2C-73.94999695,pending,False,,,2209857,http://www.nycgovparks.org/events/2026/07/16/sharqui-the-belly-dance-workout
1058,sharqui the belly dance workout|2026-07-23,SharQui- The belly dance workout,2026-07-23T6:00 pm,Multi-Use Room C (in McCarren Park),,40.7201004,-73.94999695,True,True,https://www.google.com/maps/search/?api=1&query=Multi-Use+Room+C+%28in+McCarren+Park%29%2C+New+York%2C+NY,https://www.google.com/maps/search/?api=1&query=40.7201004%2C-73.94999695,pending,False,,,2209844,http://www.nycgovparks.org/events/2026/07/23/sharqui-the-belly-dance-workout
1059,shea butter grooves|2026-07-18,Shea Butter Grooves,2026-07-18T12:00 pm,Fit4Dance NYC,,40.6487517,-73.9572669,True,False,https://www.google.com/maps/search/?api=1&query=Fit4Dance+NYC%2C+New+York%2C+NY,https://www.google.com/maps/search/?api=1&query=40.6487517%2C-73.9572669,pending,False,,,2211069,http://www.nycgovparks.org/events/2026/07/18/shea-butter-grooves
1060,shea butter grooves|2026-07-25,Shea Butter Grooves,2026-07-25T12:00 pm,Fit4Dance NYC,,40.6487517,-73.9572669,True,False,https://www.google.com/maps/search/?api=1&query=Fit4Dance+NYC%2C+New+York%2C+NY,https://www.google.com/maps/search/?api=1&query=40.6487517%2C-73.9572669,pending,False,,,2211023,http://www.nycgovparks.org/events/2026/07/25/shea-butter-grooves
1061,silent disco on the bay|2026-07-17,Silent Disco On The Bay,2026-07-17T7:30 pm,Little Bay Park,,40.78960037231445,-73.78700256347656,True,True,https://www.google.com/maps/search/?api=1&query=Little+Bay+Park%2C+New+York%2C+NY,https://www.google.com/maps/search/?api=1&query=40.78960037231445%2C-73.78700256347656,pending,False,,,2200939,http://www.nycgovparks.org/events/2026/07/17/silent-disco-on-the-bay
1062,slow flow yoga|2026-07-16,Slow Flow Yoga,2026-07-16T6:00 pm,Dance Room (in Hamilton Fish Park),,40.71979904,-73.98179626,True,True,https://www.google.com/maps/search/?api=1&query=Dance+Room+%28in+Hamilton+Fish+Park%29%2C+New+York%2C+NY,https://www.google.com/maps/search/?api=1&query=40.71979904%2C-73.98179626,pending,False,,,2191369,http://www.nycgovparks.org/events/2026/07/16/slow-flow-yoga
1063,slow flow yoga|2026-07-23,Slow Flow Yoga,2026-07-23T6:00 pm,Dance Room (in Hamilton Fish Park),,40.71979904,-73.98179626,True,True,https://www.google.com/maps/search/?api=1&query=Dance+Room+%28in+Hamilton+Fish+Park%29%2C+New+York%2C+NY,https://www.google.com/maps/search/?api=1&query=40.71979904%2C-73.98179626,pending,False,,,2191372,http://www.nycgovparks.org/events/2026/07/23/slow-flow-yoga
1064,soca sweat dance fitness|2026-07-21,Soca Sweat Dance Fitness,2026-07-21T6:00 pm,NYC Department of Health and Mental Hygiene- Bedford-Stuyvesant Center,,40.6855549,-73.9411715,True,True,https://www.google.com/maps/search/?api=1&query=NYC+Department+of+Health+and+Mental+Hygiene-+Bedford-Stuyvesant+Center%2C+New+York%2C+NY,https://www.google.com/maps/search/?api=1&query=40.6855549%2C-73.9411715,pending,False,,,2139699,http://www.nycgovparks.org/events/2026/07/21/soca-sweat-dance-fitness
1065,soccer skills with new york football academy|2026-07-25,Soccer Skills with New York Football Academy,2026-07-25T1:00 pm,Harlem Grown 134th Street Farm,,40.8140187,-73.9427287,True,True,https://www.google.com/maps/search/?api=1&query=Harlem+Grown+134th+Street+Farm%2C+New+York%2C+NY,https://www.google.com/maps/search/?api=1&query=40.8140187%2C-73.9427287,pending,False,,,2179627,http://www.nycgovparks.org/events/2026/07/25/soccer-skills-with-new-york-football-academy
1066,spotted lanternfly trap building|2026-07-26,Spotted Lanternfly Trap Building,2026-07-26T10:00 am,Greenbelt Nature Center (in Blood Root Valley),,40.588401794434,-74.139099121094,True,True,https://www.google.com/maps/search/?api=1&query=Greenbelt+Nature+Center+%28in+Blood+Root+Valley%29%2C+New+York%2C+NY,https://www.google.com/maps/search/?api=1&query=40.588401794434%2C-74.139099121094,pending,False,,,2190759,http://www.nycgovparks.org/events/2026/07/26/spotted-lanternfly-trap-building
1067,step aerobics|2026-07-20,Step Aerobics,2026-07-20T10:30 am,New Settlement Community Center,,40.84238815307617,-73.91618347167969,True,True,https://www.google.com/maps/search/?api=1&query=New+Settlement+Community+Center%2C+New+York%2C+NY,https://www.google.com/maps/search/?api=1&query=40.84238815307617%2C-73.91618347167969,pending,False,,,2184438,http://www.nycgovparks.org/events/2026/07/20/step-aerobics
1068,step aerobics|2026-07-27,Step Aerobics,2026-07-27T10:30 am,New Settlement Community Center,,40.84238815307617,-73.91618347167969,True,True,https://www.google.com/maps/search/?api=1&query=New+Settlement+Community+Center%2C+New+York%2C+NY,https://www.google.com/maps/search/?api=1&query=40.84238815307617%2C-73.91618347167969,pending,False,,,2184252,http://www.nycgovparks.org/events/2026/07/27/step-aerobics
1069,stewardship morning at the foodway|2026-07-21,Stewardship Morning at the Foodway,2026-07-21T10:00 am,Concrete Plant Park,,40.826900482177734,-73.88480377197266,True,True,https://www.google.com/maps/search/?api=1&query=Concrete+Plant+Park%2C+New+York%2C+NY,https://www.google.com/maps/search/?api=1&query=40.826900482177734%2C-73.88480377197266,pending,False,,,2169849,http://www.nycgovparks.org/events/2026/07/21/stewardship-morning-at-the-foodway
1070,storytime at bryant park reading room|2026-07-21,StoryTime at Bryant Park Reading Room,2026-07-21T10:30 am,Reading Room (in Bryant Park),,40.754116748576,-73.983368813992,True,True,https://www.google.com/maps/search/?api=1&query=Reading+Room+%28in+Bryant+Park%29%2C+New+York%2C+NY,https://www.google.com/maps/search/?api=1&query=40.754116748576%2C-73.983368813992,pending,False,,,2183843,http://www.nycgovparks.org/events/2026/07/21/storytime-at-bryant-park-reading-room
1071,strength cardio circuit training|2026-07-19,Strength & Cardio Circuit Training,2026-07-19T9:30 am,Dance Room (in St. James Park),,40.86443093737,-73.89871762693,True,False,https://www.google.com/maps/search/?api=1&query=Dance+Room+%28in+St.+James+Park%29%2C+New+York%2C+NY,https://www.google.com/maps/search/?api=1&query=40.86443093737%2C-73.89871762693,pending,False,,,2210390,http://www.nycgovparks.org/events/2026/07/19/strength-cardio-circuit-training
1072,strength cardio circuit training|2026-07-26,Strength & Cardio Circuit Training,2026-07-26T9:30 am,Dance Room (in St. James Park),,40.86443093737,-73.89871762693,True,False,https://www.google.com/maps/search/?api=1&query=Dance+Room+%28in+St.+James+Park%29%2C+New+York%2C+NY,https://www.google.com/maps/search/?api=1&query=40.86443093737%2C-73.89871762693,pending,False,,,2210433,http://www.nycgovparks.org/events/2026/07/26/strength-cardio-circuit-training
1073,strength in motion|2026-07-16,Strength In Motion,2026-07-16T1:00 pm,NYPL - Spuyten Duyvil,,40.886241912842,-73.91463470459,True,True,https://www.google.com/maps/search/?api=1&query=NYPL+-+Spuyten+Duyvil%2C+New+York%2C+NY,https://www.google.com/maps/search/?api=1&query=40.886241912842%2C-73.91463470459,pending,False,,,2208078,http://www.nycgovparks.org/events/2026/07/16/strength-in-motion
1074,strength in motion|2026-07-23,Strength In Motion,2026-07-23T1:00 pm,NYPL - Spuyten Duyvil,,40.886241912842,-73.91463470459,True,True,https://www.google.com/maps/search/?api=1&query=NYPL+-+Spuyten+Duyvil%2C+New+York%2C+NY,https://www.google.com/maps/search/?api=1&query=40.886241912842%2C-73.91463470459,pending,False,,,2208125,http://www.nycgovparks.org/events/2026/07/23/strength-in-motion
1075,strong and steady circuit training|2026-07-20,Strong and Steady Circuit Training,2026-07-20T6:00 pm,Brownsville Neighborhood Health Action Center,,40.6646618,-73.9111354,True,True,https://www.google.com/maps/search/?api=1&query=Brownsville+Neighborhood+Health+Action+Center%2C+New+York%2C+NY,https://www.google.com/maps/search/?api=1&query=40.6646618%2C-73.9111354,pending,False,,,2192664,http://www.nycgovparks.org/events/2026/07/20/strong-and-steady-circuit-training
1076,strong and steady circuit training|2026-07-27,Strong and Steady Circuit Training,2026-07-27T6:00 pm,Brownsville Neighborhood Health Action Center,,40.6646618,-73.9111354,True,True,https://www.google.com/maps/search/?api=1&query=Brownsville+Neighborhood+Health+Action+Center%2C+New+York%2C+NY,https://www.google.com/maps/search/?api=1&query=40.6646618%2C-73.9111354,pending,False,,,2192357,http://www.nycgovparks.org/events/2026/07/27/strong-and-steady-circuit-training
1077,strong for life circuit training|2026-07-18,Strong For Life Circuit Training,2026-07-18T10:00 am,BPL- Macon Library,,40.6830369,-73.9348376,True,True,https://www.google.com/maps/search/?api=1&query=BPL-+Macon+Library%2C+New+York%2C+NY,https://www.google.com/maps/search/?api=1&query=40.6830369%2C-73.9348376,pending,False,,,2189363,http://www.nycgovparks.org/events/2026/07/18/strong-for-life-circuit-training
1078,strong for life circuit training|2026-07-25,Strong For Life Circuit Training,2026-07-25T10:00 am,BPL- Macon Library,,40.6830369,-73.9348376,True,True,https://www.google.com/maps/search/?api=1&query=BPL-+Macon+Library%2C+New+York%2C+NY,https://www.google.com/maps/search/?api=1&query=40.6830369%2C-73.9348376,pending,False,,,2189198,http://www.nycgovparks.org/events/2026/07/25/strong-for-life-circuit-training
1079,strong nation 174|2026-07-18,STRONG Nation&#174;,2026-07-18T10:30 am,Rock Climbing Wall Room (in Gertrude Ederle Recreation Center),,40.77149963,-73.9885025,True,False,https://www.google.com/maps/search/?api=1&query=Rock+Climbing+Wall+Room+%28in+Gertrude+Ederle+Recreation+Center%29%2C+New+York%2C+NY,https://www.google.com/maps/search/?api=1&query=40.77149963%2C-73.9885025,pending,False,,,2177920,http://www.nycgovparks.org/events/2026/07/18/strong-nation1
1080,strong nation 174|2026-07-25,STRONG Nation&#174;,2026-07-25T10:30 am,Rock Climbing Wall Room (in Gertrude Ederle Recreation Center),,40.77149963,-73.9885025,True,False,https://www.google.com/maps/search/?api=1&query=Rock+Climbing+Wall+Room+%28in+Gertrude+Ederle+Recreation+Center%29%2C+New+York%2C+NY,https://www.google.com/maps/search/?api=1&query=40.77149963%2C-73.9885025,pending,False,,,2177841,http://www.nycgovparks.org/events/2026/07/25/strong-nation1
1081,sugar hill art festival|2026-07-19,Sugar Hill Art Festival,2026-07-19T12:00 pm,Jackie Robinson Park -  Bandshell (in Jackie Robinson Park),,40.825152060797,-73.94154626131,True,True,https://www.google.com/maps/search/?api=1&query=Jackie+Robinson+Park+-++Bandshell+%28in+Jackie+Robinson+Park%29%2C+New+York%2C+NY,https://www.google.com/maps/search/?api=1&query=40.825152060797%2C-73.94154626131,pending,False,,,2201712,http://www.nycgovparks.org/events/2026/07/19/sugar-hill-art-festival
1082,summer concert series crystal ship tribute to the doors 60th anniversary|2026-07-16,Summer Concert Series - Crystal Ship - Tribute to the Doors 60th Anniversary,2026-07-16T7:30 pm,"George Seuffert, Sr. Bandshell (in Forest Park)",,40.698490906468,-73.858116269112,True,True,https://www.google.com/maps/search/?api=1&query=George+Seuffert%2C+Sr.+Bandshell+%28in+Forest+Park%29%2C+New+York%2C+NY,https://www.google.com/maps/search/?api=1&query=40.698490906468%2C-73.858116269112,pending,False,,,2184028,http://www.nycgovparks.org/events/2026/07/16/summer-concert-series-crystal-ship-tribute-to-the-doors-60
1083,summer concert series queens jazz trail arturo o farrill|2026-07-23,Summer Concert Series - Queens Jazz Trail - Arturo O'Farrill,2026-07-23T7:00 pm,"George Seuffert, Sr. Bandshell (in Forest Park)",,40.698490906468,-73.858116269112,True,True,https://www.google.com/maps/search/?api=1&query=George+Seuffert%2C+Sr.+Bandshell+%28in+Forest+Park%29%2C+New+York%2C+NY,https://www.google.com/maps/search/?api=1&query=40.698490906468%2C-73.858116269112,pending,False,,,2184029,http://www.nycgovparks.org/events/2026/07/23/summer-concert-series-queens-jazz-trail-arturo-ofarrill
1084,summer on the hudson amplified sundays featuring chispa|2026-07-26,Summer on the Hudson: Amplified Sundays featuring Chispa,2026-07-26T7:00 pm,Pier I (in Riverside Park South),,40.77970123291,-73.988899230957,True,True,https://www.google.com/maps/search/?api=1&query=Pier+I+%28in+Riverside+Park+South%29%2C+New+York%2C+NY,https://www.google.com/maps/search/?api=1&query=40.77970123291%2C-73.988899230957,pending,False,,,2136553,http://www.nycgovparks.org/events/2026/07/26/summer-on-the-hudson-amplified-sundays
1085,summer on the hudson amplified sundays featuring dawn drake and zapote|2026-07-19,Summer on the Hudson: Amplified Sundays featuring Dawn Drake and ZapOte,2026-07-19T7:00 pm,Pier I (in Riverside Park South),,40.77970123291,-73.988899230957,True,True,https://www.google.com/maps/search/?api=1&query=Pier+I+%28in+Riverside+Park+South%29%2C+New+York%2C+NY,https://www.google.com/maps/search/?api=1&query=40.77970123291%2C-73.988899230957,pending,False,,,2136552,http://www.nycgovparks.org/events/2026/07/19/summer-on-the-hudson-amplified-sundays
1086,summer on the hudson art in the park|2026-07-20,Summer on the Hudson: Art in the Park,2026-07-20T10:00 am,Riverbank (Camel) Playground (in Riverside Park),,40.825620483281,-73.953554391861,True,True,https://www.google.com/maps/search/?api=1&query=Riverbank+%28Camel%29+Playground+%28in+Riverside+Park%29%2C+New+York%2C+NY,https://www.google.com/maps/search/?api=1&query=40.825620483281%2C-73.953554391861,pending,False,,,2195866,http://www.nycgovparks.org/events/2026/07/20/summer-on-the-hudson-art-in-the-park
1087,summer on the hudson art in the park|2026-07-21,Summer on the Hudson: Art in the Park,2026-07-21T10:00 am,Hippo Playground (in Riverside Park),,40.79309844970703,-73.97820281982422,True,True,https://www.google.com/maps/search/?api=1&query=Hippo+Playground+%28in+Riverside+Park%29%2C+New+York%2C+NY,https://www.google.com/maps/search/?api=1&query=40.79309844970703%2C-73.97820281982422,pending,False,,,2195853,http://www.nycgovparks.org/events/2026/07/21/summer-on-the-hudson-art-in-the-park
1088,summer on the hudson art in the park|2026-07-22,Summer on the Hudson: Art in the Park,2026-07-22T10:00 am,Hippo Playground (in Riverside Park),,40.79309844970703,-73.97820281982422,True,True,https://www.google.com/maps/search/?api=1&query=Hippo+Playground+%28in+Riverside+Park%29%2C+New+York%2C+NY,https://www.google.com/maps/search/?api=1&query=40.79309844970703%2C-73.97820281982422,pending,False,,,2195854,http://www.nycgovparks.org/events/2026/07/22/summer-on-the-hudson-art-in-the-park
1089,summer on the hudson art in the park|2026-07-23,Summer on the Hudson: Art in the Park,2026-07-23T10:00 am,Riverbank (Camel) Playground (in Riverside Park),,40.825620483281,-73.953554391861,True,True,https://www.google.com/maps/search/?api=1&query=Riverbank+%28Camel%29+Playground+%28in+Riverside+Park%29%2C+New+York%2C+NY,https://www.google.com/maps/search/?api=1&query=40.825620483281%2C-73.953554391861,pending,False,,,2195867,http://www.nycgovparks.org/events/2026/07/23/summer-on-the-hudson-art-in-the-park
1090,summer on the hudson art in the park|2026-07-27,Summer on the Hudson: Art in the Park,2026-07-27T10:00 am,Riverbank (Camel) Playground (in Riverside Park),,40.825620483281,-73.953554391861,True,True,https://www.google.com/maps/search/?api=1&query=Riverbank+%28Camel%29+Playground+%28in+Riverside+Park%29%2C+New+York%2C+NY,https://www.google.com/maps/search/?api=1&query=40.825620483281%2C-73.953554391861,pending,False,,,2195868,http://www.nycgovparks.org/events/2026/07/27/summer-on-the-hudson-art-in-the-park
1091,summer on the hudson billion oyster project presentation|2026-07-18,Summer on the Hudson: Billion Oyster Project Presentation,2026-07-18T12:00 pm,On the Pier (in West Harlem Piers),,40.818801879883,-73.961097717285,True,True,https://www.google.com/maps/search/?api=1&query=On+the+Pier+%28in+West+Harlem+Piers%29%2C+New+York%2C+NY,https://www.google.com/maps/search/?api=1&query=40.818801879883%2C-73.961097717285,pending,False,,,2146906,http://www.nycgovparks.org/events/2026/07/18/summer-on-the-hudson-billion-oyster-project-presentation
1092,summer on the hudson birding tour|2026-07-25,Summer on the Hudson: Birding Tour,2026-07-25T8:00 am,116th Street and Riverside Drive (in Riverside Park),,40.808973359643,-73.966032028198,True,True,https://www.google.com/maps/search/?api=1&query=116th+Street+and+Riverside+Drive+%28in+Riverside+Park%29%2C+New+York%2C+NY,https://www.google.com/maps/search/?api=1&query=40.808973359643%2C-73.966032028198,pending,False,,,2176653,http://www.nycgovparks.org/events/2026/07/25/summer-on-the-hudson-birding-tour
1093,summer on the hudson cardio dance with caro|2026-07-21,Summer on the Hudson: Cardio Dance with Caro,2026-07-21T6:30 pm,145th and the Hudson River (in Riverside Park),,40.82749938964844,-73.95349884033203,True,True,https://www.google.com/maps/search/?api=1&query=145th+and+the+Hudson+River+%28in+Riverside+Park%29%2C+New+York%2C+NY,https://www.google.com/maps/search/?api=1&query=40.82749938964844%2C-73.95349884033203,pending,False,,,2146821,http://www.nycgovparks.org/events/2026/07/21/summer-on-the-hudson-cardio-dance
1094,summer on the hudson children s performance series featuring joanie leeds|2026-07-23,Summer on the Hudson: Children's Performance Series featuring Joanie Leeds,2026-07-23T10:00 am,Pier I (in Riverside Park South),,40.77970123291,-73.988899230957,True,True,https://www.google.com/maps/search/?api=1&query=Pier+I+%28in+Riverside+Park+South%29%2C+New+York%2C+NY,https://www.google.com/maps/search/?api=1&query=40.77970123291%2C-73.988899230957,pending,False,,,2137085,http://www.nycgovparks.org/events/2026/07/23/summer-on-the-hudson-childrens-performance-series
1095,summer on the hudson children s performance series featuring lucy kalantari the jazz cats|2026-07-16,Summer on the Hudson: Children's Performance Series featuring Lucy Kalantari & the Jazz Cats,2026-07-16T10:00 am,Pier I (in Riverside Park South),,40.77970123291,-73.988899230957,True,True,https://www.google.com/maps/search/?api=1&query=Pier+I+%28in+Riverside+Park+South%29%2C+New+York%2C+NY,https://www.google.com/maps/search/?api=1&query=40.77970123291%2C-73.988899230957,pending,False,,,2137084,http://www.nycgovparks.org/events/2026/07/16/summer-on-the-hudson-childrens-performance-series
1096,summer on the hudson everybody tango|2026-07-22,Summer on the Hudson: Everybody Tango!,2026-07-22T6:30 pm,On the Pier (in West Harlem Piers),,40.818801879883,-73.961097717285,True,True,https://www.google.com/maps/search/?api=1&query=On+the+Pier+%28in+West+Harlem+Piers%29%2C+New+York%2C+NY,https://www.google.com/maps/search/?api=1&query=40.818801879883%2C-73.961097717285,pending,False,,,2152363,http://www.nycgovparks.org/events/2026/07/22/summer-on-the-hudson-everybody-tango
1097,summer on the hudson harlem moves with lim 243 n dance company|2026-07-17,Summer on the Hudson: Harlem Moves with Lim&#243;n Dance Company,2026-07-17T6:00 pm,125th Street and Marginal Street (in West Harlem Piers),,40.8188362121582,-73.9609146118164,True,False,https://www.google.com/maps/search/?api=1&query=125th+Street+and+Marginal+Street+%28in+West+Harlem+Piers%29%2C+New+York%2C+NY,https://www.google.com/maps/search/?api=1&query=40.8188362121582%2C-73.9609146118164,pending,False,,,2152351,http://www.nycgovparks.org/events/2026/07/17/summer-on-the-hudson-harlem-moves-with-limn-dance-company
1098,summer on the hudson horticulture tour of riverside park|2026-07-17,Summer on the Hudson: Horticulture Tour of Riverside Park,2026-07-17T10:00 am,120th Street and Riverside Drive (in Riverside Park),,40.811324530464,-73.964172005653,True,True,https://www.google.com/maps/search/?api=1&query=120th+Street+and+Riverside+Drive+%28in+Riverside+Park%29%2C+New+York%2C+NY,https://www.google.com/maps/search/?api=1&query=40.811324530464%2C-73.964172005653,pending,False,,,2146795,http://www.nycgovparks.org/events/2026/07/17/summer-on-the-hudson-horticulture-tour-of-riverside-park
1099,summer on the hudson movement speaks workshop|2026-07-22,Summer on the Hudson: Movement Speaks Workshop,2026-07-22T11:00 am,General Grant National Memorial (Grant's Tomb) (in Riverside Park),,40.813201904297,-73.962997436523,True,True,https://www.google.com/maps/search/?api=1&query=General+Grant+National+Memorial+%28Grant%27s+Tomb%29+%28in+Riverside+Park%29%2C+New+York%2C+NY,https://www.google.com/maps/search/?api=1&query=40.813201904297%2C-73.962997436523,pending,False,,,2152373,http://www.nycgovparks.org/events/2026/07/22/summer-on-the-hudson-movement-speaks-workshop
1100,summer on the hudson mycelium a solar powered concert|2026-07-16,Summer on the Hudson: Mycelium - A Solar-Powered Concert,2026-07-16T7:00 pm,Pier I (in Riverside Park South),,40.77970123291,-73.988899230957,True,True,https://www.google.com/maps/search/?api=1&query=Pier+I+%28in+Riverside+Park+South%29%2C+New+York%2C+NY,https://www.google.com/maps/search/?api=1&query=40.77970123291%2C-73.988899230957,pending,False,,,2136555,http://www.nycgovparks.org/events/2026/07/16/summer-on-the-hudson-mycelium
1101,summer on the hudson over under through|2026-07-19,"Summer on the Hudson: Over, Under, Through",2026-07-19T11:00 am,Parkour Park (in Riverside Park South),,40.780084854514,-73.98849773407,True,True,https://www.google.com/maps/search/?api=1&query=Parkour+Park+%28in+Riverside+Park+South%29%2C+New+York%2C+NY,https://www.google.com/maps/search/?api=1&query=40.780084854514%2C-73.98849773407,pending,False,,,2137101,http://www.nycgovparks.org/events/2026/07/19/summer-on-the-hudson-over-under-through
1102,summer on the hudson over under through|2026-07-26,"Summer on the Hudson: Over, Under, Through",2026-07-26T11:00 am,Parkour Park (in Riverside Park South),,40.780084854514,-73.98849773407,True,True,https://www.google.com/maps/search/?api=1&query=Parkour+Park+%28in+Riverside+Park+South%29%2C+New+York%2C+NY,https://www.google.com/maps/search/?api=1&query=40.780084854514%2C-73.98849773407,pending,False,,,2137102,http://www.nycgovparks.org/events/2026/07/26/summer-on-the-hudson-over-under-through
1103,summer on the hudson pier i picture show loving vincent 2017|2026-07-22,Summer on the Hudson: Pier I Picture Show- Loving Vincent (2017),2026-07-22T8:30 pm,Pier I (in Riverside Park South),,40.77970123291,-73.988899230957,True,True,https://www.google.com/maps/search/?api=1&query=Pier+I+%28in+Riverside+Park+South%29%2C+New+York%2C+NY,https://www.google.com/maps/search/?api=1&query=40.77970123291%2C-73.988899230957,pending,False,,,2136527,http://www.nycgovparks.org/events/2026/07/22/summer-on-the-hudson-pier-i-picture-show
1104,summer on the hudson pilates in the park|2026-07-21,Summer on the Hudson: Pilates in the Park,2026-07-21T6:30 pm,The Plaza at 66th Street (in Riverside Park South),,40.777000427246094,-73.9906997680664,True,True,https://www.google.com/maps/search/?api=1&query=The+Plaza+at+66th+Street+%28in+Riverside+Park+South%29%2C+New+York%2C+NY,https://www.google.com/maps/search/?api=1&query=40.777000427246094%2C-73.9906997680664,pending,False,,,2137126,http://www.nycgovparks.org/events/2026/07/21/summer-on-the-hudson-pilates-in-the-park
1105,summer on the hudson riverside comedy club|2026-07-24,Summer on the Hudson: Riverside Comedy Club,2026-07-24T7:30 pm,Pier I (in Riverside Park South),,40.77970123291,-73.988899230957,True,True,https://www.google.com/maps/search/?api=1&query=Pier+I+%28in+Riverside+Park+South%29%2C+New+York%2C+NY,https://www.google.com/maps/search/?api=1&query=40.77970123291%2C-73.988899230957,pending,False,,,2135233,http://www.nycgovparks.org/events/2026/07/24/summer-on-the-hudson-riverside-comedy-club
1106,summer on the hudson star gaze saturdays|2026-07-18,Summer on the Hudson: Star Gaze Saturdays,2026-07-18T8:00 pm,Pier I (in Riverside Park South),,40.77970123291,-73.988899230957,True,True,https://www.google.com/maps/search/?api=1&query=Pier+I+%28in+Riverside+Park+South%29%2C+New+York%2C+NY,https://www.google.com/maps/search/?api=1&query=40.77970123291%2C-73.988899230957,pending,False,,,2135347,http://www.nycgovparks.org/events/2026/07/18/summer-on-the-hudson-star-gaze-saturdays
1107,summer on the hudson summer pops with calliope brass|2026-07-24,Summer on the Hudson: Summer Pops with Calliope Brass,2026-07-24T7:00 pm,125th Street and Marginal Street (in West Harlem Piers),,40.8188362121582,-73.9609146118164,True,False,https://www.google.com/maps/search/?api=1&query=125th+Street+and+Marginal+Street+%28in+West+Harlem+Piers%29%2C+New+York%2C+NY,https://www.google.com/maps/search/?api=1&query=40.8188362121582%2C-73.9609146118164,pending,False,,,2211538,http://www.nycgovparks.org/events/2026/07/24/summer-on-the-hudson-summer-pops-with-calliope-brass
1108,summer on the hudson sun gaze sundays|2026-07-26,Summer on the Hudson: Sun Gaze Sundays,2026-07-26T1:00 pm,Pier I (in Riverside Park South),,40.77970123291,-73.988899230957,True,True,https://www.google.com/maps/search/?api=1&query=Pier+I+%28in+Riverside+Park+South%29%2C+New+York%2C+NY,https://www.google.com/maps/search/?api=1&query=40.77970123291%2C-73.988899230957,pending,False,,,2135353,http://www.nycgovparks.org/events/2026/07/26/summer-on-the-hudson-sun-gaze-sundays
1109,summer on the hudson sunset sounds featuring ronnie burrage|2026-07-21,Summer on the Hudson: Sunset Sounds featuring Ronnie Burrage,2026-07-21T7:00 pm,Pier I (in Riverside Park South),,40.77970123291,-73.988899230957,True,True,https://www.google.com/maps/search/?api=1&query=Pier+I+%28in+Riverside+Park+South%29%2C+New+York%2C+NY,https://www.google.com/maps/search/?api=1&query=40.77970123291%2C-73.988899230957,pending,False,,,2136548,http://www.nycgovparks.org/events/2026/07/21/summer-on-the-hudson-sunset-sounds
1110,summer on the hudson sunset yoga|2026-07-16,Summer on the Hudson: Sunset Yoga,2026-07-16T6:30 pm,145th and the Hudson River (in Riverside Park),,40.82749938964844,-73.95349884033203,True,True,https://www.google.com/maps/search/?api=1&query=145th+and+the+Hudson+River+%28in+Riverside+Park%29%2C+New+York%2C+NY,https://www.google.com/maps/search/?api=1&query=40.82749938964844%2C-73.95349884033203,pending,False,,,2146802,http://www.nycgovparks.org/events/2026/07/16/summer-on-the-hudson-sunset-yoga
1111,summer on the hudson sunset yoga|2026-07-23,Summer on the Hudson: Sunset Yoga,2026-07-23T6:30 pm,145th and the Hudson River (in Riverside Park),,40.82749938964844,-73.95349884033203,True,True,https://www.google.com/maps/search/?api=1&query=145th+and+the+Hudson+River+%28in+Riverside+Park%29%2C+New+York%2C+NY,https://www.google.com/maps/search/?api=1&query=40.82749938964844%2C-73.95349884033203,pending,False,,,2146803,http://www.nycgovparks.org/events/2026/07/23/summer-on-the-hudson-sunset-yoga
1112,summer on the hudson vinyl nights|2026-07-25,Summer on the Hudson: Vinyl Nights,2026-07-25T6:00 pm,Pier I (in Riverside Park South),,40.77970123291,-73.988899230957,True,True,https://www.google.com/maps/search/?api=1&query=Pier+I+%28in+Riverside+Park+South%29%2C+New+York%2C+NY,https://www.google.com/maps/search/?api=1&query=40.77970123291%2C-73.988899230957,pending,False,,,2137071,http://www.nycgovparks.org/events/2026/07/25/summer-on-the-hudson-vinyl-nights
1113,summer on the hudson yoga evening salute to the sun|2026-07-22,Summer on the Hudson: Yoga- Evening Salute to the Sun,2026-07-22T6:30 pm,The Plaza at 66th Street (in Riverside Park South),,40.777000427246094,-73.9906997680664,True,True,https://www.google.com/maps/search/?api=1&query=The+Plaza+at+66th+Street+%28in+Riverside+Park+South%29%2C+New+York%2C+NY,https://www.google.com/maps/search/?api=1&query=40.777000427246094%2C-73.9906997680664,pending,False,,,2158323,http://www.nycgovparks.org/events/2026/07/22/summer-on-the-hudson-yoga-evening-salute-to-the-sun
1114,summer sport experience basketball skills and drills|2026-07-16,Summer Sport Experience: Basketball: Skills and Drills,2026-07-16T10:30 am,Play Area (in Brigadier General Charles Young Playground),,40.819519519731,-73.936442434788,True,True,https://www.google.com/maps/search/?api=1&query=Play+Area+%28in+Brigadier+General+Charles+Young+Playground%29%2C+New+York%2C+NY,https://www.google.com/maps/search/?api=1&query=40.819519519731%2C-73.936442434788,pending,False,,,2177838,http://www.nycgovparks.org/events/2026/07/16/summer-sport-experience-basketball-skills-and-drills
1115,summer sport experience basketball skills and drills|2026-07-17,Summer Sport Experience: Basketball: Skills and Drills,2026-07-17T10:30 am,Play Area (in Brigadier General Charles Young Playground),,40.819519519731,-73.936442434788,True,True,https://www.google.com/maps/search/?api=1&query=Play+Area+%28in+Brigadier+General+Charles+Young+Playground%29%2C+New+York%2C+NY,https://www.google.com/maps/search/?api=1&query=40.819519519731%2C-73.936442434788,pending,False,,,2177899,http://www.nycgovparks.org/events/2026/07/17/summer-sport-experience-basketball-skills-and-drills
1116,summer sport experience basketball skills and drills|2026-07-18,Summer Sport Experience: Basketball: Skills and Drills,2026-07-18T10:30 am,Play Area (in Brigadier General Charles Young Playground),,40.819519519731,-73.936442434788,True,True,https://www.google.com/maps/search/?api=1&query=Play+Area+%28in+Brigadier+General+Charles+Young+Playground%29%2C+New+York%2C+NY,https://www.google.com/maps/search/?api=1&query=40.819519519731%2C-73.936442434788,pending,False,,,2177905,http://www.nycgovparks.org/events/2026/07/18/summer-sport-experience-basketball-skills-and-drills
1117,summer sport experience basketball skills and drills|2026-07-21,Summer Sport Experience: Basketball: Skills and Drills,2026-07-21T10:30 am,Play Area (in Brigadier General Charles Young Playground),,40.819519519731,-73.936442434788,True,True,https://www.google.com/maps/search/?api=1&query=Play+Area+%28in+Brigadier+General+Charles+Young+Playground%29%2C+New+York%2C+NY,https://www.google.com/maps/search/?api=1&query=40.819519519731%2C-73.936442434788,pending,False,,,2177890,http://www.nycgovparks.org/events/2026/07/21/summer-sport-experience-basketball-skills-and-drills
1118,summer sport experience basketball skills and drills|2026-07-22,Summer Sport Experience: Basketball: Skills and Drills,2026-07-22T10:30 am,Play Area (in Brigadier General Charles Young Playground),,40.819519519731,-73.936442434788,True,True,https://www.google.com/maps/search/?api=1&query=Play+Area+%28in+Brigadier+General+Charles+Young+Playground%29%2C+New+York%2C+NY,https://www.google.com/maps/search/?api=1&query=40.819519519731%2C-73.936442434788,pending,False,,,2177888,http://www.nycgovparks.org/events/2026/07/22/summer-sport-experience-basketball-skills-and-drills
1119,summer sport experience basketball skills and drills|2026-07-23,Summer Sport Experience: Basketball: Skills and Drills,2026-07-23T10:30 am,Play Area (in Brigadier General Charles Young Playground),,40.819519519731,-73.936442434788,True,True,https://www.google.com/maps/search/?api=1&query=Play+Area+%28in+Brigadier+General+Charles+Young+Playground%29%2C+New+York%2C+NY,https://www.google.com/maps/search/?api=1&query=40.819519519731%2C-73.936442434788,pending,False,,,2177916,http://www.nycgovparks.org/events/2026/07/23/summer-sport-experience-basketball-skills-and-drills
1120,summer sport experience basketball skills and drills|2026-07-24,Summer Sport Experience: Basketball: Skills and Drills,2026-07-24T10:30 am,Play Area (in Brigadier General Charles Young Playground),,40.819519519731,-73.936442434788,True,True,https://www.google.com/maps/search/?api=1&query=Play+Area+%28in+Brigadier+General+Charles+Young+Playground%29%2C+New+York%2C+NY,https://www.google.com/maps/search/?api=1&query=40.819519519731%2C-73.936442434788,pending,False,,,2177908,http://www.nycgovparks.org/events/2026/07/24/summer-sport-experience-basketball-skills-and-drills
1121,summer sport experience basketball skills and drills|2026-07-25,Summer Sport Experience: Basketball: Skills and Drills,2026-07-25T10:30 am,Play Area (in Brigadier General Charles Young Playground),,40.819519519731,-73.936442434788,True,True,https://www.google.com/maps/search/?api=1&query=Play+Area+%28in+Brigadier+General+Charles+Young+Playground%29%2C+New+York%2C+NY,https://www.google.com/maps/search/?api=1&query=40.819519519731%2C-73.936442434788,pending,False,,,2177836,http://www.nycgovparks.org/events/2026/07/25/summer-sport-experience-basketball-skills-and-drills
1122,summer sport experience basketballs skills and drills|2026-07-16,Summer Sport Experience: Basketballs: Skills and Drills,2026-07-16T2:00 pm,Play Area (in Brigadier General Charles Young Playground),,40.819519519731,-73.936442434788,True,True,https://www.google.com/maps/search/?api=1&query=Play+Area+%28in+Brigadier+General+Charles+Young+Playground%29%2C+New+York%2C+NY,https://www.google.com/maps/search/?api=1&query=40.819519519731%2C-73.936442434788,pending,False,,,2177872,http://www.nycgovparks.org/events/2026/07/16/summer-sport-experience-flag-football
1123,summer sport experience basketballs skills and drills|2026-07-17,Summer Sport Experience: Basketballs: Skills and Drills,2026-07-17T2:00 pm,Play Area (in Brigadier General Charles Young Playground),,40.819519519731,-73.936442434788,True,True,https://www.google.com/maps/search/?api=1&query=Play+Area+%28in+Brigadier+General+Charles+Young+Playground%29%2C+New+York%2C+NY,https://www.google.com/maps/search/?api=1&query=40.819519519731%2C-73.936442434788,pending,False,,,2177915,http://www.nycgovparks.org/events/2026/07/17/summer-sport-experience-flag-football
1124,summer sport experience basketballs skills and drills|2026-07-18,Summer Sport Experience: Basketballs: Skills and Drills,2026-07-18T2:00 pm,Play Area (in Brigadier General Charles Young Playground),,40.819519519731,-73.936442434788,True,True,https://www.google.com/maps/search/?api=1&query=Play+Area+%28in+Brigadier+General+Charles+Young+Playground%29%2C+New+York%2C+NY,https://www.google.com/maps/search/?api=1&query=40.819519519731%2C-73.936442434788,pending,False,,,2177880,http://www.nycgovparks.org/events/2026/07/18/summer-sport-experience-flag-football
1125,summer sport experience basketballs skills and drills|2026-07-21,Summer Sport Experience: Basketballs: Skills and Drills,2026-07-21T2:00 pm,Play Area (in Brigadier General Charles Young Playground),,40.819519519731,-73.936442434788,True,True,https://www.google.com/maps/search/?api=1&query=Play+Area+%28in+Brigadier+General+Charles+Young+Playground%29%2C+New+York%2C+NY,https://www.google.com/maps/search/?api=1&query=40.819519519731%2C-73.936442434788,pending,False,,,2177874,http://www.nycgovparks.org/events/2026/07/21/summer-sport-experience-flag-football
1126,summer sport experience basketballs skills and drills|2026-07-22,Summer Sport Experience: Basketballs: Skills and Drills,2026-07-22T2:00 pm,Play Area (in Brigadier General Charles Young Playground),,40.819519519731,-73.936442434788,True,True,https://www.google.com/maps/search/?api=1&query=Play+Area+%28in+Brigadier+General+Charles+Young+Playground%29%2C+New+York%2C+NY,https://www.google.com/maps/search/?api=1&query=40.819519519731%2C-73.936442434788,pending,False,,,2177829,http://www.nycgovparks.org/events/2026/07/22/summer-sport-experience-flag-football
1127,summer sport experience basketballs skills and drills|2026-07-23,Summer Sport Experience: Basketballs: Skills and Drills,2026-07-23T2:00 pm,Play Area (in Brigadier General Charles Young Playground),,40.819519519731,-73.936442434788,True,True,https://www.google.com/maps/search/?api=1&query=Play+Area+%28in+Brigadier+General+Charles+Young+Playground%29%2C+New+York%2C+NY,https://www.google.com/maps/search/?api=1&query=40.819519519731%2C-73.936442434788,pending,False,,,2177873,http://www.nycgovparks.org/events/2026/07/23/summer-sport-experience-flag-football
1128,summer sport experience basketballs skills and drills|2026-07-24,Summer Sport Experience: Basketballs: Skills and Drills,2026-07-24T2:00 pm,Play Area (in Brigadier General Charles Young Playground),,40.819519519731,-73.936442434788,True,True,https://www.google.com/maps/search/?api=1&query=Play+Area+%28in+Brigadier+General+Charles+Young+Playground%29%2C+New+York%2C+NY,https://www.google.com/maps/search/?api=1&query=40.819519519731%2C-73.936442434788,pending,False,,,2177914,http://www.nycgovparks.org/events/2026/07/24/summer-sport-experience-flag-football
1129,summer sport experience basketballs skills and drills|2026-07-25,Summer Sport Experience: Basketballs: Skills and Drills,2026-07-25T2:00 pm,Play Area (in Brigadier General Charles Young Playground),,40.819519519731,-73.936442434788,True,True,https://www.google.com/maps/search/?api=1&query=Play+Area+%28in+Brigadier+General+Charles+Young+Playground%29%2C+New+York%2C+NY,https://www.google.com/maps/search/?api=1&query=40.819519519731%2C-73.936442434788,pending,False,,,2177868,http://www.nycgovparks.org/events/2026/07/25/summer-sport-experience-flag-football
1130,summer sport experience pickleball|2026-07-18,Summer Sport Experience: Pickleball,2026-07-18T8:00 am,Greenbelt Recreation Center (in Blood Root Valley),,40.591982601343,-74.139472484589,True,True,https://www.google.com/maps/search/?api=1&query=Greenbelt+Recreation+Center+%28in+Blood+Root+Valley%29%2C+New+York%2C+NY,https://www.google.com/maps/search/?api=1&query=40.591982601343%2C-74.139472484589,pending,False,,,2181462,http://www.nycgovparks.org/events/2026/07/18/summer-sport-experience-pickleball
1131,summer sport experience pickleball|2026-07-19,Summer Sport Experience: Pickleball,2026-07-19T8:00 am,Greenbelt Recreation Center (in Blood Root Valley),,40.591982601343,-74.139472484589,True,True,https://www.google.com/maps/search/?api=1&query=Greenbelt+Recreation+Center+%28in+Blood+Root+Valley%29%2C+New+York%2C+NY,https://www.google.com/maps/search/?api=1&query=40.591982601343%2C-74.139472484589,pending,False,,,2181604,http://www.nycgovparks.org/events/2026/07/19/summer-sport-experience-pickleball
1132,summer sport experience pickleball|2026-07-25,Summer Sport Experience: Pickleball,2026-07-25T8:00 am,Greenbelt Recreation Center (in Blood Root Valley),,40.591982601343,-74.139472484589,True,True,https://www.google.com/maps/search/?api=1&query=Greenbelt+Recreation+Center+%28in+Blood+Root+Valley%29%2C+New+York%2C+NY,https://www.google.com/maps/search/?api=1&query=40.591982601343%2C-74.139472484589,pending,False,,,2181656,http://www.nycgovparks.org/events/2026/07/25/summer-sport-experience-pickleball
1133,summer sport experience pickleball|2026-07-26,Summer Sport Experience: Pickleball,2026-07-26T8:00 am,Greenbelt Recreation Center (in Blood Root Valley),,40.591982601343,-74.139472484589,True,True,https://www.google.com/maps/search/?api=1&query=Greenbelt+Recreation+Center+%28in+Blood+Root+Valley%29%2C+New+York%2C+NY,https://www.google.com/maps/search/?api=1&query=40.591982601343%2C-74.139472484589,pending,False,,,2181640,http://www.nycgovparks.org/events/2026/07/26/summer-sport-experience-pickleball
1134,summer sports experience basketball seasonal clinics at faber recreation center|2026-07-18,Summer Sports Experience: Basketball Seasonal Clinics at Faber Recreation Center,2026-07-18T12:00 pm,Multi-Use Room B (in Faber Pool and Park),,40.641015406203,-74.135333200543,True,True,https://www.google.com/maps/search/?api=1&query=Multi-Use+Room+B+%28in+Faber+Pool+and+Park%29%2C+New+York%2C+NY,https://www.google.com/maps/search/?api=1&query=40.641015406203%2C-74.135333200543,pending,False,,,2196587,http://www.nycgovparks.org/events/2026/07/18/summer-sports-experience-basketball-seasonal-clinics-at-faber-recreation-center
1135,summer sports experience basketball seasonal clinics at faber recreation center|2026-07-25,Summer Sports Experience: Basketball Seasonal Clinics at Faber Recreation Center,2026-07-25T12:00 pm,Multi-Use Room B (in Faber Pool and Park),,40.641015406203,-74.135333200543,True,True,https://www.google.com/maps/search/?api=1&query=Multi-Use+Room+B+%28in+Faber+Pool+and+Park%29%2C+New+York%2C+NY,https://www.google.com/maps/search/?api=1&query=40.641015406203%2C-74.135333200543,pending,False,,,2196440,http://www.nycgovparks.org/events/2026/07/25/summer-sports-experience-basketball-seasonal-clinics-at-faber-recreation-center
1136,summer sports experience basketball seasonal clinics at mcdonald s playground|2026-07-17,Summer Sports Experience: Basketball Seasonal Clinics at McDonald's Playground,2026-07-17T3:30 pm,Basketball Courts (in Austin J. McDonald Playground),,40.629665602787,-74.11564596041,True,True,https://www.google.com/maps/search/?api=1&query=Basketball+Courts+%28in+Austin+J.+McDonald+Playground%29%2C+New+York%2C+NY,https://www.google.com/maps/search/?api=1&query=40.629665602787%2C-74.11564596041,pending,False,,,2177722,http://www.nycgovparks.org/events/2026/07/17/sse-mcdonalds-playground
1137,summer sports experience basketball seasonal clinics at mcdonald s playground|2026-07-24,Summer Sports Experience: Basketball Seasonal Clinics at McDonald's Playground,2026-07-24T3:30 pm,Basketball Courts (in Austin J. McDonald Playground),,40.629665602787,-74.11564596041,True,True,https://www.google.com/maps/search/?api=1&query=Basketball+Courts+%28in+Austin+J.+McDonald+Playground%29%2C+New+York%2C+NY,https://www.google.com/maps/search/?api=1&query=40.629665602787%2C-74.11564596041,pending,False,,,2177771,http://www.nycgovparks.org/events/2026/07/24/sse-mcdonalds-playground
1138,summer sports experience basketball|2026-07-18,Summer Sports Experience: Basketball,2026-07-18T8:00 am,Greenbelt Recreation Center (in Blood Root Valley),,40.591982601343,-74.139472484589,True,True,https://www.google.com/maps/search/?api=1&query=Greenbelt+Recreation+Center+%28in+Blood+Root+Valley%29%2C+New+York%2C+NY,https://www.google.com/maps/search/?api=1&query=40.591982601343%2C-74.139472484589,pending,False,,,2181321,http://www.nycgovparks.org/events/2026/07/18/summer-sports-experience-basketball
1139,summer sports experience basketball|2026-07-19,Summer Sports Experience: Basketball,2026-07-19T8:00 am,Greenbelt Recreation Center (in Blood Root Valley),,40.591982601343,-74.139472484589,True,True,https://www.google.com/maps/search/?api=1&query=Greenbelt+Recreation+Center+%28in+Blood+Root+Valley%29%2C+New+York%2C+NY,https://www.google.com/maps/search/?api=1&query=40.591982601343%2C-74.139472484589,pending,False,,,2181814,http://www.nycgovparks.org/events/2026/07/19/summer-sports-experience-basketball
1140,summer sports experience basketball|2026-07-25,Summer Sports Experience: Basketball,2026-07-25T8:00 am,Greenbelt Recreation Center (in Blood Root Valley),,40.591982601343,-74.139472484589,True,True,https://www.google.com/maps/search/?api=1&query=Greenbelt+Recreation+Center+%28in+Blood+Root+Valley%29%2C+New+York%2C+NY,https://www.google.com/maps/search/?api=1&query=40.591982601343%2C-74.139472484589,pending,False,,,2181393,http://www.nycgovparks.org/events/2026/07/25/summer-sports-experience-basketball
1141,summer sports experience basketball|2026-07-26,Summer Sports Experience: Basketball,2026-07-26T8:00 am,Greenbelt Recreation Center (in Blood Root Valley),,40.591982601343,-74.139472484589,True,True,https://www.google.com/maps/search/?api=1&query=Greenbelt+Recreation+Center+%28in+Blood+Root+Valley%29%2C+New+York%2C+NY,https://www.google.com/maps/search/?api=1&query=40.591982601343%2C-74.139472484589,pending,False,,,2181212,http://www.nycgovparks.org/events/2026/07/26/summer-sports-experience-basketball
1142,summer sports experience ben abrams playground flag football titans|2026-07-17,"Summer Sports Experience: Ben Abrams Playground ""Flag Football Titans""",2026-07-17T11:00 am,Ben Abrams Playground (in Bronx Park),,40.854499816895,-73.870101928711,True,True,https://www.google.com/maps/search/?api=1&query=Ben+Abrams+Playground+%28in+Bronx+Park%29%2C+New+York%2C+NY,https://www.google.com/maps/search/?api=1&query=40.854499816895%2C-73.870101928711,pending,False,,,2182898,http://www.nycgovparks.org/events/2026/07/17/summer-sports-experience-ben-abrams-playground-flag-football-titans
1143,summer sports experience flag football seasonal clinic at faber recreation center|2026-07-21,Summer Sports Experience: Flag Football Seasonal Clinic at Faber Recreation Center,2026-07-21T4:00 pm,Multi-Use Room B (in Faber Pool and Park),,40.641015406203,-74.135333200543,True,True,https://www.google.com/maps/search/?api=1&query=Multi-Use+Room+B+%28in+Faber+Pool+and+Park%29%2C+New+York%2C+NY,https://www.google.com/maps/search/?api=1&query=40.641015406203%2C-74.135333200543,pending,False,,,2177930,http://www.nycgovparks.org/events/2026/07/21/summer-sports-experience-flag-football-seasonal-clinic-at-faber-recreation-center
1144,summer sports experience pickleball|2026-07-16,Summer Sports Experience: Pickleball,2026-07-16T7:00 am,Greenbelt Recreation Center (in Blood Root Valley),,40.591982601343,-74.139472484589,True,True,https://www.google.com/maps/search/?api=1&query=Greenbelt+Recreation+Center+%28in+Blood+Root+Valley%29%2C+New+York%2C+NY,https://www.google.com/maps/search/?api=1&query=40.591982601343%2C-74.139472484589,pending,False,,,2181579,http://www.nycgovparks.org/events/2026/07/16/summer-sports-experience-pickleball1
1145,summer sports experience pickleball|2026-07-17,Summer Sports Experience: Pickleball,2026-07-17T7:00 am,Greenbelt Recreation Center (in Blood Root Valley),,40.591982601343,-74.139472484589,True,True,https://www.google.com/maps/search/?api=1&query=Greenbelt+Recreation+Center+%28in+Blood+Root+Valley%29%2C+New+York%2C+NY,https://www.google.com/maps/search/?api=1&query=40.591982601343%2C-74.139472484589,pending,False,,,2181469,http://www.nycgovparks.org/events/2026/07/17/summer-sports-experience-pickleball
1146,summer sports experience pickleball|2026-07-20,Summer Sports Experience: Pickleball,2026-07-20T7:00 am,Greenbelt Recreation Center (in Blood Root Valley),,40.591982601343,-74.139472484589,True,True,https://www.google.com/maps/search/?api=1&query=Greenbelt+Recreation+Center+%28in+Blood+Root+Valley%29%2C+New+York%2C+NY,https://www.google.com/maps/search/?api=1&query=40.591982601343%2C-74.139472484589,pending,False,,,2181589,http://www.nycgovparks.org/events/2026/07/20/summer-sports-experience-pickleball1
1147,summer sports experience pickleball|2026-07-21,Summer Sports Experience: Pickleball,2026-07-21T7:00 am,Greenbelt Recreation Center (in Blood Root Valley),,40.591982601343,-74.139472484589,True,True,https://www.google.com/maps/search/?api=1&query=Greenbelt+Recreation+Center+%28in+Blood+Root+Valley%29%2C+New+York%2C+NY,https://www.google.com/maps/search/?api=1&query=40.591982601343%2C-74.139472484589,pending,False,,,2181668,http://www.nycgovparks.org/events/2026/07/21/summer-sports-experience-pickleball1
1148,summer sports experience pickleball|2026-07-22,Summer Sports Experience: Pickleball,2026-07-22T7:00 am,Greenbelt Recreation Center (in Blood Root Valley),,40.591982601343,-74.139472484589,True,True,https://www.google.com/maps/search/?api=1&query=Greenbelt+Recreation+Center+%28in+Blood+Root+Valley%29%2C+New+York%2C+NY,https://www.google.com/maps/search/?api=1&query=40.591982601343%2C-74.139472484589,pending,False,,,2181433,http://www.nycgovparks.org/events/2026/07/22/summer-sports-experience-pickleball
1149,summer sports experience pickleball|2026-07-23,Summer Sports Experience: Pickleball,2026-07-23T7:00 am,Greenbelt Recreation Center (in Blood Root Valley),,40.591982601343,-74.139472484589,True,True,https://www.google.com/maps/search/?api=1&query=Greenbelt+Recreation+Center+%28in+Blood+Root+Valley%29%2C+New+York%2C+NY,https://www.google.com/maps/search/?api=1&query=40.591982601343%2C-74.139472484589,pending,False,,,2181610,http://www.nycgovparks.org/events/2026/07/23/summer-sports-experience-pickleball1
1150,summer sports experience pickleball|2026-07-24,Summer Sports Experience: Pickleball,2026-07-24T7:00 am,Greenbelt Recreation Center (in Blood Root Valley),,40.591982601343,-74.139472484589,True,True,https://www.google.com/maps/search/?api=1&query=Greenbelt+Recreation+Center+%28in+Blood+Root+Valley%29%2C+New+York%2C+NY,https://www.google.com/maps/search/?api=1&query=40.591982601343%2C-74.139472484589,pending,False,,,2181552,http://www.nycgovparks.org/events/2026/07/24/summer-sports-experience-pickleball
1151,summer sports experience pickleball|2026-07-27,Summer Sports Experience: Pickleball,2026-07-27T7:00 am,Greenbelt Recreation Center (in Blood Root Valley),,40.591982601343,-74.139472484589,True,True,https://www.google.com/maps/search/?api=1&query=Greenbelt+Recreation+Center+%28in+Blood+Root+Valley%29%2C+New+York%2C+NY,https://www.google.com/maps/search/?api=1&query=40.591982601343%2C-74.139472484589,pending,False,,,2181778,http://www.nycgovparks.org/events/2026/07/27/summer-sports-experience-pickleball
1152,summer sports experience spuyten duyvil hoops harmony|2026-07-16,"Summer Sports Experience: Spuyten Duyvil  ""Hoops Harmony""",2026-07-16T11:00 am,Play Area (in Spuyten Duyvil Playground),,40.887225893575,-73.916396338164,True,True,https://www.google.com/maps/search/?api=1&query=Play+Area+%28in+Spuyten+Duyvil+Playground%29%2C+New+York%2C+NY,https://www.google.com/maps/search/?api=1&query=40.887225893575%2C-73.916396338164,pending,False,,,2182849,http://www.nycgovparks.org/events/2026/07/16/summer-sports-experience-spuyten-duyvil-hoops-harmony
1153,summer sports experience spuyten duyvil hoops harmony|2026-07-24,"Summer Sports Experience: Spuyten Duyvil  ""Hoops Harmony""",2026-07-24T11:00 am,Play Area (in Spuyten Duyvil Playground),,40.887225893575,-73.916396338164,True,True,https://www.google.com/maps/search/?api=1&query=Play+Area+%28in+Spuyten+Duyvil+Playground%29%2C+New+York%2C+NY,https://www.google.com/maps/search/?api=1&query=40.887225893575%2C-73.916396338164,pending,False,,,2182846,http://www.nycgovparks.org/events/2026/07/24/summer-sports-experience-spuyten-duyvil-hoops-harmony
1154,summer sports experience st mary s park game of zones girls basketball clinic|2026-07-18,"Summer Sports Experience: St. Mary's Park ""Game of Zones Girls Basketball Clinic""",2026-07-18T10:00 am,Basketball Courts (in St. Mary's Park),,40.813128106712,-73.913166284561,True,True,https://www.google.com/maps/search/?api=1&query=Basketball+Courts+%28in+St.+Mary%27s+Park%29%2C+New+York%2C+NY,https://www.google.com/maps/search/?api=1&query=40.813128106712%2C-73.913166284561,pending,False,,,2182812,http://www.nycgovparks.org/events/2026/07/18/summer-sports-experience-st-marys-park-game-of-zones-girls-basketball-clinic
1155,summer sports experience st mary s park game of zones girls basketball clinic|2026-07-25,"Summer Sports Experience: St. Mary's Park ""Game of Zones Girls Basketball Clinic""",2026-07-25T10:00 am,Basketball Courts (in St. Mary's Park),,40.813128106712,-73.913166284561,True,True,https://www.google.com/maps/search/?api=1&query=Basketball+Courts+%28in+St.+Mary%27s+Park%29%2C+New+York%2C+NY,https://www.google.com/maps/search/?api=1&query=40.813128106712%2C-73.913166284561,pending,False,,,2182841,http://www.nycgovparks.org/events/2026/07/25/summer-sports-experience-st-marys-park-game-of-zones-girls-basketball-clinic
1156,summerstarz 2026 free movies|2026-07-17,Summerstarz 2026 Free Movies,2026-07-17T8:00 pm,WNYC Transmitter Park,,40.7297706604,-73.960708618164,True,True,https://www.google.com/maps/search/?api=1&query=WNYC+Transmitter+Park%2C+New+York%2C+NY,https://www.google.com/maps/search/?api=1&query=40.7297706604%2C-73.960708618164,pending,False,,,2188495,http://www.nycgovparks.org/events/2026/07/17/summerstarz-2026-free-movies
1157,summerstarz 2026 free movies|2026-07-24,Summerstarz 2026 Free Movies,2026-07-24T8:00 pm,WNYC Transmitter Park,,40.7297706604,-73.960708618164,True,True,https://www.google.com/maps/search/?api=1&query=WNYC+Transmitter+Park%2C+New+York%2C+NY,https://www.google.com/maps/search/?api=1&query=40.7297706604%2C-73.960708618164,pending,False,,,2188496,http://www.nycgovparks.org/events/2026/07/24/summerstarz-2026-free-movies
1158,sunset wednesdays 2026|2026-07-22,Sunset Wednesdays 2026,2026-07-22T7:00 pm,Wave Hill,,40.89870071411133,-73.9124984741211,True,True,https://www.google.com/maps/search/?api=1&query=Wave+Hill%2C+New+York%2C+NY,https://www.google.com/maps/search/?api=1&query=40.89870071411133%2C-73.9124984741211,pending,False,,,2172863,http://www.nycgovparks.org/events/2026/07/22/sunset-wednesdays-2026
1159,tapestry weaving workshop with amirtha arasu|2026-07-25,Tapestry Weaving Workshop with Amirtha Arasu,2026-07-25T1:00 pm,Bronx River House (in Starlight Park),,40.83279785876,-73.882915616035,True,True,https://www.google.com/maps/search/?api=1&query=Bronx+River+House+%28in+Starlight+Park%29%2C+New+York%2C+NY,https://www.google.com/maps/search/?api=1&query=40.83279785876%2C-73.882915616035,pending,False,,,2204135,http://www.nycgovparks.org/events/2026/07/25/tapestry-weaving-workshop-with-amirtha-arasu
1160,tatakizome|2026-07-18,Tatakizome,2026-07-18T11:00 am,Myrtle Village Green Community Garden,,40.694301,-73.9585029,True,True,https://www.google.com/maps/search/?api=1&query=Myrtle+Village+Green+Community+Garden%2C+New+York%2C+NY,https://www.google.com/maps/search/?api=1&query=40.694301%2C-73.9585029,pending,False,,,2173448,http://www.nycgovparks.org/events/2026/07/18/tatakizome
1161,tea and meditation with tia colon|2026-07-25,Tea and Meditation with Tia Colon,2026-07-25T12:00 pm,Bronx River House (in Starlight Park),,40.83279785876,-73.882915616035,True,True,https://www.google.com/maps/search/?api=1&query=Bronx+River+House+%28in+Starlight+Park%29%2C+New+York%2C+NY,https://www.google.com/maps/search/?api=1&query=40.83279785876%2C-73.882915616035,pending,False,,,2192298,http://www.nycgovparks.org/events/2026/07/25/tea-and-meditation-with-tia-colon
1162,team river volunteers|2026-07-22,Team RIVER Volunteers,2026-07-22T9:30 am,Randall's Island Park,,40.79650115966797,-73.9209976196289,True,True,https://www.google.com/maps/search/?api=1&query=Randall%27s+Island+Park%2C+New+York%2C+NY,https://www.google.com/maps/search/?api=1&query=40.79650115966797%2C-73.9209976196289,pending,False,,,2112360,http://www.nycgovparks.org/events/2026/07/22/team-river-volunteers
1163,the 15th annual bronx pride festival and health fair|2026-07-18,The 15th Annual Bronx Pride Festival And Health Fair,2026-07-18T11:00 am,Crotona Park Amphitheater (in Crotona Park),,40.837491620787,-73.895281851292,True,True,https://www.google.com/maps/search/?api=1&query=Crotona+Park+Amphitheater+%28in+Crotona+Park%29%2C+New+York%2C+NY,https://www.google.com/maps/search/?api=1&query=40.837491620787%2C-73.895281851292,pending,False,,,2195486,http://www.nycgovparks.org/events/2026/07/18/the-15th-annual-bronx-pride-festival-and-health-fair
1164,the bronx river anthology|2026-07-16,The Bronx River Anthology,2026-07-16T7:00 pm,Bronx River House (in Starlight Park),,40.83279785876,-73.882915616035,True,True,https://www.google.com/maps/search/?api=1&query=Bronx+River+House+%28in+Starlight+Park%29%2C+New+York%2C+NY,https://www.google.com/maps/search/?api=1&query=40.83279785876%2C-73.882915616035,pending,False,,,2204217,http://www.nycgovparks.org/events/2026/07/16/the-bronx-river-anthology
1165,the talented major tallmadge presentation by richard f welch|2026-07-16,The Talented Major Tallmadge: Presentation by Richard F. Welch,2026-07-16T7:30 pm,Bayside Historical Society (in Fort Totten Park),,40.792235644025,-73.77775144577,True,True,https://www.google.com/maps/search/?api=1&query=Bayside+Historical+Society+%28in+Fort+Totten+Park%29%2C+New+York%2C+NY,https://www.google.com/maps/search/?api=1&query=40.792235644025%2C-73.77775144577,pending,False,,,2192306,http://www.nycgovparks.org/events/2026/07/16/the-talented-major-tallmadge-presentation-by-richard-f-welch
1166,tone up tuesday|2026-07-21,Tone Up Tuesday,2026-07-21T6:00 pm,Central Park Gardens - Community Room,,40.7928133,-73.9657847,True,True,https://www.google.com/maps/search/?api=1&query=Central+Park+Gardens+-+Community+Room%2C+New+York%2C+NY,https://www.google.com/maps/search/?api=1&query=40.7928133%2C-73.9657847,pending,False,,,2135171,http://www.nycgovparks.org/events/2026/07/21/tone-up-tuesday
1167,total body fitness|2026-07-16,Total Body Fitness,2026-07-16T8:00 am,Handball Courts (in St. John's Park),,40.674130693336,-73.933968603611,True,True,https://www.google.com/maps/search/?api=1&query=Handball+Courts+%28in+St.+John%27s+Park%29%2C+New+York%2C+NY,https://www.google.com/maps/search/?api=1&query=40.674130693336%2C-73.933968603611,pending,False,,,2208826,http://www.nycgovparks.org/events/2026/07/16/total-body-fitness1
1168,total body fitness|2026-07-17,Total Body Fitness,2026-07-17T10:30 am,Tilden Senior Center,,40.663341435816,-73.905597686768,True,True,https://www.google.com/maps/search/?api=1&query=Tilden+Senior+Center%2C+New+York%2C+NY,https://www.google.com/maps/search/?api=1&query=40.663341435816%2C-73.905597686768,pending,False,,,2128138,http://www.nycgovparks.org/events/2026/07/17/total-body-fitness
1169,total body fitness|2026-07-22,Total Body Fitness,2026-07-22T6:30 pm,Multipurpose Room (in Nostrand Playground),,40.63800780311,-73.946847123915,True,True,https://www.google.com/maps/search/?api=1&query=Multipurpose+Room+%28in+Nostrand+Playground%29%2C+New+York%2C+NY,https://www.google.com/maps/search/?api=1&query=40.63800780311%2C-73.946847123915,pending,False,,,2158183,http://www.nycgovparks.org/events/2026/07/22/total-body-fitness
1170,total body fitness|2026-07-23,Total Body Fitness,2026-07-23T8:00 am,Handball Courts (in St. John's Park),,40.674130693336,-73.933968603611,True,True,https://www.google.com/maps/search/?api=1&query=Handball+Courts+%28in+St.+John%27s+Park%29%2C+New+York%2C+NY,https://www.google.com/maps/search/?api=1&query=40.674130693336%2C-73.933968603611,pending,False,,,2208771,http://www.nycgovparks.org/events/2026/07/23/total-body-fitness1
1171,total body fitness|2026-07-24,Total Body Fitness,2026-07-24T10:30 am,Tilden Senior Center,,40.663341435816,-73.905597686768,True,True,https://www.google.com/maps/search/?api=1&query=Tilden+Senior+Center%2C+New+York%2C+NY,https://www.google.com/maps/search/?api=1&query=40.663341435816%2C-73.905597686768,pending,False,,,2128287,http://www.nycgovparks.org/events/2026/07/24/total-body-fitness
1172,total body reset|2026-07-18,Total Body Reset,2026-07-18T11:00 am,Herbert Von King Park,,40.689376872274,-73.946824550629,True,True,https://www.google.com/maps/search/?api=1&query=Herbert+Von+King+Park%2C+New+York%2C+NY,https://www.google.com/maps/search/?api=1&query=40.689376872274%2C-73.946824550629,pending,False,,,2179225,http://www.nycgovparks.org/events/2026/07/18/total-body-reset
1173,total body reset|2026-07-25,Total Body Reset,2026-07-25T11:00 am,Herbert Von King Park,,40.689376872274,-73.946824550629,True,True,https://www.google.com/maps/search/?api=1&query=Herbert+Von+King+Park%2C+New+York%2C+NY,https://www.google.com/maps/search/?api=1&query=40.689376872274%2C-73.946824550629,pending,False,,,2179238,http://www.nycgovparks.org/events/2026/07/25/total-body-reset
1174,trail work thursdays|2026-07-16,Trail Work Thursdays,2026-07-16T9:00 am,VCPA Learning Garden (in Van Cortlandt Park),,40.886100769043,-73.897499084473,True,False,https://www.google.com/maps/search/?api=1&query=VCPA+Learning+Garden+%28in+Van+Cortlandt+Park%29%2C+New+York%2C+NY,https://www.google.com/maps/search/?api=1&query=40.886100769043%2C-73.897499084473,pending,False,,,2210377,http://www.nycgovparks.org/events/2026/07/16/trail-work-thursdays
1175,trail work thursdays|2026-07-23,Trail Work Thursdays,2026-07-23T9:00 am,VCPA Learning Garden (in Van Cortlandt Park),,40.886100769043,-73.897499084473,True,False,https://www.google.com/maps/search/?api=1&query=VCPA+Learning+Garden+%28in+Van+Cortlandt+Park%29%2C+New+York%2C+NY,https://www.google.com/maps/search/?api=1&query=40.886100769043%2C-73.897499084473,pending,False,,,2210378,http://www.nycgovparks.org/events/2026/07/23/trail-work-thursdays
1176,trees count at asser levy park|2026-07-25,Trees Count at Asser Levy Park,2026-07-25T10:00 am,Asser Levy Park Play Area (in Asser Levy Park),,40.575199127197,-73.972198486328,True,False,https://www.google.com/maps/search/?api=1&query=Asser+Levy+Park+Play+Area+%28in+Asser+Levy+Park%29%2C+New+York%2C+NY,https://www.google.com/maps/search/?api=1&query=40.575199127197%2C-73.972198486328,pending,False,,,2211111,http://www.nycgovparks.org/events/2026/07/25/trees-count-at-asser-levy-park
1177,trees count at brigadier general charles young playground|2026-07-20,Trees Count at Brigadier General Charles Young Playground,2026-07-20T12:00 pm,Brigadier General Charles Young Playground - flower garden (in Brigadier General Charles Young Playground),,40.8193277731,-73.9356595126,True,True,https://www.google.com/maps/search/?api=1&query=Brigadier+General+Charles+Young+Playground+-+flower+garden+%28in+Brigadier+General+Charles+Young+Playground%29%2C+New+York%2C+NY,https://www.google.com/maps/search/?api=1&query=40.8193277731%2C-73.9356595126,pending,False,,,2205785,http://www.nycgovparks.org/events/2026/07/20/trees-count-at-brigadier-general-charles-young-playground
1178,trees count at father macris park|2026-07-23,Trees Count at Father Macris Park,2026-07-23T11:00 am,Father Macris Park,,40.616798400878906,-74.16169738769531,True,True,https://www.google.com/maps/search/?api=1&query=Father+Macris+Park%2C+New+York%2C+NY,https://www.google.com/maps/search/?api=1&query=40.616798400878906%2C-74.16169738769531,pending,False,,,2208401,http://www.nycgovparks.org/events/2026/07/23/trees-count-at-father-macris-park
1179,trees count at grover cleveland playground|2026-07-24,Trees Count at Grover Cleveland Playground,2026-07-24T12:00 pm,Play Area (in Grover Cleveland Playground),,40.710800170898,-73.911201477051,True,False,https://www.google.com/maps/search/?api=1&query=Play+Area+%28in+Grover+Cleveland+Playground%29%2C+New+York%2C+NY,https://www.google.com/maps/search/?api=1&query=40.710800170898%2C-73.911201477051,pending,False,,,2211110,http://www.nycgovparks.org/events/2026/07/24/trees-count-at-grover-cleveland-playground
1180,trees count at jacob h schiff playground|2026-07-18,Trees Count at Jacob H Schiff Playground,2026-07-18T12:00 pm,Jacob H. Schiff Play Area (in Jacob H. Schiff Playground),,40.820499420166,-73.952003479004,True,True,https://www.google.com/maps/search/?api=1&query=Jacob+H.+Schiff+Play+Area+%28in+Jacob+H.+Schiff+Playground%29%2C+New+York%2C+NY,https://www.google.com/maps/search/?api=1&query=40.820499420166%2C-73.952003479004,pending,False,,,2205784,http://www.nycgovparks.org/events/2026/07/18/trees-count-at-jacob-h-schiff-playground
1181,trees count at kissena park|2026-07-22,Trees Count at Kissena Park,2026-07-22T10:00 am,Kissena Park,,40.745800958,-73.808508147,True,True,https://www.google.com/maps/search/?api=1&query=Kissena+Park%2C+New+York%2C+NY,https://www.google.com/maps/search/?api=1&query=40.745800958%2C-73.808508147,pending,False,,,2206773,http://www.nycgovparks.org/events/2026/07/22/trees-count-at-kissena-park
1182,trees count at st mary s park|2026-07-17,Trees Count at St. Mary's Park,2026-07-17T10:00 am,St. Mary's PArk (in St. Mary's Park),,40.812088684154,-73.913327217102,True,True,https://www.google.com/maps/search/?api=1&query=St.+Mary%27s+PArk+%28in+St.+Mary%27s+Park%29%2C+New+York%2C+NY,https://www.google.com/maps/search/?api=1&query=40.812088684154%2C-73.913327217102,pending,False,,,2201629,http://www.nycgovparks.org/events/2026/07/17/trees-count-at-st-marys-park
1183,trees count at thomas jefferson park|2026-07-26,Trees Count at Thomas Jefferson Park,2026-07-26T10:00 am,Thomas Jefferson Park,,40.79312515258789,-73.93525695800781,True,False,https://www.google.com/maps/search/?api=1&query=Thomas+Jefferson+Park%2C+New+York%2C+NY,https://www.google.com/maps/search/?api=1&query=40.79312515258789%2C-73.93525695800781,pending,False,,,2211112,http://www.nycgovparks.org/events/2026/07/26/trees-count-at-thomas-jefferson-park
1184,trees count at washington market park|2026-07-27,Trees Count at Washington Market Park,2026-07-27T10:00 am,Washington Market Park,,40.717098236083984,-74.0115966796875,True,False,https://www.google.com/maps/search/?api=1&query=Washington+Market+Park%2C+New+York%2C+NY,https://www.google.com/maps/search/?api=1&query=40.717098236083984%2C-74.0115966796875,pending,False,,,2211113,http://www.nycgovparks.org/events/2026/07/27/trees-count-at-washington-market-park
1185,ugh it s a bug|2026-07-24,Ugh It's a Bug,2026-07-24T11:00 am,Greenbelt Nature Center (in Blood Root Valley),,40.588401794434,-74.139099121094,True,True,https://www.google.com/maps/search/?api=1&query=Greenbelt+Nature+Center+%28in+Blood+Root+Valley%29%2C+New+York%2C+NY,https://www.google.com/maps/search/?api=1&query=40.588401794434%2C-74.139099121094,pending,False,,,2190736,http://www.nycgovparks.org/events/2026/07/24/ugh-its-a-bug
1186,uplifted dance fitness|2026-07-20,Uplifted Dance Fitness,2026-07-20T6:15 pm,Multi-Use Room - 2nd Fl (in Sorrentino Recreation Center),,40.60240173,-73.76249695,True,True,https://www.google.com/maps/search/?api=1&query=Multi-Use+Room+-+2nd+Fl+%28in+Sorrentino+Recreation+Center%29%2C+New+York%2C+NY,https://www.google.com/maps/search/?api=1&query=40.60240173%2C-73.76249695,pending,False,,,2160429,http://www.nycgovparks.org/events/2026/07/20/uplifted-dance-fitness
1187,uplifted dance fitness|2026-07-21,Uplifted Dance Fitness,2026-07-21T6:15 pm,Multi-Use Room - 2nd Fl (in Sorrentino Recreation Center),,40.60240173,-73.76249695,True,True,https://www.google.com/maps/search/?api=1&query=Multi-Use+Room+-+2nd+Fl+%28in+Sorrentino+Recreation+Center%29%2C+New+York%2C+NY,https://www.google.com/maps/search/?api=1&query=40.60240173%2C-73.76249695,pending,False,,,2203792,http://www.nycgovparks.org/events/2026/07/21/uplifted-dance-fitness
1188,uplifted dance fitness|2026-07-27,Uplifted Dance Fitness,2026-07-27T6:15 pm,Multi-Use Room - 2nd Fl (in Sorrentino Recreation Center),,40.60240173,-73.76249695,True,True,https://www.google.com/maps/search/?api=1&query=Multi-Use+Room+-+2nd+Fl+%28in+Sorrentino+Recreation+Center%29%2C+New+York%2C+NY,https://www.google.com/maps/search/?api=1&query=40.60240173%2C-73.76249695,pending,False,,,2160570,http://www.nycgovparks.org/events/2026/07/27/uplifted-dance-fitness
1189,urban farm volunteers|2026-07-19,Urban Farm Volunteers,2026-07-19T10:00 am,Urban Farm (in Randall's Island Park),,40.784213892023,-73.925898551941,True,True,https://www.google.com/maps/search/?api=1&query=Urban+Farm+%28in+Randall%27s+Island+Park%29%2C+New+York%2C+NY,https://www.google.com/maps/search/?api=1&query=40.784213892023%2C-73.925898551941,pending,False,,,2114778,http://www.nycgovparks.org/events/2026/07/19/urban-farm-volunteers
1190,urban farm volunteers|2026-07-26,Urban Farm Volunteers,2026-07-26T10:00 am,Urban Farm (in Randall's Island Park),,40.784213892023,-73.925898551941,True,True,https://www.google.com/maps/search/?api=1&query=Urban+Farm+%28in+Randall%27s+Island+Park%29%2C+New+York%2C+NY,https://www.google.com/maps/search/?api=1&query=40.784213892023%2C-73.925898551941,pending,False,,,2114779,http://www.nycgovparks.org/events/2026/07/26/urban-farm-volunteers
1191,van cortlandt pool lap swim|2026-07-16,Van Cortlandt Pool: Lap Swim,2026-07-16T7:00 am,Van Cortlandt Park Pool (in Van Cortlandt Park),,40.889883734909,-73.896080255508,True,True,https://www.google.com/maps/search/?api=1&query=Van+Cortlandt+Park+Pool+%28in+Van+Cortlandt+Park%29%2C+New+York%2C+NY,https://www.google.com/maps/search/?api=1&query=40.889883734909%2C-73.896080255508,pending,False,,,2203416,http://www.nycgovparks.org/events/2026/07/16/van-cortlandt-pool-lap-swim1
1192,van cortlandt pool lap swim|2026-07-17,Van Cortlandt Pool: Lap Swim,2026-07-17T7:00 am,Van Cortlandt Park Pool (in Van Cortlandt Park),,40.889883734909,-73.896080255508,True,True,https://www.google.com/maps/search/?api=1&query=Van+Cortlandt+Park+Pool+%28in+Van+Cortlandt+Park%29%2C+New+York%2C+NY,https://www.google.com/maps/search/?api=1&query=40.889883734909%2C-73.896080255508,pending,False,,,2203624,http://www.nycgovparks.org/events/2026/07/17/van-cortlandt-pool-lap-swim1
1193,van cortlandt pool lap swim|2026-07-20,Van Cortlandt Pool: Lap Swim,2026-07-20T7:00 am,Van Cortlandt Park Pool (in Van Cortlandt Park),,40.889883734909,-73.896080255508,True,True,https://www.google.com/maps/search/?api=1&query=Van+Cortlandt+Park+Pool+%28in+Van+Cortlandt+Park%29%2C+New+York%2C+NY,https://www.google.com/maps/search/?api=1&query=40.889883734909%2C-73.896080255508,pending,False,,,2203583,http://www.nycgovparks.org/events/2026/07/20/van-cortlandt-pool-lap-swim1
1194,van cortlandt pool lap swim|2026-07-21,Van Cortlandt Pool: Lap Swim,2026-07-21T7:00 am,Van Cortlandt Park Pool (in Van Cortlandt Park),,40.889883734909,-73.896080255508,True,True,https://www.google.com/maps/search/?api=1&query=Van+Cortlandt+Park+Pool+%28in+Van+Cortlandt+Park%29%2C+New+York%2C+NY,https://www.google.com/maps/search/?api=1&query=40.889883734909%2C-73.896080255508,pending,False,,,2203654,http://www.nycgovparks.org/events/2026/07/21/van-cortlandt-pool-lap-swim1
1195,van cortlandt pool lap swim|2026-07-22,Van Cortlandt Pool: Lap Swim,2026-07-22T7:00 am,Van Cortlandt Park Pool (in Van Cortlandt Park),,40.889883734909,-73.896080255508,True,True,https://www.google.com/maps/search/?api=1&query=Van+Cortlandt+Park+Pool+%28in+Van+Cortlandt+Park%29%2C+New+York%2C+NY,https://www.google.com/maps/search/?api=1&query=40.889883734909%2C-73.896080255508,pending,False,,,2203492,http://www.nycgovparks.org/events/2026/07/22/van-cortlandt-pool-lap-swim1
1196,van cortlandt pool lap swim|2026-07-23,Van Cortlandt Pool: Lap Swim,2026-07-23T7:00 am,Van Cortlandt Park Pool (in Van Cortlandt Park),,40.889883734909,-73.896080255508,True,True,https://www.google.com/maps/search/?api=1&query=Van+Cortlandt+Park+Pool+%28in+Van+Cortlandt+Park%29%2C+New+York%2C+NY,https://www.google.com/maps/search/?api=1&query=40.889883734909%2C-73.896080255508,pending,False,,,2203604,http://www.nycgovparks.org/events/2026/07/23/van-cortlandt-pool-lap-swim1
1197,van cortlandt pool lap swim|2026-07-24,Van Cortlandt Pool: Lap Swim,2026-07-24T7:00 am,Van Cortlandt Park Pool (in Van Cortlandt Park),,40.889883734909,-73.896080255508,True,True,https://www.google.com/maps/search/?api=1&query=Van+Cortlandt+Park+Pool+%28in+Van+Cortlandt+Park%29%2C+New+York%2C+NY,https://www.google.com/maps/search/?api=1&query=40.889883734909%2C-73.896080255508,pending,False,,,2203614,http://www.nycgovparks.org/events/2026/07/24/van-cortlandt-pool-lap-swim1
1198,van cortlandt pool lap swim|2026-07-27,Van Cortlandt Pool: Lap Swim,2026-07-27T7:00 am,Van Cortlandt Park Pool (in Van Cortlandt Park),,40.889883734909,-73.896080255508,True,True,https://www.google.com/maps/search/?api=1&query=Van+Cortlandt+Park+Pool+%28in+Van+Cortlandt+Park%29%2C+New+York%2C+NY,https://www.google.com/maps/search/?api=1&query=40.889883734909%2C-73.896080255508,pending,False,,,2203679,http://www.nycgovparks.org/events/2026/07/27/van-cortlandt-pool-lap-swim1
1199,virtual rise and shine yoga|2026-07-18,Virtual Rise and Shine Yoga,2026-07-18T9:00 am,Virtual/Online Events,,40.7583263,-73.9935168,True,True,https://www.google.com/maps/search/?api=1&query=Virtual%2FOnline+Events%2C+New+York%2C+NY,https://www.google.com/maps/search/?api=1&query=40.7583263%2C-73.9935168,pending,False,,,2123785,http://www.nycgovparks.org/events/2026/07/18/virtual-rise-and-shine-yoga
1200,virtual rise and shine yoga|2026-07-25,Virtual Rise and Shine Yoga,2026-07-25T9:00 am,Virtual/Online Events,,40.7583263,-73.9935168,True,True,https://www.google.com/maps/search/?api=1&query=Virtual%2FOnline+Events%2C+New+York%2C+NY,https://www.google.com/maps/search/?api=1&query=40.7583263%2C-73.9935168,pending,False,,,2123789,http://www.nycgovparks.org/events/2026/07/25/virtual-rise-and-shine-yoga
1201,virtual yoga|2026-07-20,Virtual Yoga,2026-07-20T7:30 pm,Virtual/Online Events,,40.7583263,-73.9935168,True,True,https://www.google.com/maps/search/?api=1&query=Virtual%2FOnline+Events%2C+New+York%2C+NY,https://www.google.com/maps/search/?api=1&query=40.7583263%2C-73.9935168,pending,False,,,2205213,http://www.nycgovparks.org/events/2026/07/20/virtual-yoga
1202,virtual yoga|2026-07-27,Virtual Yoga,2026-07-27T7:30 pm,Virtual/Online Events,,40.7583263,-73.9935168,True,True,https://www.google.com/maps/search/?api=1&query=Virtual%2FOnline+Events%2C+New+York%2C+NY,https://www.google.com/maps/search/?api=1&query=40.7583263%2C-73.9935168,pending,False,,,2205211,http://www.nycgovparks.org/events/2026/07/27/virtual-yoga
1203,virtual zumba|2026-07-16,Virtual Zumba,2026-07-16T7:30 pm,Virtual/Online Events,,40.7583263,-73.9935168,True,True,https://www.google.com/maps/search/?api=1&query=Virtual%2FOnline+Events%2C+New+York%2C+NY,https://www.google.com/maps/search/?api=1&query=40.7583263%2C-73.9935168,pending,False,,,2158666,http://www.nycgovparks.org/events/2026/07/16/virtual-zumba
1204,virtual zumba|2026-07-23,Virtual Zumba,2026-07-23T7:30 pm,Virtual/Online Events,,40.7583263,-73.9935168,True,True,https://www.google.com/maps/search/?api=1&query=Virtual%2FOnline+Events%2C+New+York%2C+NY,https://www.google.com/maps/search/?api=1&query=40.7583263%2C-73.9935168,pending,False,,,2158931,http://www.nycgovparks.org/events/2026/07/23/virtual-zumba
1205,volunteer day work learn at hattie carthan herban farm|2026-07-24,Volunteer Day: Work + Learn at Hattie Carthan Herban Farm,2026-07-24T4:00 pm,Hattie Carthan Herban Farm,,40.69020080566406,-73.943603515625,True,True,https://www.google.com/maps/search/?api=1&query=Hattie+Carthan+Herban+Farm%2C+New+York%2C+NY,https://www.google.com/maps/search/?api=1&query=40.69020080566406%2C-73.943603515625,pending,False,,,2201505,http://www.nycgovparks.org/events/2026/07/24/volunteer-day-work-learn-at-hattie-carthan-herban-farm
1206,waterfront concert series cc the boys|2026-07-16,Waterfront Concert Series: CC & The Boys,2026-07-16T7:30 pm,Astoria Park Lawn (in Astoria Park),,40.778156030221,-73.924406886101,True,True,https://www.google.com/maps/search/?api=1&query=Astoria+Park+Lawn+%28in+Astoria+Park%29%2C+New+York%2C+NY,https://www.google.com/maps/search/?api=1&query=40.778156030221%2C-73.924406886101,pending,False,,,2195850,http://www.nycgovparks.org/events/2026/07/16/waterfront-concert-series-cc-the-boys
1207,waterfront concert series forever ray|2026-07-23,Waterfront Concert Series: Forever Ray,2026-07-23T7:30 pm,Astoria Park Lawn (in Astoria Park),,40.778156030221,-73.924406886101,True,True,https://www.google.com/maps/search/?api=1&query=Astoria+Park+Lawn+%28in+Astoria+Park%29%2C+New+York%2C+NY,https://www.google.com/maps/search/?api=1&query=40.778156030221%2C-73.924406886101,pending,False,,,2195851,http://www.nycgovparks.org/events/2026/07/23/waterfront-concert-series-forever-ray
1208,waterfront festival|2026-07-18,Waterfront Festival,2026-07-18T12:00 pm,East River Picnic Area (in Randall's Island Park),,40.783056947393,-73.933829307556,True,True,https://www.google.com/maps/search/?api=1&query=East+River+Picnic+Area+%28in+Randall%27s+Island+Park%29%2C+New+York%2C+NY,https://www.google.com/maps/search/?api=1&query=40.783056947393%2C-73.933829307556,pending,False,,,2123449,http://www.nycgovparks.org/events/2026/07/18/waterfront-festival
1209,waterfront walks|2026-07-19,Waterfront Walks,2026-07-19T10:30 am,Brooklyn Bridge Park,,40.700099945068,-73.997299194336,True,True,https://www.google.com/maps/search/?api=1&query=Brooklyn+Bridge+Park%2C+New+York%2C+NY,https://www.google.com/maps/search/?api=1&query=40.700099945068%2C-73.997299194336,pending,False,,,2201582,http://www.nycgovparks.org/events/2026/07/19/waterfront-walks
1210,waterfront walks|2026-07-26,Waterfront Walks,2026-07-26T10:30 am,Brooklyn Bridge Park,,40.700099945068,-73.997299194336,True,True,https://www.google.com/maps/search/?api=1&query=Brooklyn+Bridge+Park%2C+New+York%2C+NY,https://www.google.com/maps/search/?api=1&query=40.700099945068%2C-73.997299194336,pending,False,,,2201583,http://www.nycgovparks.org/events/2026/07/26/waterfront-walks
1211,wild apothecary from soil to skin with imelda bell|2026-07-24,Wild Apothecary: From Soil to Skin with Imelda Bell,2026-07-24T4:00 pm,Concrete Plant Park,,40.826900482177734,-73.88480377197266,True,True,https://www.google.com/maps/search/?api=1&query=Concrete+Plant+Park%2C+New+York%2C+NY,https://www.google.com/maps/search/?api=1&query=40.826900482177734%2C-73.88480377197266,pending,False,,,2204134,http://www.nycgovparks.org/events/2026/07/24/wild-apothecary-from-soil-to-skin-with-imelda-bell
1212,worms at work compost sifting soil discovery|2026-07-25,Worms at Work: Compost Sifting & Soil Discovery,2026-07-25T2:00 pm,Harlem Grown 134th Street Farm,,40.8140187,-73.9427287,True,True,https://www.google.com/maps/search/?api=1&query=Harlem+Grown+134th+Street+Farm%2C+New+York%2C+NY,https://www.google.com/maps/search/?api=1&query=40.8140187%2C-73.9427287,pending,False,,,2179630,http://www.nycgovparks.org/events/2026/07/25/worms-at-work-compost-sifting-soil-discovery
1213,writers workshop at bryant park reading room|2026-07-16,Writers Workshop at Bryant Park Reading Room,2026-07-16T6:30 pm,Reading Room (in Bryant Park),,40.754116748576,-73.983368813992,True,True,https://www.google.com/maps/search/?api=1&query=Reading+Room+%28in+Bryant+Park%29%2C+New+York%2C+NY,https://www.google.com/maps/search/?api=1&query=40.754116748576%2C-73.983368813992,pending,False,,,2176591,http://www.nycgovparks.org/events/2026/07/16/writers-workshop-at-bryant-park-reading-room
1214,writers workshop at bryant park reading room|2026-07-23,Writers Workshop at Bryant Park Reading Room,2026-07-23T6:30 pm,Reading Room (in Bryant Park),,40.754116748576,-73.983368813992,True,True,https://www.google.com/maps/search/?api=1&query=Reading+Room+%28in+Bryant+Park%29%2C+New+York%2C+NY,https://www.google.com/maps/search/?api=1&query=40.754116748576%2C-73.983368813992,pending,False,,,2176592,http://www.nycgovparks.org/events/2026/07/23/writers-workshop-at-bryant-park-reading-room
1215,yoga at bryant park|2026-07-22,Yoga at Bryant Park,2026-07-22T6:00 pm,Bryant Park Lawn (in Bryant Park),,40.753819792011,-73.983734458685,True,True,https://www.google.com/maps/search/?api=1&query=Bryant+Park+Lawn+%28in+Bryant+Park%29%2C+New+York%2C+NY,https://www.google.com/maps/search/?api=1&query=40.753819792011%2C-73.983734458685,pending,False,,,2174229,http://www.nycgovparks.org/events/2026/07/22/yoga-at-bryant-park
1216,yoga with sunee yogasole|2026-07-22,Yoga with Sunee / YogaSole,2026-07-22T5:30 pm,East Fourth Street Community Garden,,40.6482048,-73.9773563,True,True,https://www.google.com/maps/search/?api=1&query=East+Fourth+Street+Community+Garden%2C+New+York%2C+NY,https://www.google.com/maps/search/?api=1&query=40.6482048%2C-73.9773563,pending,False,,,2179634,http://www.nycgovparks.org/events/2026/07/22/yoga-with-sunee-yogasole
1217,yoga|2026-07-17,Yoga,2026-07-17T8:30 am,Garibaldi Plaza (in Washington Square Park),,40.730499267578125,-73.99700164794922,True,True,https://www.google.com/maps/search/?api=1&query=Garibaldi+Plaza+%28in+Washington+Square+Park%29%2C+New+York%2C+NY,https://www.google.com/maps/search/?api=1&query=40.730499267578125%2C-73.99700164794922,pending,False,,,2189716,http://www.nycgovparks.org/events/2026/07/17/yoga
1218,yoga|2026-07-20,Yoga,2026-07-20T10:00 am,Brooklyn Public Library- Gerritsen Beach,,40.5913411,-73.9240055,True,True,https://www.google.com/maps/search/?api=1&query=Brooklyn+Public+Library-+Gerritsen+Beach%2C+New+York%2C+NY,https://www.google.com/maps/search/?api=1&query=40.5913411%2C-73.9240055,pending,False,,,2208874,http://www.nycgovparks.org/events/2026/07/20/yoga1
1219,yoga|2026-07-24,Yoga,2026-07-24T8:30 am,Garibaldi Plaza (in Washington Square Park),,40.730499267578125,-73.99700164794922,True,True,https://www.google.com/maps/search/?api=1&query=Garibaldi+Plaza+%28in+Washington+Square+Park%29%2C+New+York%2C+NY,https://www.google.com/maps/search/?api=1&query=40.730499267578125%2C-73.99700164794922,pending,False,,,2189717,http://www.nycgovparks.org/events/2026/07/24/yoga
1220,yoga|2026-07-27,Yoga,2026-07-27T10:00 am,Brooklyn Public Library- Gerritsen Beach,,40.5913411,-73.9240055,True,True,https://www.google.com/maps/search/?api=1&query=Brooklyn+Public+Library-+Gerritsen+Beach%2C+New+York%2C+NY,https://www.google.com/maps/search/?api=1&query=40.5913411%2C-73.9240055,pending,False,,,2208711,http://www.nycgovparks.org/events/2026/07/27/yoga1
1221,zumba gold 174|2026-07-17,Zumba Gold&#174;,2026-07-17T9:00 am,Dance Room (in Constance Baker Motley Recreation Center),,40.75646973,-73.9651413,True,False,https://www.google.com/maps/search/?api=1&query=Dance+Room+%28in+Constance+Baker+Motley+Recreation+Center%29%2C+New+York%2C+NY,https://www.google.com/maps/search/?api=1&query=40.75646973%2C-73.9651413,pending,False,,,2138707,http://www.nycgovparks.org/events/2026/07/17/zumba-gold
1222,zumba gold 174|2026-07-20,Zumba Gold&#174;,2026-07-20T9:15 am,New Settlement Community Center,,40.84238815307617,-73.91618347167969,True,False,https://www.google.com/maps/search/?api=1&query=New+Settlement+Community+Center%2C+New+York%2C+NY,https://www.google.com/maps/search/?api=1&query=40.84238815307617%2C-73.91618347167969,pending,False,,,2184362,http://www.nycgovparks.org/events/2026/07/20/zumba-gold1
1223,zumba gold 174|2026-07-21,Zumba Gold&#174;,2026-07-21T11:15 am,Multi-Use Room (in Williamsbridge Oval),,40.876733907,-73.878591092031,True,False,https://www.google.com/maps/search/?api=1&query=Multi-Use+Room+%28in+Williamsbridge+Oval%29%2C+New+York%2C+NY,https://www.google.com/maps/search/?api=1&query=40.876733907%2C-73.878591092031,pending,False,,,2126866,http://www.nycgovparks.org/events/2026/07/21/zumba-gold
1224,zumba gold 174|2026-07-24,Zumba Gold&#174;,2026-07-24T9:00 am,Dance Room (in Constance Baker Motley Recreation Center),,40.75646973,-73.9651413,True,False,https://www.google.com/maps/search/?api=1&query=Dance+Room+%28in+Constance+Baker+Motley+Recreation+Center%29%2C+New+York%2C+NY,https://www.google.com/maps/search/?api=1&query=40.75646973%2C-73.9651413,pending,False,,,2138379,http://www.nycgovparks.org/events/2026/07/24/zumba-gold
1225,zumba gold 174|2026-07-27,Zumba Gold&#174;,2026-07-27T9:15 am,New Settlement Community Center,,40.84238815307617,-73.91618347167969,True,False,https://www.google.com/maps/search/?api=1&query=New+Settlement+Community+Center%2C+New+York%2C+NY,https://www.google.com/maps/search/?api=1&query=40.84238815307617%2C-73.91618347167969,pending,False,,,2184347,http://www.nycgovparks.org/events/2026/07/27/zumba-gold1
1226,zumba under the stars w lisa g aka rockazumbaway|2026-07-21,Zumba under the Stars w/Lisa G aka RockaZumbaway,2026-07-21T7:00 pm,Beach 17 O'Donohue Park (in Rockaway Beach and Boardwalk),,40.592552514809,-73.754145622254,True,True,https://www.google.com/maps/search/?api=1&query=Beach+17+O%27Donohue+Park+%28in+Rockaway+Beach+and+Boardwalk%29%2C+New+York%2C+NY,https://www.google.com/maps/search/?api=1&query=40.592552514809%2C-73.754145622254,pending,False,,,2139815,http://www.nycgovparks.org/events/2026/07/21/zumba-under-the-stars-wlisa-g-aka-zumbarockaway
1227,zumba under the stars w lisa g rockazumbaway|2026-07-16,Zumba under the Stars W/Lisa G Rockazumbaway,2026-07-16T7:00 pm,Beach 17th Street and Seagirt Boulevard (in Rockaway Beach and Boardwalk),,40.59479904174805,-73.75090026855469,True,True,https://www.google.com/maps/search/?api=1&query=Beach+17th+Street+and+Seagirt+Boulevard+%28in+Rockaway+Beach+and+Boardwalk%29%2C+New+York%2C+NY,https://www.google.com/maps/search/?api=1&query=40.59479904174805%2C-73.75090026855469,pending,False,,,2139976,http://www.nycgovparks.org/events/2026/07/16/zumba-under-the-stars-wlisa-g-rockazumbaway
1228,zumba under the stars w lisa g rockazumbaway|2026-07-23,Zumba under the Stars W/Lisa G Rockazumbaway,2026-07-23T7:00 pm,Beach 17th Street and Seagirt Boulevard (in Rockaway Beach and Boardwalk),,40.59479904174805,-73.75090026855469,True,True,https://www.google.com/maps/search/?api=1&query=Beach+17th+Street+and+Seagirt+Boulevard+%28in+Rockaway+Beach+and+Boardwalk%29%2C+New+York%2C+NY,https://www.google.com/maps/search/?api=1&query=40.59479904174805%2C-73.75090026855469,pending,False,,,2139977,http://www.nycgovparks.org/events/2026/07/23/zumba-under-the-stars-wlisa-g-rockazumbaway
1229,zumba|2026-07-16,Zumba,2026-07-16T6:00 pm,Queens Public Library - Corona,,40.751004375974,-73.861925057672,True,True,https://www.google.com/maps/search/?api=1&query=Queens+Public+Library+-+Corona%2C+New+York%2C+NY,https://www.google.com/maps/search/?api=1&query=40.751004375974%2C-73.861925057672,pending,False,,,2161680,http://www.nycgovparks.org/events/2026/07/16/zumba
1230,zumba|2026-07-18,Zumba,2026-07-18T9:00 am,Midland Beach Splash Plaza (in Franklin D. Roosevelt Boardwalk and Beach),,40.57849884033203,-74.07759857177734,True,True,https://www.google.com/maps/search/?api=1&query=Midland+Beach+Splash+Plaza+%28in+Franklin+D.+Roosevelt+Boardwalk+and+Beach%29%2C+New+York%2C+NY,https://www.google.com/maps/search/?api=1&query=40.57849884033203%2C-74.07759857177734,pending,False,,,2169225,http://www.nycgovparks.org/events/2026/07/18/zumba2
1231,zumba|2026-07-19,Zumba,2026-07-19T11:00 am,Multi-Use Room (in Williamsbridge Oval),,40.876733907,-73.878591092031,True,True,https://www.google.com/maps/search/?api=1&query=Multi-Use+Room+%28in+Williamsbridge+Oval%29%2C+New+York%2C+NY,https://www.google.com/maps/search/?api=1&query=40.876733907%2C-73.878591092031,pending,False,,,2155950,http://www.nycgovparks.org/events/2026/07/19/zumba
1232,zumba|2026-07-21,Zumba,2026-07-21T7:00 pm,Multi-Use Room (in Blood Root Valley),,40.5919826,-74.13947248,True,True,https://www.google.com/maps/search/?api=1&query=Multi-Use+Room+%28in+Blood+Root+Valley%29%2C+New+York%2C+NY,https://www.google.com/maps/search/?api=1&query=40.5919826%2C-74.13947248,pending,False,,,2165334,http://www.nycgovparks.org/events/2026/07/21/zumba
1233,zumba|2026-07-22,Zumba,2026-07-22T6:00 pm,Gymnasium (in Highbridge Park),,40.84260178,-73.93430328,True,True,https://www.google.com/maps/search/?api=1&query=Gymnasium+%28in+Highbridge+Park%29%2C+New+York%2C+NY,https://www.google.com/maps/search/?api=1&query=40.84260178%2C-73.93430328,pending,False,,,2151837,http://www.nycgovparks.org/events/2026/07/22/zumba
1234,zumba|2026-07-23,Zumba,2026-07-23T6:00 pm,Queens Public Library - Broadway,,40.758652425135,-73.918559074402,True,True,https://www.google.com/maps/search/?api=1&query=Queens+Public+Library+-+Broadway%2C+New+York%2C+NY,https://www.google.com/maps/search/?api=1&query=40.758652425135%2C-73.918559074402,pending,False,,,2150507,http://www.nycgovparks.org/events/2026/07/23/zumba1
1235,zumba|2026-07-25,Zumba,2026-07-25T9:00 am,Midland Beach Splash Plaza (in Franklin D. Roosevelt Boardwalk and Beach),,40.57849884033203,-74.07759857177734,True,True,https://www.google.com/maps/search/?api=1&query=Midland+Beach+Splash+Plaza+%28in+Franklin+D.+Roosevelt+Boardwalk+and+Beach%29%2C+New+York%2C+NY,https://www.google.com/maps/search/?api=1&query=40.57849884033203%2C-74.07759857177734,pending,False,,,2169466,http://www.nycgovparks.org/events/2026/07/25/zumba2
1236,zumba|2026-07-26,Zumba,2026-07-26T11:00 am,Multi-Use Room (in Williamsbridge Oval),,40.876733907,-73.878591092031,True,True,https://www.google.com/maps/search/?api=1&query=Multi-Use+Room+%28in+Williamsbridge+Oval%29%2C+New+York%2C+NY,https://www.google.com/maps/search/?api=1&query=40.876733907%2C-73.878591092031,pending,False,,,2156105,http://www.nycgovparks.org/events/2026/07/26/zumba
1237,free yoga at franz sigel park friends of 4 park alliance|2026-07-18,Free Yoga at Franz Sigel Park - Friends of 4 Park Alliance,2026-07-18T9:00 am,"Franz Sigel Park,Franz Sigel Park - Meet at Northern end (in Franz Sigel Park)",,,,False,True,https://www.google.com/maps/search/?api=1&query=Franz+Sigel+Park%2CFranz+Sigel+Park+-+Meet+at+Northern+end+%28in+Franz+Sigel+Park%29%2C+New+York%2C+NY,,pending,False,,,2201754,http://www.nycgovparks.org/events/2026/07/18/free-yoga-at-franz-sigel-park-friends-of-4-park-alliance
1238,free yoga at franz sigel park friends of 4 park alliance|2026-07-25,Free Yoga at Franz Sigel Park - Friends of 4 Park Alliance,2026-07-25T9:00 am,"Franz Sigel Park,Franz Sigel Park - Meet at Northern end (in Franz Sigel Park)",,,,False,True,https://www.google.com/maps/search/?api=1&query=Franz+Sigel+Park%2CFranz+Sigel+Park+-+Meet+at+Northern+end+%28in+Franz+Sigel+Park%29%2C+New+York%2C+NY,,pending,False,,,2201755,http://www.nycgovparks.org/events/2026/07/25/free-yoga-at-franz-sigel-park-friends-of-4-park-alliance
1239,soundview park microplastics workshop with new york sea grant|2026-07-18,Soundview Park Microplastics Workshop with New York Sea Grant,2026-07-18T10:00 am,"Leland Avenue and O'Brien Avenue (in Soundview Park),Leland Avenue and O'Brien Avenue (in Soundview Park)",,,,False,True,https://www.google.com/maps/search/?api=1&query=Leland+Avenue+and+O%27Brien+Avenue+%28in+Soundview+Park%29%2CLeland+Avenue+and+O%27Brien+Avenue+%28in+Soundview+Park%29%2C+New+York%2C+NY,,pending,False,,,2195678,http://www.nycgovparks.org/events/2026/07/18/soundview-park-microplastics-workshop-with-new-york-sea-gran
1240,waterfront workouts amp d bootcamp|2026-07-22,Waterfront Workouts: Amp'd Bootcamp,2026-07-22T6:00 pm,"Pier 2 (in Brooklyn Bridge Park),Brooklyn Bridge Park",,,,False,True,https://www.google.com/maps/search/?api=1&query=Pier+2+%28in+Brooklyn+Bridge+Park%29%2CBrooklyn+Bridge+Park%2C+New+York%2C+NY,,pending,False,,,2170520,http://www.nycgovparks.org/events/2026/07/22/waterfront-workouts-ampd-bootcamp
1241,west harlem summer jazz festival|2026-07-24,West Harlem Summer Jazz Festival,2026-07-24T6:00 pm,"James Baldwin Lawn (in St. Nicholas Park),135th Street and St. Nicholas Avenue (in St. Nicholas Park)",,,,False,True,https://www.google.com/maps/search/?api=1&query=James+Baldwin+Lawn+%28in+St.+Nicholas+Park%29%2C135th+Street+and+St.+Nicholas+Avenue+%28in+St.+Nicholas+Park%29%2C+New+York%2C+NY,,pending,False,,,2174476,http://www.nycgovparks.org/events/2026/07/24/west-harlem-summer-jazz-festival
1242,wheel fun rentals celebrates america s 250th with patriotic led bike ride|2026-07-17,Wheel Fun Rentals Celebrates America's 250th with Patriotic LED Bike Ride,2026-07-17T8:00 pm,"Meadow Lake North (in Flushing Meadows Corona Park),Sand Lane and Father Capadanno Boulevard (in Franklin D. Roosevelt Boardwalk and Beach),Marine Park,Bensonhurst Park,David Dinkins Circle (in Flushing Meadows Corona Park)",,,,False,True,https://www.google.com/maps/search/?api=1&query=Meadow+Lake+North+%28in+Flushing+Meadows+Corona+Park%29%2CSand+Lane+and+Father+Capadanno+Boulevard+%28in+Franklin+D.+Roosevelt+Boardwalk+and+Beach%29%2CMarine+Park%2CBensonhurst+Park%2CDavid+Dinkins+Circle+%28in+Flushing+Meadows+Corona+Park%29%2C+New+York%2C+NY,,pending,False,,,2195702,http://www.nycgovparks.org/events/2026/07/17/wheel-fun-rentals-celebrates-americas-250th-with-patriotic-led-bike-ride
1243,wheel fun rentals celebrates america s 250th with patriotic led bike ride|2026-07-18,Wheel Fun Rentals Celebrates America's 250th with Patriotic LED Bike Ride,2026-07-18T8:00 pm,"Meadow Lake North (in Flushing Meadows Corona Park),Sand Lane and Father Capadanno Boulevard (in Franklin D. Roosevelt Boardwalk and Beach),Marine Park,Bensonhurst Park,David Dinkins Circle (in Flushing Meadows Corona Park)",,,,False,True,https://www.google.com/maps/search/?api=1&query=Meadow+Lake+North+%28in+Flushing+Meadows+Corona+Park%29%2CSand+Lane+and+Father+Capadanno+Boulevard+%28in+Franklin+D.+Roosevelt+Boardwalk+and+Beach%29%2CMarine+Park%2CBensonhurst+Park%2CDavid+Dinkins+Circle+%28in+Flushing+Meadows+Corona+Park%29%2C+New+York%2C+NY,,pending,False,,,2195703,http://www.nycgovparks.org/events/2026/07/18/wheel-fun-rentals-celebrates-americas-250th-with-patriotic-led-bike-ride
1244,wheel fun rentals celebrates america s 250th with patriotic led bike ride|2026-07-19,Wheel Fun Rentals Celebrates America's 250th with Patriotic LED Bike Ride,2026-07-19T8:00 pm,"Meadow Lake North (in Flushing Meadows Corona Park),Sand Lane and Father Capadanno Boulevard (in Franklin D. Roosevelt Boardwalk and Beach),Marine Park,Bensonhurst Park,David Dinkins Circle (in Flushing Meadows Corona Park)",,,,False,True,https://www.google.com/maps/search/?api=1&query=Meadow+Lake+North+%28in+Flushing+Meadows+Corona+Park%29%2CSand+Lane+and+Father+Capadanno+Boulevard+%28in+Franklin+D.+Roosevelt+Boardwalk+and+Beach%29%2CMarine+Park%2CBensonhurst+Park%2CDavid+Dinkins+Circle+%28in+Flushing+Meadows+Corona+Park%29%2C+New+York%2C+NY,,pending,False,,,2195704,http://www.nycgovparks.org/events/2026/07/19/wheel-fun-rentals-celebrates-americas-250th-with-patriotic-led-bike-ride
1245,wheel fun rentals celebrates america s 250th with patriotic led bike ride|2026-07-24,Wheel Fun Rentals Celebrates America's 250th with Patriotic LED Bike Ride,2026-07-24T8:00 pm,"Meadow Lake North (in Flushing Meadows Corona Park),Sand Lane and Father Capadanno Boulevard (in Franklin D. Roosevelt Boardwalk and Beach),Marine Park,Bensonhurst Park,David Dinkins Circle (in Flushing Meadows Corona Park)",,,,False,True,https://www.google.com/maps/search/?api=1&query=Meadow+Lake+North+%28in+Flushing+Meadows+Corona+Park%29%2CSand+Lane+and+Father+Capadanno+Boulevard+%28in+Franklin+D.+Roosevelt+Boardwalk+and+Beach%29%2CMarine+Park%2CBensonhurst+Park%2CDavid+Dinkins+Circle+%28in+Flushing+Meadows+Corona+Park%29%2C+New+York%2C+NY,,pending,False,,,2195705,http://www.nycgovparks.org/events/2026/07/24/wheel-fun-rentals-celebrates-americas-250th-with-patriotic-led-bike-ride
1246,wheel fun rentals celebrates america s 250th with patriotic led bike ride|2026-07-25,Wheel Fun Rentals Celebrates America's 250th with Patriotic LED Bike Ride,2026-07-25T8:00 pm,"Meadow Lake North (in Flushing Meadows Corona Park),Sand Lane and Father Capadanno Boulevard (in Franklin D. Roosevelt Boardwalk and Beach),Marine Park,Bensonhurst Park,David Dinkins Circle (in Flushing Meadows Corona Park)",,,,False,True,https://www.google.com/maps/search/?api=1&query=Meadow+Lake+North+%28in+Flushing+Meadows+Corona+Park%29%2CSand+Lane+and+Father+Capadanno+Boulevard+%28in+Franklin+D.+Roosevelt+Boardwalk+and+Beach%29%2CMarine+Park%2CBensonhurst+Park%2CDavid+Dinkins+Circle+%28in+Flushing+Meadows+Corona+Park%29%2C+New+York%2C+NY,,pending,False,,,2195706,http://www.nycgovparks.org/events/2026/07/25/wheel-fun-rentals-celebrates-americas-250th-with-patriotic-led-bike-ride
1247,wheel fun rentals celebrates america s 250th with patriotic led bike ride|2026-07-26,Wheel Fun Rentals Celebrates America's 250th with Patriotic LED Bike Ride,2026-07-26T8:00 pm,"Meadow Lake North (in Flushing Meadows Corona Park),Sand Lane and Father Capadanno Boulevard (in Franklin D. Roosevelt Boardwalk and Beach),Marine Park,Bensonhurst Park,David Dinkins Circle (in Flushing Meadows Corona Park)",,,,False,True,https://www.google.com/maps/search/?api=1&query=Meadow+Lake+North+%28in+Flushing+Meadows+Corona+Park%29%2CSand+Lane+and+Father+Capadanno+Boulevard+%28in+Franklin+D.+Roosevelt+Boardwalk+and+Beach%29%2CMarine+Park%2CBensonhurst+Park%2CDavid+Dinkins+Circle+%28in+Flushing+Meadows+Corona+Park%29%2C+New+York%2C+NY,,pending,False,,,2195707,http://www.nycgovparks.org/events/2026/07/26/wheel-fun-rentals-celebrates-americas-250th-with-patriotic-led-bike-ride
