{
  "features": [
    {
      "geometry": {
        "coordinates": [
          [
            [
              -73.86523688457135,
              40.8188745962639
            ],
            [
              -73.86565154907213,
              40.82061255367021
            ]
          ]
        ],
        "type": "MultiLineString"
      },
      "id": "tvpp-9vvx|922278|2026-09-05T11:00:00",
      "properties": {
        "borough": "Bronx",
        "certified_pin": false,
        "display_geometry_role": "route",
        "end_date_time": "2026-09-05T20:00:00.000",
        "endpoint_1_nearest_source_endpoint_m": 45.042,
        "endpoint_2_nearest_source_endpoint_m": 0.165,
        "endpoint_tolerance_m": 50.0,
        "exact_pin_eligible": false,
        "geometry_authority": "nyc_dcp_geosupport_plus_lion",
        "geometry_precision": "official_centerline",
        "geometry_sha256": "b49aa63961dfa17570c261f1fdd73a80858a3fc3927412786c68aacb63bf5b49",
        "location": "COMMONWEALTH AVENUE between LAFAYETTE AVENUE and SEWARD AVENUE",
        "occurrence_id": "tvpp-9vvx|922278|2026-09-05T11:00:00",
        "publication_allowed": true,
        "source_dataset": "tvpp-9vvx",
        "source_event_id": "922278",
        "source_geometry_dataset_id": "2v4z-66xt",
        "source_geometry_dataset_name": "NYC DCP LION",
        "source_segment_id": "0122273",
        "start_date_time": "2026-09-05T11:00:00.000",
        "title": "Back To School",
        "validation_state": "validated"
      },
      "type": "Feature"
    },
    {
      "geometry": {
        "coordinates": [
          [
            [
              -73.90298864577952,
              40.85477310913159
            ],
            [
              -73.90176244667435,
              40.8563875078194
            ]
          ]
        ],
        "type": "MultiLineString"
      },
      "id": "tvpp-9vvx|968296|2026-09-01T14:00:00",
      "properties": {
        "borough": "Bronx",
        "certified_pin": false,
        "display_geometry_role": "route",
        "end_date_time": "2026-09-01T17:00:00.000",
        "endpoint_1_nearest_source_endpoint_m": 0.056,
        "endpoint_2_nearest_source_endpoint_m": 0.142,
        "endpoint_tolerance_m": 50.0,
        "exact_pin_eligible": false,
        "geometry_authority": "nyc_dcp_geosupport_plus_lion",
        "geometry_precision": "official_centerline",
        "geometry_sha256": "eac346b9781a6489109dca01866ef7664d4b2cfd6bd28ce1ecc399d149d6b487",
        "location": "CRESTON AVENUE between EAST  181 STREET and EAST  182 STREET",
        "occurrence_id": "tvpp-9vvx|968296|2026-09-01T14:00:00",
        "publication_allowed": true,
        "source_dataset": "tvpp-9vvx",
        "source_event_id": "968296",
        "source_geometry_dataset_id": "2v4z-66xt",
        "source_geometry_dataset_name": "NYC DCP LION",
        "source_segment_id": "0079727",
        "start_date_time": "2026-09-01T14:00:00.000",
        "title": "Back to School Event",
        "validation_state": "validated"
      },
      "type": "Feature"
    },
    {
      "geometry": {
        "coordinates": [
          [
            [
              -73.92518486533191,
              40.81801266828389
            ],
            [
              -73.9227588220732,
              40.81738828498786
            ]
          ]
        ],
        "type": "MultiLineString"
      },
      "id": "tvpp-9vvx|911516|2026-09-01T08:00:00",
      "properties": {
        "borough": "Bronx",
        "certified_pin": false,
        "display_geometry_role": "route",
        "end_date_time": "2026-09-01T17:00:00.000",
        "endpoint_1_nearest_source_endpoint_m": 0.076,
        "endpoint_2_nearest_source_endpoint_m": 0.039,
        "endpoint_tolerance_m": 50.0,
        "exact_pin_eligible": false,
        "geometry_authority": "nyc_dcp_geosupport_plus_lion",
        "geometry_precision": "official_centerline",
        "geometry_sha256": "70e1ab8a946a46ac62d5a961a92cf0df2d32bb47210b5dddeefba9f92891a53c",
        "location": "EAST  149 STREET between MORRIS AVENUE and PARK AVENUE",
        "occurrence_id": "tvpp-9vvx|911516|2026-09-01T08:00:00",
        "publication_allowed": true,
        "source_dataset": "tvpp-9vvx",
        "source_event_id": "911516",
        "source_geometry_dataset_id": "2v4z-66xt",
        "source_geometry_dataset_name": "NYC DCP LION",
        "source_segment_id": "0069836",
        "start_date_time": "2026-09-01T08:00:00.000",
        "title": "Lincoln Hospital Greenmarket Tues  Friday",
        "validation_state": "validated"
      },
      "type": "Feature"
    },
    {
      "geometry": {
        "coordinates": [
          [
            [
              -73.92518486533191,
              40.81801266828389
            ],
            [
              -73.9227588220732,
              40.81738828498786
            ]
          ]
        ],
        "type": "MultiLineString"
      },
      "id": "tvpp-9vvx|911516|2026-09-04T08:00:00",
      "properties": {
        "borough": "Bronx",
        "certified_pin": false,
        "display_geometry_role": "route",
        "end_date_time": "2026-09-04T17:00:00.000",
        "endpoint_1_nearest_source_endpoint_m": 0.076,
        "endpoint_2_nearest_source_endpoint_m": 0.039,
        "endpoint_tolerance_m": 50.0,
        "exact_pin_eligible": false,
        "geometry_authority": "nyc_dcp_geosupport_plus_lion",
        "geometry_precision": "official_centerline",
        "geometry_sha256": "70e1ab8a946a46ac62d5a961a92cf0df2d32bb47210b5dddeefba9f92891a53c",
        "location": "EAST  149 STREET between MORRIS AVENUE and PARK AVENUE",
        "occurrence_id": "tvpp-9vvx|911516|2026-09-04T08:00:00",
        "publication_allowed": true,
        "source_dataset": "tvpp-9vvx",
        "source_event_id": "911516",
        "source_geometry_dataset_id": "2v4z-66xt",
        "source_geometry_dataset_name": "NYC DCP LION",
        "source_segment_id": "0069836",
        "start_date_time": "2026-09-04T08:00:00.000",
        "title": "Lincoln Hospital Greenmarket Tues  Friday",
        "validation_state": "validated"
      },
      "type": "Feature"
    },
    {
      "geometry": {
        "coordinates": [
          [
            [
              -73.92518486533191,
              40.81801266828389
            ],
            [
              -73.9227588220732,
              40.81738828498786
            ]
          ]
        ],
        "type": "MultiLineString"
      },
      "id": "tvpp-9vvx|911516|2026-09-08T08:00:00",
      "properties": {
        "borough": "Bronx",
        "certified_pin": false,
        "display_geometry_role": "route",
        "end_date_time": "2026-09-08T17:00:00.000",
        "endpoint_1_nearest_source_endpoint_m": 0.076,
        "endpoint_2_nearest_source_endpoint_m": 0.039,
        "endpoint_tolerance_m": 50.0,
        "exact_pin_eligible": false,
        "geometry_authority": "nyc_dcp_geosupport_plus_lion",
        "geometry_precision": "official_centerline",
        "geometry_sha256": "70e1ab8a946a46ac62d5a961a92cf0df2d32bb47210b5dddeefba9f92891a53c",
        "location": "EAST  149 STREET between MORRIS AVENUE and PARK AVENUE",
        "occurrence_id": "tvpp-9vvx|911516|2026-09-08T08:00:00",
        "publication_allowed": true,
        "source_dataset": "tvpp-9vvx",
        "source_event_id": "911516",
        "source_geometry_dataset_id": "2v4z-66xt",
        "source_geometry_dataset_name": "NYC DCP LION",
        "source_segment_id": "0069836",
        "start_date_time": "2026-09-08T08:00:00.000",
        "title": "Lincoln Hospital Greenmarket Tues  Friday",
        "validation_state": "validated"
      },
      "type": "Feature"
    },
    {
      "geometry": {
        "coordinates": [
          [
            [
              -73.92518486533191,
              40.81801266828389
            ],
            [
              -73.9227588220732,
              40.81738828498786
            ]
          ]
        ],
        "type": "MultiLineString"
      },
      "id": "tvpp-9vvx|911516|2026-09-11T08:00:00",
      "properties": {
        "borough": "Bronx",
        "certified_pin": false,
        "display_geometry_role": "route",
        "end_date_time": "2026-09-11T17:00:00.000",
        "endpoint_1_nearest_source_endpoint_m": 0.076,
        "endpoint_2_nearest_source_endpoint_m": 0.039,
        "endpoint_tolerance_m": 50.0,
        "exact_pin_eligible": false,
        "geometry_authority": "nyc_dcp_geosupport_plus_lion",
        "geometry_precision": "official_centerline",
        "geometry_sha256": "70e1ab8a946a46ac62d5a961a92cf0df2d32bb47210b5dddeefba9f92891a53c",
        "location": "EAST  149 STREET between MORRIS AVENUE and PARK AVENUE",
        "occurrence_id": "tvpp-9vvx|911516|2026-09-11T08:00:00",
        "publication_allowed": true,
        "source_dataset": "tvpp-9vvx",
        "source_event_id": "911516",
        "source_geometry_dataset_id": "2v4z-66xt",
        "source_geometry_dataset_name": "NYC DCP LION",
        "source_segment_id": "0069836",
        "start_date_time": "2026-09-11T08:00:00.000",
        "title": "Lincoln Hospital Greenmarket Tues  Friday",
        "validation_state": "validated"
      },
      "type": "Feature"
    },
    {
      "geometry": {
        "coordinates": [
          [
            [
              -73.92518486533191,
              40.81801266828389
            ],
            [
              -73.9227588220732,
              40.81738828498786
            ]
          ]
        ],
        "type": "MultiLineString"
      },
      "id": "tvpp-9vvx|911516|2026-09-15T08:00:00",
      "properties": {
        "borough": "Bronx",
        "certified_pin": false,
        "display_geometry_role": "route",
        "end_date_time": "2026-09-15T17:00:00.000",
        "endpoint_1_nearest_source_endpoint_m": 0.076,
        "endpoint_2_nearest_source_endpoint_m": 0.039,
        "endpoint_tolerance_m": 50.0,
        "exact_pin_eligible": false,
        "geometry_authority": "nyc_dcp_geosupport_plus_lion",
        "geometry_precision": "official_centerline",
        "geometry_sha256": "70e1ab8a946a46ac62d5a961a92cf0df2d32bb47210b5dddeefba9f92891a53c",
        "location": "EAST  149 STREET between MORRIS AVENUE and PARK AVENUE",
        "occurrence_id": "tvpp-9vvx|911516|2026-09-15T08:00:00",
        "publication_allowed": true,
        "source_dataset": "tvpp-9vvx",
        "source_event_id": "911516",
        "source_geometry_dataset_id": "2v4z-66xt",
        "source_geometry_dataset_name": "NYC DCP LION",
        "source_segment_id": "0069836",
        "start_date_time": "2026-09-15T08:00:00.000",
        "title": "Lincoln Hospital Greenmarket Tues  Friday",
        "validation_state": "validated"
      },
      "type": "Feature"
    },
    {
      "geometry": {
        "coordinates": [
          [
            [
              -73.92518486533191,
              40.81801266828389
            ],
            [
              -73.9227588220732,
              40.81738828498786
            ]
          ]
        ],
        "type": "MultiLineString"
      },
      "id": "tvpp-9vvx|911516|2026-09-18T08:00:00",
      "properties": {
        "borough": "Bronx",
        "certified_pin": false,
        "display_geometry_role": "route",
        "end_date_time": "2026-09-18T17:00:00.000",
        "endpoint_1_nearest_source_endpoint_m": 0.076,
        "endpoint_2_nearest_source_endpoint_m": 0.039,
        "endpoint_tolerance_m": 50.0,
        "exact_pin_eligible": false,
        "geometry_authority": "nyc_dcp_geosupport_plus_lion",
        "geometry_precision": "official_centerline",
        "geometry_sha256": "70e1ab8a946a46ac62d5a961a92cf0df2d32bb47210b5dddeefba9f92891a53c",
        "location": "EAST  149 STREET between MORRIS AVENUE and PARK AVENUE",
        "occurrence_id": "tvpp-9vvx|911516|2026-09-18T08:00:00",
        "publication_allowed": true,
        "source_dataset": "tvpp-9vvx",
        "source_event_id": "911516",
        "source_geometry_dataset_id": "2v4z-66xt",
        "source_geometry_dataset_name": "NYC DCP LION",
        "source_segment_id": "0069836",
        "start_date_time": "2026-09-18T08:00:00.000",
        "title": "Lincoln Hospital Greenmarket Tues  Friday",
        "validation_state": "validated"
      },
      "type": "Feature"
    },
    {
      "geometry": {
        "coordinates": [
          [
            [
              -73.92518486533191,
              40.81801266828389
            ],
            [
              -73.9227588220732,
              40.81738828498786
            ]
          ]
        ],
        "type": "MultiLineString"
      },
      "id": "tvpp-9vvx|911516|2026-09-22T08:00:00",
      "properties": {
        "borough": "Bronx",
        "certified_pin": false,
        "display_geometry_role": "route",
        "end_date_time": "2026-09-22T17:00:00.000",
        "endpoint_1_nearest_source_endpoint_m": 0.076,
        "endpoint_2_nearest_source_endpoint_m": 0.039,
        "endpoint_tolerance_m": 50.0,
        "exact_pin_eligible": false,
        "geometry_authority": "nyc_dcp_geosupport_plus_lion",
        "geometry_precision": "official_centerline",
        "geometry_sha256": "70e1ab8a946a46ac62d5a961a92cf0df2d32bb47210b5dddeefba9f92891a53c",
        "location": "EAST  149 STREET between MORRIS AVENUE and PARK AVENUE",
        "occurrence_id": "tvpp-9vvx|911516|2026-09-22T08:00:00",
        "publication_allowed": true,
        "source_dataset": "tvpp-9vvx",
        "source_event_id": "911516",
        "source_geometry_dataset_id": "2v4z-66xt",
        "source_geometry_dataset_name": "NYC DCP LION",
        "source_segment_id": "0069836",
        "start_date_time": "2026-09-22T08:00:00.000",
        "title": "Lincoln Hospital Greenmarket Tues  Friday",
        "validation_state": "validated"
      },
      "type": "Feature"
    },
    {
      "geometry": {
        "coordinates": [
          [
            [
              -73.92518486533191,
              40.81801266828389
            ],
            [
              -73.9227588220732,
              40.81738828498786
            ]
          ]
        ],
        "type": "MultiLineString"
      },
      "id": "tvpp-9vvx|911516|2026-09-25T08:00:00",
      "properties": {
        "borough": "Bronx",
        "certified_pin": false,
        "display_geometry_role": "route",
        "end_date_time": "2026-09-25T17:00:00.000",
        "endpoint_1_nearest_source_endpoint_m": 0.076,
        "endpoint_2_nearest_source_endpoint_m": 0.039,
        "endpoint_tolerance_m": 50.0,
        "exact_pin_eligible": false,
        "geometry_authority": "nyc_dcp_geosupport_plus_lion",
        "geometry_precision": "official_centerline",
        "geometry_sha256": "70e1ab8a946a46ac62d5a961a92cf0df2d32bb47210b5dddeefba9f92891a53c",
        "location": "EAST  149 STREET between MORRIS AVENUE and PARK AVENUE",
        "occurrence_id": "tvpp-9vvx|911516|2026-09-25T08:00:00",
        "publication_allowed": true,
        "source_dataset": "tvpp-9vvx",
        "source_event_id": "911516",
        "source_geometry_dataset_id": "2v4z-66xt",
        "source_geometry_dataset_name": "NYC DCP LION",
        "source_segment_id": "0069836",
        "start_date_time": "2026-09-25T08:00:00.000",
        "title": "Lincoln Hospital Greenmarket Tues  Friday",
        "validation_state": "validated"
      },
      "type": "Feature"
    },
    {
      "geometry": {
        "coordinates": [
          [
            [
              -73.92518486533191,
              40.81801266828389
            ],
            [
              -73.9227588220732,
              40.81738828498786
            ]
          ]
        ],
        "type": "MultiLineString"
      },
      "id": "tvpp-9vvx|911516|2026-09-29T08:00:00",
      "properties": {
        "borough": "Bronx",
        "certified_pin": false,
        "display_geometry_role": "route",
        "end_date_time": "2026-09-29T17:00:00.000",
        "endpoint_1_nearest_source_endpoint_m": 0.076,
        "endpoint_2_nearest_source_endpoint_m": 0.039,
        "endpoint_tolerance_m": 50.0,
        "exact_pin_eligible": false,
        "geometry_authority": "nyc_dcp_geosupport_plus_lion",
        "geometry_precision": "official_centerline",
        "geometry_sha256": "70e1ab8a946a46ac62d5a961a92cf0df2d32bb47210b5dddeefba9f92891a53c",
        "location": "EAST  149 STREET between MORRIS AVENUE and PARK AVENUE",
        "occurrence_id": "tvpp-9vvx|911516|2026-09-29T08:00:00",
        "publication_allowed": true,
        "source_dataset": "tvpp-9vvx",
        "source_event_id": "911516",
        "source_geometry_dataset_id": "2v4z-66xt",
        "source_geometry_dataset_name": "NYC DCP LION",
        "source_segment_id": "0069836",
        "start_date_time": "2026-09-29T08:00:00.000",
        "title": "Lincoln Hospital Greenmarket Tues  Friday",
        "validation_state": "validated"
      },
      "type": "Feature"
    },
    {
      "geometry": {
        "coordinates": [
          [
            [
              -73.91743259542761,
              40.83610573560735
            ],
            [
              -73.91667412226815,
              40.83584777455921
            ]
          ]
        ],
        "type": "MultiLineString"
      },
      "id": "tvpp-9vvx|931457|2026-08-30T11:00:00",
      "properties": {
        "borough": "Bronx",
        "certified_pin": false,
        "display_geometry_role": "route",
        "end_date_time": "2026-08-30T14:45:00.000",
        "endpoint_1_nearest_source_endpoint_m": 18.491,
        "endpoint_2_nearest_source_endpoint_m": 0.137,
        "endpoint_tolerance_m": 50.0,
        "exact_pin_eligible": false,
        "geometry_authority": "nyc_dcp_geosupport_plus_lion",
        "geometry_precision": "official_centerline",
        "geometry_sha256": "85dcff7fd257198c127acf7167a1aba6cf3631c5124d42640a104bc9be76b0c9",
        "location": "EAST  168 STREET between GRAND CONCOURSE and GRANDVIEW PLACE",
        "occurrence_id": "tvpp-9vvx|931457|2026-08-30T11:00:00",
        "publication_allowed": true,
        "source_dataset": "tvpp-9vvx",
        "source_event_id": "931457",
        "source_geometry_dataset_id": "2v4z-66xt",
        "source_geometry_dataset_name": "NYC DCP LION",
        "source_segment_id": "0174287",
        "start_date_time": "2026-08-30T11:00:00.000",
        "title": "Grand Concourse SDA Church Presents: Community Health Fair",
        "validation_state": "validated"
      },
      "type": "Feature"
    },
    {
      "geometry": {
        "coordinates": [
          [
            [
              -73.83900516676904,
              40.86082005491968
            ],
            [
              -73.83894371965253,
              40.86268455338151
            ]
          ]
        ],
        "type": "MultiLineString"
      },
      "id": "tvpp-9vvx|959616|2026-08-30T12:30:00",
      "properties": {
        "borough": "Bronx",
        "certified_pin": false,
        "display_geometry_role": "route",
        "end_date_time": "2026-08-30T20:30:00.000",
        "endpoint_1_nearest_source_endpoint_m": 0.118,
        "endpoint_2_nearest_source_endpoint_m": 0.078,
        "endpoint_tolerance_m": 50.0,
        "exact_pin_eligible": false,
        "geometry_authority": "nyc_dcp_geosupport_plus_lion",
        "geometry_precision": "official_centerline",
        "geometry_sha256": "5d9285c6efe5e89d5ee3a7d18479d360ff0b85d9fe94adbfa671a93fe4979677",
        "location": "KINGSLAND AVENUE between WARING AVENUE and MACE AVENUE",
        "occurrence_id": "tvpp-9vvx|959616|2026-08-30T12:30:00",
        "publication_allowed": true,
        "source_dataset": "tvpp-9vvx",
        "source_event_id": "959616",
        "source_geometry_dataset_id": "2v4z-66xt",
        "source_geometry_dataset_name": "NYC DCP LION",
        "source_segment_id": "0088599",
        "start_date_time": "2026-08-30T12:30:00.000",
        "title": "Kingsland Families",
        "validation_state": "validated"
      },
      "type": "Feature"
    },
    {
      "geometry": {
        "coordinates": [
          [
            [
              -73.84169359456328,
              40.90020878749944
            ],
            [
              -73.84272801824741,
              40.9024407286716
            ]
          ]
        ],
        "type": "MultiLineString"
      },
      "id": "tvpp-9vvx|959918|2026-09-12T11:00:00",
      "properties": {
        "borough": "Bronx",
        "certified_pin": false,
        "display_geometry_role": "route",
        "end_date_time": "2026-09-12T18:00:00.000",
        "endpoint_1_nearest_source_endpoint_m": 0.12,
        "endpoint_2_nearest_source_endpoint_m": 0.141,
        "endpoint_tolerance_m": 50.0,
        "exact_pin_eligible": false,
        "geometry_authority": "nyc_dcp_geosupport_plus_lion",
        "geometry_precision": "official_centerline",
        "geometry_sha256": "30634caa6abe4bbc133f6e9e5779d13edc7cbb79b24c430adef3ed4042ab5f86",
        "location": "MONTICELLO AVENUE between NEREID AVENUE and EAST  241 STREET",
        "occurrence_id": "tvpp-9vvx|959918|2026-09-12T11:00:00",
        "publication_allowed": true,
        "source_dataset": "tvpp-9vvx",
        "source_event_id": "959918",
        "source_geometry_dataset_id": "2v4z-66xt",
        "source_geometry_dataset_name": "NYC DCP LION",
        "source_segment_id": "0089689",
        "start_date_time": "2026-09-12T11:00:00.000",
        "title": "Monticello Ave Block Association",
        "validation_state": "validated"
      },
      "type": "Feature"
    },
    {
      "geometry": {
        "coordinates": [
          [
            [
              -73.88783645763846,
              40.84574241016082
            ],
            [
              -73.88734086321169,
              40.84632865198921
            ]
          ]
        ],
        "type": "MultiLineString"
      },
      "id": "tvpp-9vvx|962803|2026-09-01T10:00:00",
      "properties": {
        "borough": "Bronx",
        "certified_pin": false,
        "display_geometry_role": "route",
        "end_date_time": "2026-09-01T12:00:00.000",
        "endpoint_1_nearest_source_endpoint_m": 0.076,
        "endpoint_2_nearest_source_endpoint_m": 0.082,
        "endpoint_tolerance_m": 50.0,
        "exact_pin_eligible": false,
        "geometry_authority": "nyc_dcp_geosupport_plus_lion",
        "geometry_precision": "official_centerline",
        "geometry_sha256": "a9783e481fb8c08877d5a608593c256ccee2a130ab70c1d285d2e7253765a9ce",
        "location": "PROSPECT AVENUE between EAST  179 STREET and OAKLAND PLACE",
        "occurrence_id": "tvpp-9vvx|962803|2026-09-01T10:00:00",
        "publication_allowed": true,
        "source_dataset": "tvpp-9vvx",
        "source_event_id": "962803",
        "source_geometry_dataset_id": "2v4z-66xt",
        "source_geometry_dataset_name": "NYC DCP LION",
        "source_segment_id": "0079006",
        "start_date_time": "2026-09-01T10:00:00.000",
        "title": "Back to School Block Party/Street Event",
        "validation_state": "validated"
      },
      "type": "Feature"
    },
    {
      "geometry": {
        "coordinates": [
          [
            [
              -73.89411638085193,
              40.81834722556116
            ],
            [
              -73.89306769268013,
              40.81936419785904
            ]
          ]
        ],
        "type": "MultiLineString"
      },
      "id": "tvpp-9vvx|914346|2026-09-02T08:00:00",
      "properties": {
        "borough": "Bronx",
        "certified_pin": false,
        "display_geometry_role": "route",
        "end_date_time": "2026-09-02T15:00:00.000",
        "endpoint_1_nearest_source_endpoint_m": 0.093,
        "endpoint_2_nearest_source_endpoint_m": 0.161,
        "endpoint_tolerance_m": 50.0,
        "exact_pin_eligible": false,
        "geometry_authority": "nyc_dcp_geosupport_plus_lion",
        "geometry_precision": "official_centerline",
        "geometry_sha256": "cee9e43e83b6cda737a4fc3852172933ba068a89209a1a9d7ff1e2a7fdce5321",
        "location": "SOUTHERN BOULEVARD between BARRETTO STREET and TIFFANY STREET",
        "occurrence_id": "tvpp-9vvx|914346|2026-09-02T08:00:00",
        "publication_allowed": true,
        "source_dataset": "tvpp-9vvx",
        "source_event_id": "914346",
        "source_geometry_dataset_id": "2v4z-66xt",
        "source_geometry_dataset_name": "NYC DCP LION",
        "source_segment_id": "0077519",
        "start_date_time": "2026-09-02T08:00:00.000",
        "title": "HHFM Hunts Point Market",
        "validation_state": "validated"
      },
      "type": "Feature"
    },
    {
      "geometry": {
        "coordinates": [
          [
            [
              -73.89411638085193,
              40.81834722556116
            ],
            [
              -73.89306769268013,
              40.81936419785904
            ]
          ]
        ],
        "type": "MultiLineString"
      },
      "id": "tvpp-9vvx|914346|2026-09-09T08:00:00",
      "properties": {
        "borough": "Bronx",
        "certified_pin": false,
        "display_geometry_role": "route",
        "end_date_time": "2026-09-09T15:00:00.000",
        "endpoint_1_nearest_source_endpoint_m": 0.093,
        "endpoint_2_nearest_source_endpoint_m": 0.161,
        "endpoint_tolerance_m": 50.0,
        "exact_pin_eligible": false,
        "geometry_authority": "nyc_dcp_geosupport_plus_lion",
        "geometry_precision": "official_centerline",
        "geometry_sha256": "cee9e43e83b6cda737a4fc3852172933ba068a89209a1a9d7ff1e2a7fdce5321",
        "location": "SOUTHERN BOULEVARD between BARRETTO STREET and TIFFANY STREET",
        "occurrence_id": "tvpp-9vvx|914346|2026-09-09T08:00:00",
        "publication_allowed": true,
        "source_dataset": "tvpp-9vvx",
        "source_event_id": "914346",
        "source_geometry_dataset_id": "2v4z-66xt",
        "source_geometry_dataset_name": "NYC DCP LION",
        "source_segment_id": "0077519",
        "start_date_time": "2026-09-09T08:00:00.000",
        "title": "HHFM Hunts Point Market",
        "validation_state": "validated"
      },
      "type": "Feature"
    },
    {
      "geometry": {
        "coordinates": [
          [
            [
              -73.89411638085193,
              40.81834722556116
            ],
            [
              -73.89306769268013,
              40.81936419785904
            ]
          ]
        ],
        "type": "MultiLineString"
      },
      "id": "tvpp-9vvx|914346|2026-09-16T08:00:00",
      "properties": {
        "borough": "Bronx",
        "certified_pin": false,
        "display_geometry_role": "route",
        "end_date_time": "2026-09-16T15:00:00.000",
        "endpoint_1_nearest_source_endpoint_m": 0.093,
        "endpoint_2_nearest_source_endpoint_m": 0.161,
        "endpoint_tolerance_m": 50.0,
        "exact_pin_eligible": false,
        "geometry_authority": "nyc_dcp_geosupport_plus_lion",
        "geometry_precision": "official_centerline",
        "geometry_sha256": "cee9e43e83b6cda737a4fc3852172933ba068a89209a1a9d7ff1e2a7fdce5321",
        "location": "SOUTHERN BOULEVARD between BARRETTO STREET and TIFFANY STREET",
        "occurrence_id": "tvpp-9vvx|914346|2026-09-16T08:00:00",
        "publication_allowed": true,
        "source_dataset": "tvpp-9vvx",
        "source_event_id": "914346",
        "source_geometry_dataset_id": "2v4z-66xt",
        "source_geometry_dataset_name": "NYC DCP LION",
        "source_segment_id": "0077519",
        "start_date_time": "2026-09-16T08:00:00.000",
        "title": "HHFM Hunts Point Market",
        "validation_state": "validated"
      },
      "type": "Feature"
    },
    {
      "geometry": {
        "coordinates": [
          [
            [
              -73.89411638085193,
              40.81834722556116
            ],
            [
              -73.89306769268013,
              40.81936419785904
            ]
          ]
        ],
        "type": "MultiLineString"
      },
      "id": "tvpp-9vvx|914346|2026-09-23T08:00:00",
      "properties": {
        "borough": "Bronx",
        "certified_pin": false,
        "display_geometry_role": "route",
        "end_date_time": "2026-09-23T15:00:00.000",
        "endpoint_1_nearest_source_endpoint_m": 0.093,
        "endpoint_2_nearest_source_endpoint_m": 0.161,
        "endpoint_tolerance_m": 50.0,
        "exact_pin_eligible": false,
        "geometry_authority": "nyc_dcp_geosupport_plus_lion",
        "geometry_precision": "official_centerline",
        "geometry_sha256": "cee9e43e83b6cda737a4fc3852172933ba068a89209a1a9d7ff1e2a7fdce5321",
        "location": "SOUTHERN BOULEVARD between BARRETTO STREET and TIFFANY STREET",
        "occurrence_id": "tvpp-9vvx|914346|2026-09-23T08:00:00",
        "publication_allowed": true,
        "source_dataset": "tvpp-9vvx",
        "source_event_id": "914346",
        "source_geometry_dataset_id": "2v4z-66xt",
        "source_geometry_dataset_name": "NYC DCP LION",
        "source_segment_id": "0077519",
        "start_date_time": "2026-09-23T08:00:00.000",
        "title": "HHFM Hunts Point Market",
        "validation_state": "validated"
      },
      "type": "Feature"
    },
    {
      "geometry": {
        "coordinates": [
          [
            [
              -73.84642583215283,
              40.84238381026433
            ],
            [
              -73.8459783205842,
              40.842730923021
            ]
          ]
        ],
        "type": "MultiLineString"
      },
      "id": "tvpp-9vvx|951268|2026-09-01T12:00:00",
      "properties": {
        "borough": "Bronx",
        "certified_pin": false,
        "display_geometry_role": "route",
        "end_date_time": "2026-09-01T15:00:00.000",
        "endpoint_1_nearest_source_endpoint_m": 0.165,
        "endpoint_2_nearest_source_endpoint_m": 5.396,
        "endpoint_tolerance_m": 50.0,
        "exact_pin_eligible": false,
        "geometry_authority": "nyc_dcp_geosupport_plus_lion",
        "geometry_precision": "official_centerline",
        "geometry_sha256": "b3d2a113e05658a68045c2e4d09ef4281ea714beb12e4574262ac3fa6b6bd529",
        "location": "ST RAYMOND AVENUE between BENSON STREET and EAST TREMONT AVENUE",
        "occurrence_id": "tvpp-9vvx|951268|2026-09-01T12:00:00",
        "publication_allowed": true,
        "source_dataset": "tvpp-9vvx",
        "source_event_id": "951268",
        "source_geometry_dataset_id": "2v4z-66xt",
        "source_geometry_dataset_name": "NYC DCP LION",
        "source_segment_id": "0283249",
        "start_date_time": "2026-09-01T12:00:00.000",
        "title": "Back to school",
        "validation_state": "validated"
      },
      "type": "Feature"
    },
    {
      "geometry": {
        "coordinates": [
          [
            [
              -73.85621686374213,
              40.81791406785276
            ],
            [
              -73.85671088818589,
              40.82001948359629
            ]
          ]
        ],
        "type": "MultiLineString"
      },
      "id": "tvpp-9vvx|913375|2026-08-30T08:00:00",
      "properties": {
        "borough": "Bronx",
        "certified_pin": false,
        "display_geometry_role": "route",
        "end_date_time": "2026-08-30T08:00:00.000",
        "endpoint_1_nearest_source_endpoint_m": 0.127,
        "endpoint_2_nearest_source_endpoint_m": 0.094,
        "endpoint_tolerance_m": 50.0,
        "exact_pin_eligible": false,
        "geometry_authority": "nyc_dcp_geosupport_plus_lion",
        "geometry_precision": "official_centerline",
        "geometry_sha256": "2ced0833e3bf26c4bac4b17cf42ce50838f1d261f427695169f1e582e286c4cc",
        "location": "STICKBALL BOULEVARD between RANDALL AVENUE and SEWARD AVENUE",
        "occurrence_id": "tvpp-9vvx|913375|2026-08-30T08:00:00",
        "publication_allowed": true,
        "source_dataset": "tvpp-9vvx",
        "source_event_id": "913375",
        "source_geometry_dataset_id": "2v4z-66xt",
        "source_geometry_dataset_name": "NYC DCP LION",
        "source_segment_id": "0085446",
        "start_date_time": "2026-08-30T08:00:00.000",
        "title": "Stickball League",
        "validation_state": "validated"
      },
      "type": "Feature"
    },
    {
      "geometry": {
        "coordinates": [
          [
            [
              -73.85621686374213,
              40.81791406785276
            ],
            [
              -73.85671088818589,
              40.82001948359629
            ]
          ]
        ],
        "type": "MultiLineString"
      },
      "id": "tvpp-9vvx|913375|2026-09-06T08:00:00",
      "properties": {
        "borough": "Bronx",
        "certified_pin": false,
        "display_geometry_role": "route",
        "end_date_time": "2026-09-06T08:00:00.000",
        "endpoint_1_nearest_source_endpoint_m": 0.127,
        "endpoint_2_nearest_source_endpoint_m": 0.094,
        "endpoint_tolerance_m": 50.0,
        "exact_pin_eligible": false,
        "geometry_authority": "nyc_dcp_geosupport_plus_lion",
        "geometry_precision": "official_centerline",
        "geometry_sha256": "2ced0833e3bf26c4bac4b17cf42ce50838f1d261f427695169f1e582e286c4cc",
        "location": "STICKBALL BOULEVARD between RANDALL AVENUE and SEWARD AVENUE",
        "occurrence_id": "tvpp-9vvx|913375|2026-09-06T08:00:00",
        "publication_allowed": true,
        "source_dataset": "tvpp-9vvx",
        "source_event_id": "913375",
        "source_geometry_dataset_id": "2v4z-66xt",
        "source_geometry_dataset_name": "NYC DCP LION",
        "source_segment_id": "0085446",
        "start_date_time": "2026-09-06T08:00:00.000",
        "title": "Stickball League",
        "validation_state": "validated"
      },
      "type": "Feature"
    },
    {
      "geometry": {
        "coordinates": [
          [
            [
              -73.85621686374213,
              40.81791406785276
            ],
            [
              -73.85671088818589,
              40.82001948359629
            ]
          ]
        ],
        "type": "MultiLineString"
      },
      "id": "tvpp-9vvx|913375|2026-09-13T08:00:00",
      "properties": {
        "borough": "Bronx",
        "certified_pin": false,
        "display_geometry_role": "route",
        "end_date_time": "2026-09-13T08:00:00.000",
        "endpoint_1_nearest_source_endpoint_m": 0.127,
        "endpoint_2_nearest_source_endpoint_m": 0.094,
        "endpoint_tolerance_m": 50.0,
        "exact_pin_eligible": false,
        "geometry_authority": "nyc_dcp_geosupport_plus_lion",
        "geometry_precision": "official_centerline",
        "geometry_sha256": "2ced0833e3bf26c4bac4b17cf42ce50838f1d261f427695169f1e582e286c4cc",
        "location": "STICKBALL BOULEVARD between RANDALL AVENUE and SEWARD AVENUE",
        "occurrence_id": "tvpp-9vvx|913375|2026-09-13T08:00:00",
        "publication_allowed": true,
        "source_dataset": "tvpp-9vvx",
        "source_event_id": "913375",
        "source_geometry_dataset_id": "2v4z-66xt",
        "source_geometry_dataset_name": "NYC DCP LION",
        "source_segment_id": "0085446",
        "start_date_time": "2026-09-13T08:00:00.000",
        "title": "Stickball League",
        "validation_state": "validated"
      },
      "type": "Feature"
    },
    {
      "geometry": {
        "coordinates": [
          [
            [
              -73.85621686374213,
              40.81791406785276
            ],
            [
              -73.85671088818589,
              40.82001948359629
            ]
          ]
        ],
        "type": "MultiLineString"
      },
      "id": "tvpp-9vvx|913375|2026-09-20T08:00:00",
      "properties": {
        "borough": "Bronx",
        "certified_pin": false,
        "display_geometry_role": "route",
        "end_date_time": "2026-09-20T08:00:00.000",
        "endpoint_1_nearest_source_endpoint_m": 0.127,
        "endpoint_2_nearest_source_endpoint_m": 0.094,
        "endpoint_tolerance_m": 50.0,
        "exact_pin_eligible": false,
        "geometry_authority": "nyc_dcp_geosupport_plus_lion",
        "geometry_precision": "official_centerline",
        "geometry_sha256": "2ced0833e3bf26c4bac4b17cf42ce50838f1d261f427695169f1e582e286c4cc",
        "location": "STICKBALL BOULEVARD between RANDALL AVENUE and SEWARD AVENUE",
        "occurrence_id": "tvpp-9vvx|913375|2026-09-20T08:00:00",
        "publication_allowed": true,
        "source_dataset": "tvpp-9vvx",
        "source_event_id": "913375",
        "source_geometry_dataset_id": "2v4z-66xt",
        "source_geometry_dataset_name": "NYC DCP LION",
        "source_segment_id": "0085446",
        "start_date_time": "2026-09-20T08:00:00.000",
        "title": "Stickball League",
        "validation_state": "validated"
      },
      "type": "Feature"
    },
    {
      "geometry": {
        "coordinates": [
          [
            [
              -73.85621686374213,
              40.81791406785276
            ],
            [
              -73.85671088818589,
              40.82001948359629
            ]
          ]
        ],
        "type": "MultiLineString"
      },
      "id": "tvpp-9vvx|913375|2026-09-27T08:00:00",
      "properties": {
        "borough": "Bronx",
        "certified_pin": false,
        "display_geometry_role": "route",
        "end_date_time": "2026-09-27T08:00:00.000",
        "endpoint_1_nearest_source_endpoint_m": 0.127,
        "endpoint_2_nearest_source_endpoint_m": 0.094,
        "endpoint_tolerance_m": 50.0,
        "exact_pin_eligible": false,
        "geometry_authority": "nyc_dcp_geosupport_plus_lion",
        "geometry_precision": "official_centerline",
        "geometry_sha256": "2ced0833e3bf26c4bac4b17cf42ce50838f1d261f427695169f1e582e286c4cc",
        "location": "STICKBALL BOULEVARD between RANDALL AVENUE and SEWARD AVENUE",
        "occurrence_id": "tvpp-9vvx|913375|2026-09-27T08:00:00",
        "publication_allowed": true,
        "source_dataset": "tvpp-9vvx",
        "source_event_id": "913375",
        "source_geometry_dataset_id": "2v4z-66xt",
        "source_geometry_dataset_name": "NYC DCP LION",
        "source_segment_id": "0085446",
        "start_date_time": "2026-09-27T08:00:00.000",
        "title": "Stickball League",
        "validation_state": "validated"
      },
      "type": "Feature"
    },
    {
      "geometry": {
        "coordinates": [
          [
            [
              -73.88046128631984,
              40.843908937565594
            ],
            [
              -73.87976094595773,
              40.84468113880705
            ]
          ]
        ],
        "type": "MultiLineString"
      },
      "id": "tvpp-9vvx|931299|2026-09-05T10:00:00",
      "properties": {
        "borough": "Bronx",
        "certified_pin": false,
        "display_geometry_role": "route",
        "end_date_time": "2026-09-05T19:00:00.000",
        "endpoint_1_nearest_source_endpoint_m": 0.133,
        "endpoint_2_nearest_source_endpoint_m": 0.15,
        "endpoint_tolerance_m": 50.0,
        "exact_pin_eligible": false,
        "geometry_authority": "nyc_dcp_geosupport_plus_lion",
        "geometry_precision": "official_centerline",
        "geometry_sha256": "bca73ac9d1e0ba3c11a916ed353f287c89751ce31277cef861ca1f79bfc5818f",
        "location": "VYSE AVENUE between EAST  180 STREET and EAST  181 STREET",
        "occurrence_id": "tvpp-9vvx|931299|2026-09-05T10:00:00",
        "publication_allowed": true,
        "source_dataset": "tvpp-9vvx",
        "source_event_id": "931299",
        "source_geometry_dataset_id": "2v4z-66xt",
        "source_geometry_dataset_name": "NYC DCP LION",
        "source_segment_id": "0079300",
        "start_date_time": "2026-09-05T10:00:00.000",
        "title": "Vyse Avenue Block Party",
        "validation_state": "validated"
      },
      "type": "Feature"
    },
    {
      "geometry": {
        "coordinates": [
          [
            [
              -73.98687608026412,
              40.64006923729538
            ],
            [
              -73.98745552440406,
              40.639504325609614
            ]
          ]
        ],
        "type": "MultiLineString"
      },
      "id": "tvpp-9vvx|959970|2026-09-01T00:01:00",
      "properties": {
        "borough": "Brooklyn",
        "certified_pin": false,
        "display_geometry_role": "route",
        "end_date_time": "2026-09-30T15:00:00.000",
        "endpoint_1_nearest_source_endpoint_m": 0.082,
        "endpoint_2_nearest_source_endpoint_m": 0.13,
        "endpoint_tolerance_m": 50.0,
        "exact_pin_eligible": false,
        "geometry_authority": "nyc_dcp_geosupport_plus_lion",
        "geometry_precision": "official_centerline",
        "geometry_sha256": "31683b839ac7a284d1b8b07f1a39f2f9bac742ffea2571353dce6a715f7b6a22",
        "location": "13 AVENUE between 40 STREET and 41 STREET",
        "occurrence_id": "tvpp-9vvx|959970|2026-09-01T00:01:00",
        "publication_allowed": true,
        "source_dataset": "tvpp-9vvx",
        "source_event_id": "959970",
        "source_geometry_dataset_id": "2v4z-66xt",
        "source_geometry_dataset_name": "NYC DCP LION",
        "source_segment_id": "0021320",
        "start_date_time": "2026-09-01T00:01:00.000",
        "title": "Sukath",
        "validation_state": "validated"
      },
      "type": "Feature"
    },
    {
      "geometry": {
        "coordinates": [
          [
            [
              -73.9899165621174,
              40.633696806522956
            ],
            [
              -73.99049724852566,
              40.63313684126168
            ]
          ]
        ],
        "type": "MultiLineString"
      },
      "id": "tvpp-9vvx|911549|2026-09-03T08:00:00",
      "properties": {
        "borough": "Brooklyn",
        "certified_pin": false,
        "display_geometry_role": "route",
        "end_date_time": "2026-09-03T16:00:00.000",
        "endpoint_1_nearest_source_endpoint_m": 0.101,
        "endpoint_2_nearest_source_endpoint_m": 0.141,
        "endpoint_tolerance_m": 50.0,
        "exact_pin_eligible": false,
        "geometry_authority": "nyc_dcp_geosupport_plus_lion",
        "geometry_precision": "official_centerline",
        "geometry_sha256": "ad774d187ca573dbb9a538965632ee7d1c7fb3ae947da483981406aa48efe58f",
        "location": "14 AVENUE between 49 STREET and 50 STREET",
        "occurrence_id": "tvpp-9vvx|911549|2026-09-03T08:00:00",
        "publication_allowed": true,
        "source_dataset": "tvpp-9vvx",
        "source_event_id": "911549",
        "source_geometry_dataset_id": "2v4z-66xt",
        "source_geometry_dataset_name": "NYC DCP LION",
        "source_segment_id": "0021292",
        "start_date_time": "2026-09-03T08:00:00.000",
        "title": "Borough Park Greenmarket Thursday",
        "validation_state": "validated"
      },
      "type": "Feature"
    },
    {
      "geometry": {
        "coordinates": [
          [
            [
              -73.9899165621174,
              40.633696806522956
            ],
            [
              -73.99049724852566,
              40.63313684126168
            ]
          ]
        ],
        "type": "MultiLineString"
      },
      "id": "tvpp-9vvx|911549|2026-09-10T08:00:00",
      "properties": {
        "borough": "Brooklyn",
        "certified_pin": false,
        "display_geometry_role": "route",
        "end_date_time": "2026-09-10T16:00:00.000",
        "endpoint_1_nearest_source_endpoint_m": 0.101,
        "endpoint_2_nearest_source_endpoint_m": 0.141,
        "endpoint_tolerance_m": 50.0,
        "exact_pin_eligible": false,
        "geometry_authority": "nyc_dcp_geosupport_plus_lion",
        "geometry_precision": "official_centerline",
        "geometry_sha256": "ad774d187ca573dbb9a538965632ee7d1c7fb3ae947da483981406aa48efe58f",
        "location": "14 AVENUE between 49 STREET and 50 STREET",
        "occurrence_id": "tvpp-9vvx|911549|2026-09-10T08:00:00",
        "publication_allowed": true,
        "source_dataset": "tvpp-9vvx",
        "source_event_id": "911549",
        "source_geometry_dataset_id": "2v4z-66xt",
        "source_geometry_dataset_name": "NYC DCP LION",
        "source_segment_id": "0021292",
        "start_date_time": "2026-09-10T08:00:00.000",
        "title": "Borough Park Greenmarket Thursday",
        "validation_state": "validated"
      },
      "type": "Feature"
    },
    {
      "geometry": {
        "coordinates": [
          [
            [
              -73.9899165621174,
              40.633696806522956
            ],
            [
              -73.99049724852566,
              40.63313684126168
            ]
          ]
        ],
        "type": "MultiLineString"
      },
      "id": "tvpp-9vvx|911549|2026-09-17T08:00:00",
      "properties": {
        "borough": "Brooklyn",
        "certified_pin": false,
        "display_geometry_role": "route",
        "end_date_time": "2026-09-17T16:00:00.000",
        "endpoint_1_nearest_source_endpoint_m": 0.101,
        "endpoint_2_nearest_source_endpoint_m": 0.141,
        "endpoint_tolerance_m": 50.0,
        "exact_pin_eligible": false,
        "geometry_authority": "nyc_dcp_geosupport_plus_lion",
        "geometry_precision": "official_centerline",
        "geometry_sha256": "ad774d187ca573dbb9a538965632ee7d1c7fb3ae947da483981406aa48efe58f",
        "location": "14 AVENUE between 49 STREET and 50 STREET",
        "occurrence_id": "tvpp-9vvx|911549|2026-09-17T08:00:00",
        "publication_allowed": true,
        "source_dataset": "tvpp-9vvx",
        "source_event_id": "911549",
        "source_geometry_dataset_id": "2v4z-66xt",
        "source_geometry_dataset_name": "NYC DCP LION",
        "source_segment_id": "0021292",
        "start_date_time": "2026-09-17T08:00:00.000",
        "title": "Borough Park Greenmarket Thursday",
        "validation_state": "validated"
      },
      "type": "Feature"
    },
    {
      "geometry": {
        "coordinates": [
          [
            [
              -73.9899165621174,
              40.633696806522956
            ],
            [
              -73.99049724852566,
              40.63313684126168
            ]
          ]
        ],
        "type": "MultiLineString"
      },
      "id": "tvpp-9vvx|911549|2026-09-24T08:00:00",
      "properties": {
        "borough": "Brooklyn",
        "certified_pin": false,
        "display_geometry_role": "route",
        "end_date_time": "2026-09-24T16:00:00.000",
        "endpoint_1_nearest_source_endpoint_m": 0.101,
        "endpoint_2_nearest_source_endpoint_m": 0.141,
        "endpoint_tolerance_m": 50.0,
        "exact_pin_eligible": false,
        "geometry_authority": "nyc_dcp_geosupport_plus_lion",
        "geometry_precision": "official_centerline",
        "geometry_sha256": "ad774d187ca573dbb9a538965632ee7d1c7fb3ae947da483981406aa48efe58f",
        "location": "14 AVENUE between 49 STREET and 50 STREET",
        "occurrence_id": "tvpp-9vvx|911549|2026-09-24T08:00:00",
        "publication_allowed": true,
        "source_dataset": "tvpp-9vvx",
        "source_event_id": "911549",
        "source_geometry_dataset_id": "2v4z-66xt",
        "source_geometry_dataset_name": "NYC DCP LION",
        "source_segment_id": "0021292",
        "start_date_time": "2026-09-24T08:00:00.000",
        "title": "Borough Park Greenmarket Thursday",
        "validation_state": "validated"
      },
      "type": "Feature"
    },
    {
      "geometry": {
        "coordinates": [
          [
            [
              -73.99640281156923,
              40.669008413801144
            ],
            [
              -73.99403554722993,
              40.66784825292311
            ]
          ]
        ],
        "type": "MultiLineString"
      },
      "id": "tvpp-9vvx|949297|2026-08-30T12:00:00",
      "properties": {
        "borough": "Brooklyn",
        "certified_pin": false,
        "display_geometry_role": "route",
        "end_date_time": "2026-08-30T20:00:00.000",
        "endpoint_1_nearest_source_endpoint_m": 0.234,
        "endpoint_2_nearest_source_endpoint_m": 0.082,
        "endpoint_tolerance_m": 50.0,
        "exact_pin_eligible": false,
        "geometry_authority": "nyc_dcp_geosupport_plus_lion",
        "geometry_precision": "official_centerline",
        "geometry_sha256": "8f6bee58621003f0493fd010606e4d40eca5b6457704ba076954ade40d6c8764",
        "location": "15 STREET between 3 AVENUE and 2 AVENUE",
        "occurrence_id": "tvpp-9vvx|949297|2026-08-30T12:00:00",
        "publication_allowed": true,
        "source_dataset": "tvpp-9vvx",
        "source_event_id": "949297",
        "source_geometry_dataset_id": "2v4z-66xt",
        "source_geometry_dataset_name": "NYC DCP LION",
        "source_segment_id": "0022327",
        "start_date_time": "2026-08-30T12:00:00.000",
        "title": "Block Party",
        "validation_state": "validated"
      },
      "type": "Feature"
    },
    {
      "geometry": {
        "coordinates": [
          [
            [
              -73.99403554722993,
              40.66784825292311
            ],
            [
              -73.99179499098247,
              40.666766217507
            ]
          ]
        ],
        "type": "MultiLineString"
      },
      "id": "tvpp-9vvx|956722|2026-09-05T11:30:00",
      "properties": {
        "borough": "Brooklyn",
        "certified_pin": false,
        "display_geometry_role": "route",
        "end_date_time": "2026-09-05T20:00:00.000",
        "endpoint_1_nearest_source_endpoint_m": 5.954,
        "endpoint_2_nearest_source_endpoint_m": 0.234,
        "endpoint_tolerance_m": 50.0,
        "exact_pin_eligible": false,
        "geometry_authority": "nyc_dcp_geosupport_plus_lion",
        "geometry_precision": "official_centerline",
        "geometry_sha256": "24d08af23d68f0bac4fdf8c1627977ec73e644869590c42c1332415788882e4d",
        "location": "15 STREET between 4 AVENUE and 3 AVENUE",
        "occurrence_id": "tvpp-9vvx|956722|2026-09-05T11:30:00",
        "publication_allowed": true,
        "source_dataset": "tvpp-9vvx",
        "source_event_id": "956722",
        "source_geometry_dataset_id": "2v4z-66xt",
        "source_geometry_dataset_name": "NYC DCP LION",
        "source_segment_id": "0162147",
        "start_date_time": "2026-09-05T11:30:00.000",
        "title": "End of Summer Bash",
        "validation_state": "validated"
      },
      "type": "Feature"
    },
    {
      "geometry": {
        "coordinates": [
          [
            [
              -73.99400419133218,
              40.66078983600517
            ],
            [
              -73.99179969743268,
              40.659457881189184
            ]
          ]
        ],
        "type": "MultiLineString"
      },
      "id": "tvpp-9vvx|960985|2026-09-12T13:00:00",
      "properties": {
        "borough": "Brooklyn",
        "certified_pin": false,
        "display_geometry_role": "route",
        "end_date_time": "2026-09-12T20:00:00.000",
        "endpoint_1_nearest_source_endpoint_m": 0.127,
        "endpoint_2_nearest_source_endpoint_m": 0.186,
        "endpoint_tolerance_m": 50.0,
        "exact_pin_eligible": false,
        "geometry_authority": "nyc_dcp_geosupport_plus_lion",
        "geometry_precision": "official_centerline",
        "geometry_sha256": "418560ac0d672349f5961c673a9775c67cbaec9a76c0fc46a6c6f3458c415394",
        "location": "22 STREET between 6 AVENUE and 5 AVENUE",
        "occurrence_id": "tvpp-9vvx|960985|2026-09-12T13:00:00",
        "publication_allowed": true,
        "source_dataset": "tvpp-9vvx",
        "source_event_id": "960985",
        "source_geometry_dataset_id": "2v4z-66xt",
        "source_geometry_dataset_name": "NYC DCP LION",
        "source_segment_id": "0022256",
        "start_date_time": "2026-09-12T13:00:00.000",
        "title": "22nd Street Block Party",
        "validation_state": "validated"
      },
      "type": "Feature"
    },
    {
      "geometry": {
        "coordinates": [
          [
            [
              -73.99966394072959,
              40.679236427805414
            ],
            [
              -73.99767157039214,
              40.6786817781997
            ]
          ]
        ],
        "type": "MultiLineString"
      },
      "id": "tvpp-9vvx|920909|2026-09-12T11:00:00",
      "properties": {
        "borough": "Brooklyn",
        "certified_pin": false,
        "display_geometry_role": "route",
        "end_date_time": "2026-09-12T19:00:00.000",
        "endpoint_1_nearest_source_endpoint_m": 0.099,
        "endpoint_2_nearest_source_endpoint_m": 0.196,
        "endpoint_tolerance_m": 50.0,
        "exact_pin_eligible": false,
        "geometry_authority": "nyc_dcp_geosupport_plus_lion",
        "geometry_precision": "official_centerline",
        "geometry_sha256": "ee6c339f8ee558aa94284abdf5684950a10c4ca87fd5164cdd87f7ea54088983",
        "location": "3 PLACE between COURT STREET and CLINTON STREET",
        "occurrence_id": "tvpp-9vvx|920909|2026-09-12T11:00:00",
        "publication_allowed": true,
        "source_dataset": "tvpp-9vvx",
        "source_event_id": "920909",
        "source_geometry_dataset_id": "2v4z-66xt",
        "source_geometry_dataset_name": "NYC DCP LION",
        "source_segment_id": "0022186",
        "start_date_time": "2026-09-12T11:00:00.000",
        "title": "3rd Place block party",
        "validation_state": "validated"
      },
      "type": "Feature"
    },
    {
      "geometry": {
        "coordinates": [
          [
            [
              -73.99639289967757,
              40.641256479702655
            ],
            [
              -73.99479539556653,
              40.640288487331354
            ]
          ]
        ],
        "type": "MultiLineString"
      },
      "id": "tvpp-9vvx|960052|2026-09-05T11:00:00",
      "properties": {
        "borough": "Brooklyn",
        "certified_pin": false,
        "display_geometry_role": "route",
        "end_date_time": "2026-09-05T19:30:00.000",
        "endpoint_1_nearest_source_endpoint_m": 0.054,
        "endpoint_2_nearest_source_endpoint_m": 0.147,
        "endpoint_tolerance_m": 50.0,
        "exact_pin_eligible": false,
        "geometry_authority": "nyc_dcp_geosupport_plus_lion",
        "geometry_precision": "official_centerline",
        "geometry_sha256": "706e382f5dc6a308b0265d074652b2331f7aa32715240a04a18faa136472df54",
        "location": "45 STREET between 10 AVENUE and FORT HAMILTON PARKWAY",
        "occurrence_id": "tvpp-9vvx|960052|2026-09-05T11:00:00",
        "publication_allowed": true,
        "source_dataset": "tvpp-9vvx",
        "source_event_id": "960052",
        "source_geometry_dataset_id": "2v4z-66xt",
        "source_geometry_dataset_name": "NYC DCP LION",
        "source_segment_id": "0021174",
        "start_date_time": "2026-09-05T11:00:00.000",
        "title": "Farewell Summer 2026",
        "validation_state": "validated"
      },
      "type": "Feature"
    },
    {
      "geometry": {
        "coordinates": [
          [
            [
              -73.98596717763876,
              40.634048594210505
            ],
            [
              -73.9837627986078,
              40.632716886936166
            ]
          ]
        ],
        "type": "MultiLineString"
      },
      "id": "tvpp-9vvx|967803|2026-09-01T17:00:00",
      "properties": {
        "borough": "Brooklyn",
        "certified_pin": false,
        "display_geometry_role": "route",
        "end_date_time": "2026-09-01T23:00:00.000",
        "endpoint_1_nearest_source_endpoint_m": 0.157,
        "endpoint_2_nearest_source_endpoint_m": 0.141,
        "endpoint_tolerance_m": 50.0,
        "exact_pin_eligible": false,
        "geometry_authority": "nyc_dcp_geosupport_plus_lion",
        "geometry_precision": "official_centerline",
        "geometry_sha256": "0abea1c52fffff8c64b7505a7fbe89dd5de9fddea189f5b7d7be7c6522cab60b",
        "location": "46 STREET between 15 AVENUE and 16 AVENUE",
        "occurrence_id": "tvpp-9vvx|967803|2026-09-01T17:00:00",
        "publication_allowed": true,
        "source_dataset": "tvpp-9vvx",
        "source_event_id": "967803",
        "source_geometry_dataset_id": "2v4z-66xt",
        "source_geometry_dataset_name": "NYC DCP LION",
        "source_segment_id": "0021347",
        "start_date_time": "2026-09-01T17:00:00.000",
        "title": "Mivtzar Hatora - Kolel Dchasidei Belz",
        "validation_state": "validated"
      },
      "type": "Feature"
    },
    {
      "geometry": {
        "coordinates": [
          [
            [
              -74.00636841188468,
              40.64545806951282
            ],
            [
              -74.00416437885431,
              40.64412715081628
            ]
          ]
        ],
        "type": "MultiLineString"
      },
      "id": "tvpp-9vvx|922178|2026-09-05T13:00:00",
      "properties": {
        "borough": "Brooklyn",
        "certified_pin": false,
        "display_geometry_role": "route",
        "end_date_time": "2026-09-05T20:00:00.000",
        "endpoint_1_nearest_source_endpoint_m": 0.119,
        "endpoint_2_nearest_source_endpoint_m": 0.138,
        "endpoint_tolerance_m": 50.0,
        "exact_pin_eligible": false,
        "geometry_authority": "nyc_dcp_geosupport_plus_lion",
        "geometry_precision": "official_centerline",
        "geometry_sha256": "9d87e9cffd1461b2ca0be2c13f148f78cb8e75f4e6650b41359dca1d1a31dc8f",
        "location": "47 STREET between 6 AVENUE and 7 AVENUE",
        "occurrence_id": "tvpp-9vvx|922178|2026-09-05T13:00:00",
        "publication_allowed": true,
        "source_dataset": "tvpp-9vvx",
        "source_event_id": "922178",
        "source_geometry_dataset_id": "2v4z-66xt",
        "source_geometry_dataset_name": "NYC DCP LION",
        "source_segment_id": "0020836",
        "start_date_time": "2026-09-05T13:00:00.000",
        "title": "Back to school party",
        "validation_state": "validated"
      },
      "type": "Feature"
    },
    {
      "geometry": {
        "coordinates": [
          [
            [
              -74.00454895918016,
              40.6334142517286
            ],
            [
              -74.00234722900188,
              40.63208450297848
            ]
          ]
        ],
        "type": "MultiLineString"
      },
      "id": "tvpp-9vvx|959465|2026-08-30T13:00:00",
      "properties": {
        "borough": "Brooklyn",
        "certified_pin": false,
        "display_geometry_role": "route",
        "end_date_time": "2026-08-30T18:00:00.000",
        "endpoint_1_nearest_source_endpoint_m": 0.159,
        "endpoint_2_nearest_source_endpoint_m": 0.092,
        "endpoint_tolerance_m": 50.0,
        "exact_pin_eligible": false,
        "geometry_authority": "nyc_dcp_geosupport_plus_lion",
        "geometry_precision": "official_centerline",
        "geometry_sha256": "d160fb7fa159557c90ba08cc0d7e5f6e704ad22a6b7f4c2bf9248997349e696a",
        "location": "59 STREET between 11 AVENUE and 10 AVENUE",
        "occurrence_id": "tvpp-9vvx|959465|2026-08-30T13:00:00",
        "publication_allowed": true,
        "source_dataset": "tvpp-9vvx",
        "source_event_id": "959465",
        "source_geometry_dataset_id": "2v4z-66xt",
        "source_geometry_dataset_name": "NYC DCP LION",
        "source_segment_id": "0020925",
        "start_date_time": "2026-08-30T13:00:00.000",
        "title": "CELC Street Fair",
        "validation_state": "validated"
      },
      "type": "Feature"
    },
    {
      "geometry": {
        "coordinates": [
          [
            [
              -74.03612991314515,
              40.6326632696787
            ],
            [
              -74.03393562536635,
              40.63214399651645
            ]
          ]
        ],
        "type": "MultiLineString"
      },
      "id": "tvpp-9vvx|953898|2026-09-12T13:00:00",
      "properties": {
        "borough": "Brooklyn",
        "certified_pin": false,
        "display_geometry_role": "route",
        "end_date_time": "2026-09-12T20:00:00.000",
        "endpoint_1_nearest_source_endpoint_m": 43.123,
        "endpoint_2_nearest_source_endpoint_m": 0.112,
        "endpoint_tolerance_m": 50.0,
        "exact_pin_eligible": false,
        "geometry_authority": "nyc_dcp_geosupport_plus_lion",
        "geometry_precision": "official_centerline",
        "geometry_sha256": "d2539db1916f62fcddeb624ec456ead2cb29e1da8f0f4229210b6c9910357e5a",
        "location": "76 STREET between COLONIAL ROAD and NARROWS AVENUE",
        "occurrence_id": "tvpp-9vvx|953898|2026-09-12T13:00:00",
        "publication_allowed": true,
        "source_dataset": "tvpp-9vvx",
        "source_event_id": "953898",
        "source_geometry_dataset_id": "2v4z-66xt",
        "source_geometry_dataset_name": "NYC DCP LION",
        "source_segment_id": "0126772",
        "start_date_time": "2026-09-12T13:00:00.000",
        "title": "76th Street Block Party",
        "validation_state": "validated"
      },
      "type": "Feature"
    },
    {
      "geometry": {
        "coordinates": [
          [
            [
              -74.01304073217813,
              40.62180286855237
            ],
            [
              -74.01083845826076,
              40.620472965199426
            ]
          ]
        ],
        "type": "MultiLineString"
      },
      "id": "tvpp-9vvx|960206|2026-09-12T11:00:00",
      "properties": {
        "borough": "Brooklyn",
        "certified_pin": false,
        "display_geometry_role": "route",
        "end_date_time": "2026-09-12T20:00:00.000",
        "endpoint_1_nearest_source_endpoint_m": 0.064,
        "endpoint_2_nearest_source_endpoint_m": 0.124,
        "endpoint_tolerance_m": 50.0,
        "exact_pin_eligible": false,
        "geometry_authority": "nyc_dcp_geosupport_plus_lion",
        "geometry_precision": "official_centerline",
        "geometry_sha256": "7e6e74a5e46d260112ce1d6737d5069f0a424b061573be6c487ba17cbf974b8d",
        "location": "77 STREET between 11 AVENUE and 12 AVENUE",
        "occurrence_id": "tvpp-9vvx|960206|2026-09-12T11:00:00",
        "publication_allowed": true,
        "source_dataset": "tvpp-9vvx",
        "source_event_id": "960206",
        "source_geometry_dataset_id": "2v4z-66xt",
        "source_geometry_dataset_name": "NYC DCP LION",
        "source_segment_id": "0019425",
        "start_date_time": "2026-09-12T11:00:00.000",
        "title": "77th Street between 11th and 12th Avenue Block Party",
        "validation_state": "validated"
      },
      "type": "Feature"
    },
    {
      "geometry": {
        "coordinates": [
          [
            [
              -74.02325796266109,
              40.627971411237475
            ],
            [
              -74.02089492413887,
              40.62654299238376
            ]
          ]
        ],
        "type": "MultiLineString"
      },
      "id": "tvpp-9vvx|951422|2026-09-12T12:00:00",
      "properties": {
        "borough": "Brooklyn",
        "certified_pin": false,
        "display_geometry_role": "route",
        "end_date_time": "2026-09-12T19:00:00.000",
        "endpoint_1_nearest_source_endpoint_m": 0.046,
        "endpoint_2_nearest_source_endpoint_m": 0.137,
        "endpoint_tolerance_m": 50.0,
        "exact_pin_eligible": false,
        "geometry_authority": "nyc_dcp_geosupport_plus_lion",
        "geometry_precision": "official_centerline",
        "geometry_sha256": "bdeda543cce91593f9b8c187e286d55ed29318488429f21a51d868d3b47bcbce",
        "location": "77 STREET between 5 AVENUE and 6 AVENUE",
        "occurrence_id": "tvpp-9vvx|951422|2026-09-12T12:00:00",
        "publication_allowed": true,
        "source_dataset": "tvpp-9vvx",
        "source_event_id": "951422",
        "source_geometry_dataset_id": "2v4z-66xt",
        "source_geometry_dataset_name": "NYC DCP LION",
        "source_segment_id": "0017189",
        "start_date_time": "2026-09-12T12:00:00.000",
        "title": "77th Street Block Association Annual Block Party",
        "validation_state": "validated"
      },
      "type": "Feature"
    },
    {
      "geometry": {
        "coordinates": [
          [
            [
              -73.99252082592841,
              40.606675333178565
            ],
            [
              -73.99029013651976,
              40.605328598054975
            ]
          ]
        ],
        "type": "MultiLineString"
      },
      "id": "tvpp-9vvx|956925|2026-08-30T15:00:00",
      "properties": {
        "borough": "Brooklyn",
        "certified_pin": false,
        "display_geometry_role": "route",
        "end_date_time": "2026-08-30T19:30:00.000",
        "endpoint_1_nearest_source_endpoint_m": 0.198,
        "endpoint_2_nearest_source_endpoint_m": 0.086,
        "endpoint_tolerance_m": 50.0,
        "exact_pin_eligible": false,
        "geometry_authority": "nyc_dcp_geosupport_plus_lion",
        "geometry_precision": "official_centerline",
        "geometry_sha256": "c6a60e3e716c4ca65876bbdd636a5c6904d0198890a29ddd1c2595e4df048741",
        "location": "80 STREET between 21 AVENUE and BAY PARKWAY",
        "occurrence_id": "tvpp-9vvx|956925|2026-08-30T15:00:00",
        "publication_allowed": true,
        "source_dataset": "tvpp-9vvx",
        "source_event_id": "956925",
        "source_geometry_dataset_id": "2v4z-66xt",
        "source_geometry_dataset_name": "NYC DCP LION",
        "source_segment_id": "0020110",
        "start_date_time": "2026-08-30T15:00:00.000",
        "title": "Block party",
        "validation_state": "validated"
      },
      "type": "Feature"
    },
    {
      "geometry": {
        "coordinates": [
          [
            [
              -74.00494120777124,
              40.61235630124907
            ],
            [
              -74.00248768843817,
              40.61087769779863
            ]
          ]
        ],
        "type": "MultiLineString"
      },
      "id": "tvpp-9vvx|957451|2026-09-12T13:00:00",
      "properties": {
        "borough": "Brooklyn",
        "certified_pin": false,
        "display_geometry_role": "route",
        "end_date_time": "2026-09-12T20:00:00.000",
        "endpoint_1_nearest_source_endpoint_m": 0.075,
        "endpoint_2_nearest_source_endpoint_m": 0.182,
        "endpoint_tolerance_m": 50.0,
        "exact_pin_eligible": false,
        "geometry_authority": "nyc_dcp_geosupport_plus_lion",
        "geometry_precision": "official_centerline",
        "geometry_sha256": "74f4bb00c210060c8f0aaaa84ec48ee780ba307ecb56a419f388d9bead8a43f6",
        "location": "82 STREET between 16 AVENUE and 17 AVENUE",
        "occurrence_id": "tvpp-9vvx|957451|2026-09-12T13:00:00",
        "publication_allowed": true,
        "source_dataset": "tvpp-9vvx",
        "source_event_id": "957451",
        "source_geometry_dataset_id": "2v4z-66xt",
        "source_geometry_dataset_name": "NYC DCP LION",
        "source_segment_id": "0019614",
        "start_date_time": "2026-09-12T13:00:00.000",
        "title": "82nd Street Block Party",
        "validation_state": "validated"
      },
      "type": "Feature"
    },
    {
      "geometry": {
        "coordinates": [
          [
            [
              -73.99509643066104,
              40.64594600585956
            ],
            [
              -73.9956824528722,
              40.64538555646368
            ]
          ]
        ],
        "type": "MultiLineString"
      },
      "id": "tvpp-9vvx|955061|2026-09-13T12:00:00",
      "properties": {
        "borough": "Brooklyn",
        "certified_pin": false,
        "display_geometry_role": "route",
        "end_date_time": "2026-09-13T19:00:00.000",
        "endpoint_1_nearest_source_endpoint_m": 0.036,
        "endpoint_2_nearest_source_endpoint_m": 0.167,
        "endpoint_tolerance_m": 50.0,
        "exact_pin_eligible": false,
        "geometry_authority": "nyc_dcp_geosupport_plus_lion",
        "geometry_precision": "official_centerline",
        "geometry_sha256": "7214c26d40d439290e1392e9f89b6864bf0535d7f379bbbafc88cfedadf9cf29",
        "location": "9 AVENUE between 39 STREET and 40 STREET",
        "occurrence_id": "tvpp-9vvx|955061|2026-09-13T12:00:00",
        "publication_allowed": true,
        "source_dataset": "tvpp-9vvx",
        "source_event_id": "955061",
        "source_geometry_dataset_id": "2v4z-66xt",
        "source_geometry_dataset_name": "NYC DCP LION",
        "source_segment_id": "0021217",
        "start_date_time": "2026-09-13T12:00:00.000",
        "title": "9th Avenue",
        "validation_state": "validated"
      },
      "type": "Feature"
    },
    {
      "geometry": {
        "coordinates": [
          [
            [
              -73.97187261945471,
              40.693209854152705
            ],
            [
              -73.97155972094951,
              40.6916406607465
            ]
          ]
        ],
        "type": "MultiLineString"
      },
      "id": "tvpp-9vvx|963558|2026-08-30T14:00:00",
      "properties": {
        "borough": "Brooklyn",
        "certified_pin": false,
        "display_geometry_role": "route",
        "end_date_time": "2026-08-30T16:00:00.000",
        "endpoint_1_nearest_source_endpoint_m": 0.131,
        "endpoint_2_nearest_source_endpoint_m": 0.072,
        "endpoint_tolerance_m": 50.0,
        "exact_pin_eligible": false,
        "geometry_authority": "nyc_dcp_geosupport_plus_lion",
        "geometry_precision": "official_centerline",
        "geometry_sha256": "5e371580f298920c8b43d35459cefb3afd5a46df4ae053d65d1cd9835ab00673",
        "location": "ADELPHI STREET between MYRTLE AVENUE and WILLOUGHBY AVENUE",
        "occurrence_id": "tvpp-9vvx|963558|2026-08-30T14:00:00",
        "publication_allowed": true,
        "source_dataset": "tvpp-9vvx",
        "source_event_id": "963558",
        "source_geometry_dataset_id": "2v4z-66xt",
        "source_geometry_dataset_name": "NYC DCP LION",
        "source_segment_id": "0030170",
        "start_date_time": "2026-08-30T14:00:00.000",
        "title": "Institutional International Ministries Stoop Event",
        "validation_state": "validated"
      },
      "type": "Feature"
    },
    {
      "geometry": {
        "coordinates": [
          [
            [
              -73.96517258963102,
              40.62476548390157
            ],
            [
              -73.96417250277251,
              40.62487697576242
            ]
          ]
        ],
        "type": "MultiLineString"
      },
      "id": "tvpp-9vvx|954023|2026-09-01T00:01:00",
      "properties": {
        "borough": "Brooklyn",
        "certified_pin": false,
        "display_geometry_role": "route",
        "end_date_time": "2026-09-30T08:00:00.000",
        "endpoint_1_nearest_source_endpoint_m": 0.126,
        "endpoint_2_nearest_source_endpoint_m": 0.073,
        "endpoint_tolerance_m": 50.0,
        "exact_pin_eligible": false,
        "geometry_authority": "nyc_dcp_geosupport_plus_lion",
        "geometry_precision": "official_centerline",
        "geometry_sha256": "1c41202196964f8ae22ac6b948089c89f756b33cd76c031b2edd2dac3fc105c1",
        "location": "AVENUE J between EAST   12 STREET and CONEY ISLAND AVENUE",
        "occurrence_id": "tvpp-9vvx|954023|2026-09-01T00:01:00",
        "publication_allowed": true,
        "source_dataset": "tvpp-9vvx",
        "source_event_id": "954023",
        "source_geometry_dataset_id": "2v4z-66xt",
        "source_geometry_dataset_name": "NYC DCP LION",
        "source_segment_id": "0026892",
        "start_date_time": "2026-09-01T00:01:00.000",
        "title": "rosh hashna",
        "validation_state": "validated"
      },
      "type": "Feature"
    },
    {
      "geometry": {
        "coordinates": [
          [
            [
              -73.93052948246654,
              40.675038796320514
            ],
            [
              -73.92776144604399,
              40.674887399263646
            ]
          ]
        ],
        "type": "MultiLineString"
      },
      "id": "tvpp-9vvx|911444|2026-09-01T11:00:00",
      "properties": {
        "borough": "Brooklyn",
        "certified_pin": false,
        "display_geometry_role": "route",
        "end_date_time": "2026-09-01T16:00:00.000",
        "endpoint_1_nearest_source_endpoint_m": 0.058,
        "endpoint_2_nearest_source_endpoint_m": 0.049,
        "endpoint_tolerance_m": 50.0,
        "exact_pin_eligible": false,
        "geometry_authority": "nyc_dcp_geosupport_plus_lion",
        "geometry_precision": "official_centerline",
        "geometry_sha256": "17aafb033dd0e83149bd5cd63fe6bc89595e97d20dfa57ba04a85ee0a4970229",
        "location": "BERGEN STREET between ROCHESTER AVENUE and UTICA AVENUE",
        "occurrence_id": "tvpp-9vvx|911444|2026-09-01T11:00:00",
        "publication_allowed": true,
        "source_dataset": "tvpp-9vvx",
        "source_event_id": "911444",
        "source_geometry_dataset_id": "2v4z-66xt",
        "source_geometry_dataset_name": "NYC DCP LION",
        "source_segment_id": "0043289",
        "start_date_time": "2026-09-01T11:00:00.000",
        "title": "School-to-School",
        "validation_state": "validated"
      },
      "type": "Feature"
    },
    {
      "geometry": {
        "coordinates": [
          [
            [
              -73.91631608369723,
              40.70012139020645
            ],
            [
              -73.91484972590422,
              40.7016172271715
            ]
          ]
        ],
        "type": "MultiLineString"
      },
      "id": "tvpp-9vvx|958505|2026-08-30T11:00:00",
      "properties": {
        "borough": "Brooklyn",
        "certified_pin": false,
        "display_geometry_role": "route",
        "end_date_time": "2026-08-30T20:00:00.000",
        "endpoint_1_nearest_source_endpoint_m": 0.179,
        "endpoint_2_nearest_source_endpoint_m": 0.089,
        "endpoint_tolerance_m": 50.0,
        "exact_pin_eligible": false,
        "geometry_authority": "nyc_dcp_geosupport_plus_lion",
        "geometry_precision": "official_centerline",
        "geometry_sha256": "3b8413b940ec89da730c3328d7961c73bf2c0993c381a45ac22e7fc8d022c11b",
        "location": "BLEECKER STREET between IRVING AVENUE and WYCKOFF AVENUE",
        "occurrence_id": "tvpp-9vvx|958505|2026-08-30T11:00:00",
        "publication_allowed": true,
        "source_dataset": "tvpp-9vvx",
        "source_event_id": "958505",
        "source_geometry_dataset_id": "2v4z-66xt",
        "source_geometry_dataset_name": "NYC DCP LION",
        "source_segment_id": "0045139",
        "start_date_time": "2026-08-30T11:00:00.000",
        "title": "Block party",
        "validation_state": "validated"
      },
      "type": "Feature"
    },
    {
      "geometry": {
        "coordinates": [
          [
            [
              -73.94416277529274,
              40.65452786117128
            ],
            [
              -73.944001759583,
              40.65297318397066
            ]
          ]
        ],
        "type": "MultiLineString"
      },
      "id": "tvpp-9vvx|962447|2026-09-19T11:00:00",
      "properties": {
        "borough": "Brooklyn",
        "certified_pin": false,
        "display_geometry_role": "route",
        "end_date_time": "2026-09-19T18:00:00.000",
        "endpoint_1_nearest_source_endpoint_m": 0.029,
        "endpoint_2_nearest_source_endpoint_m": 0.098,
        "endpoint_tolerance_m": 50.0,
        "exact_pin_eligible": false,
        "geometry_authority": "nyc_dcp_geosupport_plus_lion",
        "geometry_precision": "official_centerline",
        "geometry_sha256": "884c6c30530d5bef408b239c441a12246abc8ec34470068207e16c0a8e3d14da",
        "location": "BROOKLYN AVENUE between LINDEN BOULEVARD and LENOX ROAD",
        "occurrence_id": "tvpp-9vvx|962447|2026-09-19T11:00:00",
        "publication_allowed": true,
        "source_dataset": "tvpp-9vvx",
        "source_event_id": "962447",
        "source_geometry_dataset_id": "2v4z-66xt",
        "source_geometry_dataset_name": "NYC DCP LION",
        "source_segment_id": "0028856",
        "start_date_time": "2026-09-19T11:00:00.000",
        "title": "It takes a village",
        "validation_state": "validated"
      },
      "type": "Feature"
    },
    {
      "geometry": {
        "coordinates": [
          [
            [
              -73.91166257511432,
              40.669547111463764
            ],
            [
              -73.9110183506428,
              40.66702659283919
            ]
          ]
        ],
        "type": "MultiLineString"
      },
      "id": "tvpp-9vvx|961314|2026-09-12T10:00:00",
      "properties": {
        "borough": "Brooklyn",
        "certified_pin": false,
        "display_geometry_role": "route",
        "end_date_time": "2026-09-12T18:00:00.000",
        "endpoint_1_nearest_source_endpoint_m": 0.166,
        "endpoint_2_nearest_source_endpoint_m": 0.156,
        "endpoint_tolerance_m": 50.0,
        "exact_pin_eligible": false,
        "geometry_authority": "nyc_dcp_geosupport_plus_lion",
        "geometry_precision": "official_centerline",
        "geometry_sha256": "a7f981885ebace88a5286d2dcff844d1f06749c8afa0b4dfcb987686b3912e34",
        "location": "CHESTER STREET between SUTTER AVENUE and PITKIN AVENUE",
        "occurrence_id": "tvpp-9vvx|961314|2026-09-12T10:00:00",
        "publication_allowed": true,
        "source_dataset": "tvpp-9vvx",
        "source_event_id": "961314",
        "source_geometry_dataset_id": "2v4z-66xt",
        "source_geometry_dataset_name": "NYC DCP LION",
        "source_segment_id": "0043864",
        "start_date_time": "2026-09-12T10:00:00.000",
        "title": "Chester st annual block party",
        "validation_state": "validated"
      },
      "type": "Feature"
    },
    {
      "geometry": {
        "coordinates": [
          [
            [
              -73.94335488911013,
              40.65582833551525
            ],
            [
              -73.94240147937246,
              40.65588481048791
            ]
          ]
        ],
        "type": "MultiLineString"
      },
      "id": "tvpp-9vvx|930126|2026-09-02T08:00:00",
      "properties": {
        "borough": "Brooklyn",
        "certified_pin": false,
        "display_geometry_role": "route",
        "end_date_time": "2026-09-02T15:00:00.000",
        "endpoint_1_nearest_source_endpoint_m": 0.038,
        "endpoint_2_nearest_source_endpoint_m": 0.127,
        "endpoint_tolerance_m": 50.0,
        "exact_pin_eligible": false,
        "geometry_authority": "nyc_dcp_geosupport_plus_lion",
        "geometry_precision": "official_centerline",
        "geometry_sha256": "5e4acf2acf0f92512ee89db3b9126ee0e2ea69a422511606dfc6a34da2b19c8b",
        "location": "CLARKSON AVENUE between EAST   37 STREET and EAST   38 STREET",
        "occurrence_id": "tvpp-9vvx|930126|2026-09-02T08:00:00",
        "publication_allowed": true,
        "source_dataset": "tvpp-9vvx",
        "source_event_id": "930126",
        "source_geometry_dataset_id": "2v4z-66xt",
        "source_geometry_dataset_name": "NYC DCP LION",
        "source_segment_id": "0028860",
        "start_date_time": "2026-09-02T08:00:00.000",
        "title": "HHFM Kings County Hospital Market",
        "validation_state": "validated"
      },
      "type": "Feature"
    },
    {
      "geometry": {
        "coordinates": [
          [
            [
              -73.94335488911013,
              40.65582833551525
            ],
            [
              -73.94240147937246,
              40.65588481048791
            ]
          ]
        ],
        "type": "MultiLineString"
      },
      "id": "tvpp-9vvx|930126|2026-09-09T08:00:00",
      "properties": {
        "borough": "Brooklyn",
        "certified_pin": false,
        "display_geometry_role": "route",
        "end_date_time": "2026-09-09T15:00:00.000",
        "endpoint_1_nearest_source_endpoint_m": 0.038,
        "endpoint_2_nearest_source_endpoint_m": 0.127,
        "endpoint_tolerance_m": 50.0,
        "exact_pin_eligible": false,
        "geometry_authority": "nyc_dcp_geosupport_plus_lion",
        "geometry_precision": "official_centerline",
        "geometry_sha256": "5e4acf2acf0f92512ee89db3b9126ee0e2ea69a422511606dfc6a34da2b19c8b",
        "location": "CLARKSON AVENUE between EAST   37 STREET and EAST   38 STREET",
        "occurrence_id": "tvpp-9vvx|930126|2026-09-09T08:00:00",
        "publication_allowed": true,
        "source_dataset": "tvpp-9vvx",
        "source_event_id": "930126",
        "source_geometry_dataset_id": "2v4z-66xt",
        "source_geometry_dataset_name": "NYC DCP LION",
        "source_segment_id": "0028860",
        "start_date_time": "2026-09-09T08:00:00.000",
        "title": "HHFM Kings County Hospital Market",
        "validation_state": "validated"
      },
      "type": "Feature"
    },
    {
      "geometry": {
        "coordinates": [
          [
            [
              -73.94335488911013,
              40.65582833551525
            ],
            [
              -73.94240147937246,
              40.65588481048791
            ]
          ]
        ],
        "type": "MultiLineString"
      },
      "id": "tvpp-9vvx|930126|2026-09-16T08:00:00",
      "properties": {
        "borough": "Brooklyn",
        "certified_pin": false,
        "display_geometry_role": "route",
        "end_date_time": "2026-09-16T15:00:00.000",
        "endpoint_1_nearest_source_endpoint_m": 0.038,
        "endpoint_2_nearest_source_endpoint_m": 0.127,
        "endpoint_tolerance_m": 50.0,
        "exact_pin_eligible": false,
        "geometry_authority": "nyc_dcp_geosupport_plus_lion",
        "geometry_precision": "official_centerline",
        "geometry_sha256": "5e4acf2acf0f92512ee89db3b9126ee0e2ea69a422511606dfc6a34da2b19c8b",
        "location": "CLARKSON AVENUE between EAST   37 STREET and EAST   38 STREET",
        "occurrence_id": "tvpp-9vvx|930126|2026-09-16T08:00:00",
        "publication_allowed": true,
        "source_dataset": "tvpp-9vvx",
        "source_event_id": "930126",
        "source_geometry_dataset_id": "2v4z-66xt",
        "source_geometry_dataset_name": "NYC DCP LION",
        "source_segment_id": "0028860",
        "start_date_time": "2026-09-16T08:00:00.000",
        "title": "HHFM Kings County Hospital Market",
        "validation_state": "validated"
      },
      "type": "Feature"
    },
    {
      "geometry": {
        "coordinates": [
          [
            [
              -73.94335488911013,
              40.65582833551525
            ],
            [
              -73.94240147937246,
              40.65588481048791
            ]
          ]
        ],
        "type": "MultiLineString"
      },
      "id": "tvpp-9vvx|930126|2026-09-23T08:00:00",
      "properties": {
        "borough": "Brooklyn",
        "certified_pin": false,
        "display_geometry_role": "route",
        "end_date_time": "2026-09-23T15:00:00.000",
        "endpoint_1_nearest_source_endpoint_m": 0.038,
        "endpoint_2_nearest_source_endpoint_m": 0.127,
        "endpoint_tolerance_m": 50.0,
        "exact_pin_eligible": false,
        "geometry_authority": "nyc_dcp_geosupport_plus_lion",
        "geometry_precision": "official_centerline",
        "geometry_sha256": "5e4acf2acf0f92512ee89db3b9126ee0e2ea69a422511606dfc6a34da2b19c8b",
        "location": "CLARKSON AVENUE between EAST   37 STREET and EAST   38 STREET",
        "occurrence_id": "tvpp-9vvx|930126|2026-09-23T08:00:00",
        "publication_allowed": true,
        "source_dataset": "tvpp-9vvx",
        "source_event_id": "930126",
        "source_geometry_dataset_id": "2v4z-66xt",
        "source_geometry_dataset_name": "NYC DCP LION",
        "source_segment_id": "0028860",
        "start_date_time": "2026-09-23T08:00:00.000",
        "title": "HHFM Kings County Hospital Market",
        "validation_state": "validated"
      },
      "type": "Feature"
    },
    {
      "geometry": {
        "coordinates": [
          [
            [
              -73.96948939866473,
              40.68628830705716
            ],
            [
              -73.96906202025298,
              40.68415736132045
            ]
          ]
        ],
        "type": "MultiLineString"
      },
      "id": "tvpp-9vvx|959668|2026-09-05T12:00:00",
      "properties": {
        "borough": "Brooklyn",
        "certified_pin": false,
        "display_geometry_role": "route",
        "end_date_time": "2026-09-05T20:00:00.000",
        "endpoint_1_nearest_source_endpoint_m": 0.123,
        "endpoint_2_nearest_source_endpoint_m": 0.185,
        "endpoint_tolerance_m": 50.0,
        "exact_pin_eligible": false,
        "geometry_authority": "nyc_dcp_geosupport_plus_lion",
        "geometry_precision": "official_centerline",
        "geometry_sha256": "f9c0d8bd4cb0b43f0047c3faa64d6ebd86bb93d59ae7c07d1fe8c72418b8949a",
        "location": "CLERMONT AVENUE between GREENE AVENUE and FULTON STREET",
        "occurrence_id": "tvpp-9vvx|959668|2026-09-05T12:00:00",
        "publication_allowed": true,
        "source_dataset": "tvpp-9vvx",
        "source_event_id": "959668",
        "source_geometry_dataset_id": "2v4z-66xt",
        "source_geometry_dataset_name": "NYC DCP LION",
        "source_segment_id": "0029193",
        "start_date_time": "2026-09-05T12:00:00.000",
        "title": "CLERMONT AVENUE ANNUAL BLOCK PARTY",
        "validation_state": "validated"
      },
      "type": "Feature"
    },
    {
      "geometry": {
        "coordinates": [
          [
            [
              -73.96617397812443,
              40.64043126111766
            ],
            [
              -73.96530077209172,
              40.64082346473508
            ]
          ]
        ],
        "type": "MultiLineString"
      },
      "id": "tvpp-9vvx|898937|2026-08-30T08:00:00",
      "properties": {
        "borough": "Brooklyn",
        "certified_pin": false,
        "display_geometry_role": "route",
        "end_date_time": "2026-08-30T17:00:00.000",
        "endpoint_1_nearest_source_endpoint_m": 0.172,
        "endpoint_2_nearest_source_endpoint_m": 0.21,
        "endpoint_tolerance_m": 50.0,
        "exact_pin_eligible": false,
        "geometry_authority": "nyc_dcp_geosupport_plus_lion",
        "geometry_precision": "official_centerline",
        "geometry_sha256": "55f7673ecc0e22b59c06e3803346f90cf88be3e6b32e79ae6408e3974a055fa8",
        "location": "CORTELYOU ROAD between RUGBY ROAD and ARGYLE ROAD",
        "occurrence_id": "tvpp-9vvx|898937|2026-08-30T08:00:00",
        "publication_allowed": true,
        "source_dataset": "tvpp-9vvx",
        "source_event_id": "898937",
        "source_geometry_dataset_id": "2v4z-66xt",
        "source_geometry_dataset_name": "NYC DCP LION",
        "source_segment_id": "0028073",
        "start_date_time": "2026-08-30T08:00:00.000",
        "title": "Cortelyou Greenmarket Sunday",
        "validation_state": "validated"
      },
      "type": "Feature"
    },
    {
      "geometry": {
        "coordinates": [
          [
            [
              -73.96617397812443,
              40.64043126111766
            ],
            [
              -73.96530077209172,
              40.64082346473508
            ]
          ]
        ],
        "type": "MultiLineString"
      },
      "id": "tvpp-9vvx|898937|2026-09-06T08:00:00",
      "properties": {
        "borough": "Brooklyn",
        "certified_pin": false,
        "display_geometry_role": "route",
        "end_date_time": "2026-09-06T17:00:00.000",
        "endpoint_1_nearest_source_endpoint_m": 0.172,
        "endpoint_2_nearest_source_endpoint_m": 0.21,
        "endpoint_tolerance_m": 50.0,
        "exact_pin_eligible": false,
        "geometry_authority": "nyc_dcp_geosupport_plus_lion",
        "geometry_precision": "official_centerline",
        "geometry_sha256": "55f7673ecc0e22b59c06e3803346f90cf88be3e6b32e79ae6408e3974a055fa8",
        "location": "CORTELYOU ROAD between RUGBY ROAD and ARGYLE ROAD",
        "occurrence_id": "tvpp-9vvx|898937|2026-09-06T08:00:00",
        "publication_allowed": true,
        "source_dataset": "tvpp-9vvx",
        "source_event_id": "898937",
        "source_geometry_dataset_id": "2v4z-66xt",
        "source_geometry_dataset_name": "NYC DCP LION",
        "source_segment_id": "0028073",
        "start_date_time": "2026-09-06T08:00:00.000",
        "title": "Cortelyou Greenmarket Sunday",
        "validation_state": "validated"
      },
      "type": "Feature"
    },
    {
      "geometry": {
        "coordinates": [
          [
            [
              -73.96617397812443,
              40.64043126111766
            ],
            [
              -73.96530077209172,
              40.64082346473508
            ]
          ]
        ],
        "type": "MultiLineString"
      },
      "id": "tvpp-9vvx|898937|2026-09-13T08:00:00",
      "properties": {
        "borough": "Brooklyn",
        "certified_pin": false,
        "display_geometry_role": "route",
        "end_date_time": "2026-09-13T17:00:00.000",
        "endpoint_1_nearest_source_endpoint_m": 0.172,
        "endpoint_2_nearest_source_endpoint_m": 0.21,
        "endpoint_tolerance_m": 50.0,
        "exact_pin_eligible": false,
        "geometry_authority": "nyc_dcp_geosupport_plus_lion",
        "geometry_precision": "official_centerline",
        "geometry_sha256": "55f7673ecc0e22b59c06e3803346f90cf88be3e6b32e79ae6408e3974a055fa8",
        "location": "CORTELYOU ROAD between RUGBY ROAD and ARGYLE ROAD",
        "occurrence_id": "tvpp-9vvx|898937|2026-09-13T08:00:00",
        "publication_allowed": true,
        "source_dataset": "tvpp-9vvx",
        "source_event_id": "898937",
        "source_geometry_dataset_id": "2v4z-66xt",
        "source_geometry_dataset_name": "NYC DCP LION",
        "source_segment_id": "0028073",
        "start_date_time": "2026-09-13T08:00:00.000",
        "title": "Cortelyou Greenmarket Sunday",
        "validation_state": "validated"
      },
      "type": "Feature"
    },
    {
      "geometry": {
        "coordinates": [
          [
            [
              -73.96617397812443,
              40.64043126111766
            ],
            [
              -73.96530077209172,
              40.64082346473508
            ]
          ]
        ],
        "type": "MultiLineString"
      },
      "id": "tvpp-9vvx|898937|2026-09-20T08:00:00",
      "properties": {
        "borough": "Brooklyn",
        "certified_pin": false,
        "display_geometry_role": "route",
        "end_date_time": "2026-09-20T17:00:00.000",
        "endpoint_1_nearest_source_endpoint_m": 0.172,
        "endpoint_2_nearest_source_endpoint_m": 0.21,
        "endpoint_tolerance_m": 50.0,
        "exact_pin_eligible": false,
        "geometry_authority": "nyc_dcp_geosupport_plus_lion",
        "geometry_precision": "official_centerline",
        "geometry_sha256": "55f7673ecc0e22b59c06e3803346f90cf88be3e6b32e79ae6408e3974a055fa8",
        "location": "CORTELYOU ROAD between RUGBY ROAD and ARGYLE ROAD",
        "occurrence_id": "tvpp-9vvx|898937|2026-09-20T08:00:00",
        "publication_allowed": true,
        "source_dataset": "tvpp-9vvx",
        "source_event_id": "898937",
        "source_geometry_dataset_id": "2v4z-66xt",
        "source_geometry_dataset_name": "NYC DCP LION",
        "source_segment_id": "0028073",
        "start_date_time": "2026-09-20T08:00:00.000",
        "title": "Cortelyou Greenmarket Sunday",
        "validation_state": "validated"
      },
      "type": "Feature"
    },
    {
      "geometry": {
        "coordinates": [
          [
            [
              -73.96617397812443,
              40.64043126111766
            ],
            [
              -73.96530077209172,
              40.64082346473508
            ]
          ]
        ],
        "type": "MultiLineString"
      },
      "id": "tvpp-9vvx|898937|2026-09-27T08:00:00",
      "properties": {
        "borough": "Brooklyn",
        "certified_pin": false,
        "display_geometry_role": "route",
        "end_date_time": "2026-09-27T17:00:00.000",
        "endpoint_1_nearest_source_endpoint_m": 0.172,
        "endpoint_2_nearest_source_endpoint_m": 0.21,
        "endpoint_tolerance_m": 50.0,
        "exact_pin_eligible": false,
        "geometry_authority": "nyc_dcp_geosupport_plus_lion",
        "geometry_precision": "official_centerline",
        "geometry_sha256": "55f7673ecc0e22b59c06e3803346f90cf88be3e6b32e79ae6408e3974a055fa8",
        "location": "CORTELYOU ROAD between RUGBY ROAD and ARGYLE ROAD",
        "occurrence_id": "tvpp-9vvx|898937|2026-09-27T08:00:00",
        "publication_allowed": true,
        "source_dataset": "tvpp-9vvx",
        "source_event_id": "898937",
        "source_geometry_dataset_id": "2v4z-66xt",
        "source_geometry_dataset_name": "NYC DCP LION",
        "source_segment_id": "0028073",
        "start_date_time": "2026-09-27T08:00:00.000",
        "title": "Cortelyou Greenmarket Sunday",
        "validation_state": "validated"
      },
      "type": "Feature"
    },
    {
      "geometry": {
        "coordinates": [
          [
            [
              -73.92700064939493,
              40.593801856481534
            ],
            [
              -73.9265330507646,
              40.5941043143248
            ]
          ]
        ],
        "type": "MultiLineString"
      },
      "id": "tvpp-9vvx|912528|2026-09-12T11:00:00",
      "properties": {
        "borough": "Brooklyn",
        "certified_pin": false,
        "display_geometry_role": "route",
        "end_date_time": "2026-09-12T13:00:00.000",
        "endpoint_1_nearest_source_endpoint_m": 0.087,
        "endpoint_2_nearest_source_endpoint_m": 0.14,
        "endpoint_tolerance_m": 50.0,
        "exact_pin_eligible": false,
        "geometry_authority": "nyc_dcp_geosupport_plus_lion",
        "geometry_precision": "official_centerline",
        "geometry_sha256": "8605c425ffb914225e35984402c098f5ed1f56586cc50aacc61f928357916a71",
        "location": "DEVON AVENUE between GERRITSEN AVENUE and ASTER COURT",
        "occurrence_id": "tvpp-9vvx|912528|2026-09-12T11:00:00",
        "publication_allowed": true,
        "source_dataset": "tvpp-9vvx",
        "source_event_id": "912528",
        "source_geometry_dataset_id": "2v4z-66xt",
        "source_geometry_dataset_name": "NYC DCP LION",
        "source_segment_id": "0040317",
        "start_date_time": "2026-09-12T11:00:00.000",
        "title": "BLOCK PARTY",
        "validation_state": "validated"
      },
      "type": "Feature"
    },
    {
      "geometry": {
        "coordinates": [
          [
            [
              -73.9580036953396,
              40.63976185069261
            ],
            [
              -73.95712506224734,
              40.64016899274078
            ]
          ]
        ],
        "type": "MultiLineString"
      },
      "id": "tvpp-9vvx|962514|2026-08-30T11:00:00",
      "properties": {
        "borough": "Brooklyn",
        "certified_pin": false,
        "display_geometry_role": "route",
        "end_date_time": "2026-08-30T16:00:00.000",
        "endpoint_1_nearest_source_endpoint_m": 0.169,
        "endpoint_2_nearest_source_endpoint_m": 0.005,
        "endpoint_tolerance_m": 50.0,
        "exact_pin_eligible": false,
        "geometry_authority": "nyc_dcp_geosupport_plus_lion",
        "geometry_precision": "official_centerline",
        "geometry_sha256": "9da8a7ccf8bd4c41312ab58fdca9fc6c808edc73a8ef139f6ed68e1998d97b70",
        "location": "DITMAS AVENUE between EAST   21 STREET and EAST   22 STREET",
        "occurrence_id": "tvpp-9vvx|962514|2026-08-30T11:00:00",
        "publication_allowed": true,
        "source_dataset": "tvpp-9vvx",
        "source_event_id": "962514",
        "source_geometry_dataset_id": "2v4z-66xt",
        "source_geometry_dataset_name": "NYC DCP LION",
        "source_segment_id": "0028311",
        "start_date_time": "2026-08-30T11:00:00.000",
        "title": "Ditmas Park Community Party",
        "validation_state": "validated"
      },
      "type": "Feature"
    },
    {
      "geometry": {
        "coordinates": [
          [
            [
              -73.88631126889959,
              40.6388668492352
            ],
            [
              -73.88448894863424,
              40.637235704917686
            ]
          ]
        ],
        "type": "MultiLineString"
      },
      "id": "tvpp-9vvx|953676|2026-09-05T12:00:00",
      "properties": {
        "borough": "Brooklyn",
        "certified_pin": false,
        "display_geometry_role": "route",
        "end_date_time": "2026-09-05T17:00:00.000",
        "endpoint_1_nearest_source_endpoint_m": 5.711,
        "endpoint_2_nearest_source_endpoint_m": 0.143,
        "endpoint_tolerance_m": 50.0,
        "exact_pin_eligible": false,
        "geometry_authority": "nyc_dcp_geosupport_plus_lion",
        "geometry_precision": "official_centerline",
        "geometry_sha256": "8f80695ac9c140919c2252e04a97c9664f9fae851039d9e8ed723823ebb1d119",
        "location": "EAST  104 STREET between SEAVIEW AVENUE and AVENUE N",
        "occurrence_id": "tvpp-9vvx|953676|2026-09-05T12:00:00",
        "publication_allowed": true,
        "source_dataset": "tvpp-9vvx",
        "source_event_id": "953676",
        "source_geometry_dataset_id": "2v4z-66xt",
        "source_geometry_dataset_name": "NYC DCP LION",
        "source_segment_id": "0168076",
        "start_date_time": "2026-09-05T12:00:00.000",
        "title": "Block Party",
        "validation_state": "validated"
      },
      "type": "Feature"
    },
    {
      "geometry": {
        "coordinates": [
          [
            [
              -73.96265208464959,
              40.64201671348252
            ],
            [
              -73.96228158162083,
              40.64010132478836
            ]
          ]
        ],
        "type": "MultiLineString"
      },
      "id": "tvpp-9vvx|938182|2026-09-12T11:00:00",
      "properties": {
        "borough": "Brooklyn",
        "certified_pin": false,
        "display_geometry_role": "route",
        "end_date_time": "2026-09-12T17:00:00.000",
        "endpoint_1_nearest_source_endpoint_m": 0.143,
        "endpoint_2_nearest_source_endpoint_m": 0.083,
        "endpoint_tolerance_m": 50.0,
        "exact_pin_eligible": false,
        "geometry_authority": "nyc_dcp_geosupport_plus_lion",
        "geometry_precision": "official_centerline",
        "geometry_sha256": "1aac526eb21521a4133e822121bc76e7a70f157344958f29633bdfce40ee786a",
        "location": "EAST   17 STREET between CORTELYOU ROAD and DORCHESTER ROAD",
        "occurrence_id": "tvpp-9vvx|938182|2026-09-12T11:00:00",
        "publication_allowed": true,
        "source_dataset": "tvpp-9vvx",
        "source_event_id": "938182",
        "source_geometry_dataset_id": "2v4z-66xt",
        "source_geometry_dataset_name": "NYC DCP LION",
        "source_segment_id": "0028196",
        "start_date_time": "2026-09-12T11:00:00.000",
        "title": "East 17 street Block Party",
        "validation_state": "validated"
      },
      "type": "Feature"
    },
    {
      "geometry": {
        "coordinates": [
          [
            [
              -73.94852098925192,
              40.599697608715566
            ],
            [
              -73.94813839873332,
              40.59769664669536
            ]
          ]
        ],
        "type": "MultiLineString"
      },
      "id": "tvpp-9vvx|954468|2026-08-30T13:00:00",
      "properties": {
        "borough": "Brooklyn",
        "certified_pin": false,
        "display_geometry_role": "route",
        "end_date_time": "2026-08-30T20:00:00.000",
        "endpoint_1_nearest_source_endpoint_m": 0.176,
        "endpoint_2_nearest_source_endpoint_m": 0.159,
        "endpoint_tolerance_m": 50.0,
        "exact_pin_eligible": false,
        "geometry_authority": "nyc_dcp_geosupport_plus_lion",
        "geometry_precision": "official_centerline",
        "geometry_sha256": "017e7d6add66049c663c7b1d592233fffb6ae3b44faf079bc7c9d96046d25086",
        "location": "EAST   23 STREET between AVENUE U and GRAVESEND NECK ROAD",
        "occurrence_id": "tvpp-9vvx|954468|2026-08-30T13:00:00",
        "publication_allowed": true,
        "source_dataset": "tvpp-9vvx",
        "source_event_id": "954468",
        "source_geometry_dataset_id": "2v4z-66xt",
        "source_geometry_dataset_name": "NYC DCP LION",
        "source_segment_id": "0026278",
        "start_date_time": "2026-08-30T13:00:00.000",
        "title": "East 23 Street Block Party",
        "validation_state": "validated"
      },
      "type": "Feature"
    },
    {
      "geometry": {
        "coordinates": [
          [
            [
              -73.94415492167377,
              40.63650692290005
            ],
            [
              -73.94391310624854,
              40.63423670465347
            ]
          ]
        ],
        "type": "MultiLineString"
      },
      "id": "tvpp-9vvx|923424|2026-09-12T11:00:00",
      "properties": {
        "borough": "Brooklyn",
        "certified_pin": false,
        "display_geometry_role": "route",
        "end_date_time": "2026-09-12T15:00:00.000",
        "endpoint_1_nearest_source_endpoint_m": 0.162,
        "endpoint_2_nearest_source_endpoint_m": 0.082,
        "endpoint_tolerance_m": 50.0,
        "exact_pin_eligible": false,
        "geometry_authority": "nyc_dcp_geosupport_plus_lion",
        "geometry_precision": "official_centerline",
        "geometry_sha256": "64d520201e385f4637b4747c424afa012312f099ba4ba4d4499dea6f5c0912b9",
        "location": "EAST   34 STREET between FARRAGUT ROAD and GLENWOOD ROAD",
        "occurrence_id": "tvpp-9vvx|923424|2026-09-12T11:00:00",
        "publication_allowed": true,
        "source_dataset": "tvpp-9vvx",
        "source_event_id": "923424",
        "source_geometry_dataset_id": "2v4z-66xt",
        "source_geometry_dataset_name": "NYC DCP LION",
        "source_segment_id": "0028777",
        "start_date_time": "2026-09-12T11:00:00.000",
        "title": "E34TH STREET  FALL CLEAN UP",
        "validation_state": "validated"
      },
      "type": "Feature"
    },
    {
      "geometry": {
        "coordinates": [
          [
            [
              -73.94396498606164,
              40.643542772098876
            ],
            [
              -73.94372044501311,
              40.64124284568694
            ]
          ]
        ],
        "type": "MultiLineString"
      },
      "id": "tvpp-9vvx|959708|2026-08-30T10:00:00",
      "properties": {
        "borough": "Brooklyn",
        "certified_pin": false,
        "display_geometry_role": "route",
        "end_date_time": "2026-08-30T18:00:00.000",
        "endpoint_1_nearest_source_endpoint_m": 0.101,
        "endpoint_2_nearest_source_endpoint_m": 0.12,
        "endpoint_tolerance_m": 50.0,
        "exact_pin_eligible": false,
        "geometry_authority": "nyc_dcp_geosupport_plus_lion",
        "geometry_precision": "official_centerline",
        "geometry_sha256": "a8e0b5b7fc6d360bd316add4e4beaf3dfaebe23b04eec1400ce9da43cacea4aa",
        "location": "EAST   35 STREET between AVENUE D and CLARENDON ROAD",
        "occurrence_id": "tvpp-9vvx|959708|2026-08-30T10:00:00",
        "publication_allowed": true,
        "source_dataset": "tvpp-9vvx",
        "source_event_id": "959708",
        "source_geometry_dataset_id": "2v4z-66xt",
        "source_geometry_dataset_name": "NYC DCP LION",
        "source_segment_id": "0028804",
        "start_date_time": "2026-08-30T10:00:00.000",
        "title": "35th street block party",
        "validation_state": "validated"
      },
      "type": "Feature"
    },
    {
      "geometry": {
        "coordinates": [
          [
            [
              -73.94282541846019,
              40.65110998397103
            ],
            [
              -73.9426311319492,
              40.64933975765387
            ]
          ]
        ],
        "type": "MultiLineString"
      },
      "id": "tvpp-9vvx|946984|2026-09-12T10:00:00",
      "properties": {
        "borough": "Brooklyn",
        "certified_pin": false,
        "display_geometry_role": "route",
        "end_date_time": "2026-09-12T18:00:00.000",
        "endpoint_1_nearest_source_endpoint_m": 0.12,
        "endpoint_2_nearest_source_endpoint_m": 0.156,
        "endpoint_tolerance_m": 50.0,
        "exact_pin_eligible": false,
        "geometry_authority": "nyc_dcp_geosupport_plus_lion",
        "geometry_precision": "official_centerline",
        "geometry_sha256": "d9c021674738eb682983db8e3cd0d09310be40471abc83e6541a98b5532588f3",
        "location": "EAST   37 STREET between CHURCH AVENUE and SNYDER AVENUE",
        "occurrence_id": "tvpp-9vvx|946984|2026-09-12T10:00:00",
        "publication_allowed": true,
        "source_dataset": "tvpp-9vvx",
        "source_event_id": "946984",
        "source_geometry_dataset_id": "2v4z-66xt",
        "source_geometry_dataset_name": "NYC DCP LION",
        "source_segment_id": "0041762",
        "start_date_time": "2026-09-12T10:00:00.000",
        "title": "Block party",
        "validation_state": "validated"
      },
      "type": "Feature"
    },
    {
      "geometry": {
        "coordinates": [
          [
            [
              -73.97591918801864,
              40.6455442730504
            ],
            [
              -73.97569514144465,
              40.64437258877563
            ]
          ]
        ],
        "type": "MultiLineString"
      },
      "id": "tvpp-9vvx|957949|2026-09-19T12:00:00",
      "properties": {
        "borough": "Brooklyn",
        "certified_pin": false,
        "display_geometry_role": "route",
        "end_date_time": "2026-09-19T20:30:00.000",
        "endpoint_1_nearest_source_endpoint_m": 0.173,
        "endpoint_2_nearest_source_endpoint_m": 0.157,
        "endpoint_tolerance_m": 50.0,
        "exact_pin_eligible": false,
        "geometry_authority": "nyc_dcp_geosupport_plus_lion",
        "geometry_precision": "official_centerline",
        "geometry_sha256": "6d9e943e8a70d610c8d19e4d0f3d6642e6cb758f7a7d567dbba10ae887f87a2a",
        "location": "EAST    5 STREET between ALBERMARLE ROAD and CHURCH AVENUE",
        "occurrence_id": "tvpp-9vvx|957949|2026-09-19T12:00:00",
        "publication_allowed": true,
        "source_dataset": "tvpp-9vvx",
        "source_event_id": "957949",
        "source_geometry_dataset_id": "2v4z-66xt",
        "source_geometry_dataset_name": "NYC DCP LION",
        "source_segment_id": "0027724",
        "start_date_time": "2026-09-19T12:00:00.000",
        "title": "East 5th Block Party",
        "validation_state": "validated"
      },
      "type": "Feature"
    },
    {
      "geometry": {
        "coordinates": [
          [
            [
              -73.94556548801536,
              40.66188061414927
            ],
            [
              -73.942767430308,
              40.66206032311977
            ]
          ]
        ],
        "type": "MultiLineString"
      },
      "id": "tvpp-9vvx|960977|2026-08-31T00:00:00",
      "properties": {
        "borough": "Brooklyn",
        "certified_pin": false,
        "display_geometry_role": "route",
        "end_date_time": "2026-09-29T20:30:00.000",
        "endpoint_1_nearest_source_endpoint_m": 0.142,
        "endpoint_2_nearest_source_endpoint_m": 0.061,
        "endpoint_tolerance_m": 50.0,
        "exact_pin_eligible": false,
        "geometry_authority": "nyc_dcp_geosupport_plus_lion",
        "geometry_precision": "official_centerline",
        "geometry_sha256": "3c67b7689bd02239e3e61be3abf83fdee4667c144fed0d07a5293ce1ca65710e",
        "location": "EAST NEW YORK AVENUE between KINGSTON AVENUE and BROOKLYN AVENUE",
        "occurrence_id": "tvpp-9vvx|960977|2026-08-31T00:00:00",
        "publication_allowed": true,
        "source_dataset": "tvpp-9vvx",
        "source_event_id": "960977",
        "source_geometry_dataset_id": "2v4z-66xt",
        "source_geometry_dataset_name": "NYC DCP LION",
        "source_segment_id": "0029817",
        "start_date_time": "2026-08-31T00:00:00.000",
        "title": "FRIDGE BOX  2 TISHREI 2026",
        "validation_state": "validated"
      },
      "type": "Feature"
    },
    {
      "geometry": {
        "coordinates": [
          [
            [
              -73.94556548801536,
              40.66188061414927
            ],
            [
              -73.942767430308,
              40.66206032311977
            ]
          ]
        ],
        "type": "MultiLineString"
      },
      "id": "tvpp-9vvx|960978|2026-08-31T00:00:00",
      "properties": {
        "borough": "Brooklyn",
        "certified_pin": false,
        "display_geometry_role": "route",
        "end_date_time": "2026-09-29T20:30:00.000",
        "endpoint_1_nearest_source_endpoint_m": 0.142,
        "endpoint_2_nearest_source_endpoint_m": 0.061,
        "endpoint_tolerance_m": 50.0,
        "exact_pin_eligible": false,
        "geometry_authority": "nyc_dcp_geosupport_plus_lion",
        "geometry_precision": "official_centerline",
        "geometry_sha256": "3c67b7689bd02239e3e61be3abf83fdee4667c144fed0d07a5293ce1ca65710e",
        "location": "EAST NEW YORK AVENUE between KINGSTON AVENUE and BROOKLYN AVENUE",
        "occurrence_id": "tvpp-9vvx|960978|2026-08-31T00:00:00",
        "publication_allowed": true,
        "source_dataset": "tvpp-9vvx",
        "source_event_id": "960978",
        "source_geometry_dataset_id": "2v4z-66xt",
        "source_geometry_dataset_name": "NYC DCP LION",
        "source_segment_id": "0029817",
        "start_date_time": "2026-08-31T00:00:00.000",
        "title": "FREEZER BOX TISHREI 2026",
        "validation_state": "validated"
      },
      "type": "Feature"
    },
    {
      "geometry": {
        "coordinates": [
          [
            [
              -73.90777158790216,
              40.68137784668676
            ],
            [
              -73.90637532016048,
              40.68280153985387
            ]
          ]
        ],
        "type": "MultiLineString"
      },
      "id": "tvpp-9vvx|940564|2026-08-30T11:00:00",
      "properties": {
        "borough": "Brooklyn",
        "certified_pin": false,
        "display_geometry_role": "route",
        "end_date_time": "2026-08-30T20:00:00.000",
        "endpoint_1_nearest_source_endpoint_m": 0.066,
        "endpoint_2_nearest_source_endpoint_m": 0.12,
        "endpoint_tolerance_m": 50.0,
        "exact_pin_eligible": false,
        "geometry_authority": "nyc_dcp_geosupport_plus_lion",
        "geometry_precision": "official_centerline",
        "geometry_sha256": "17856b74d2707bc72ab880d10aaf42ea0fa0078d8d1e5e3b8301835753fdab9b",
        "location": "FURMAN AVENUE between BUSHWICK AVENUE and BROADWAY",
        "occurrence_id": "tvpp-9vvx|940564|2026-08-30T11:00:00",
        "publication_allowed": true,
        "source_dataset": "tvpp-9vvx",
        "source_event_id": "940564",
        "source_geometry_dataset_id": "2v4z-66xt",
        "source_geometry_dataset_name": "NYC DCP LION",
        "source_segment_id": "0044074",
        "start_date_time": "2026-08-30T11:00:00.000",
        "title": "Community Event",
        "validation_state": "validated"
      },
      "type": "Feature"
    },
    {
      "geometry": {
        "coordinates": [
          [
            [
              -73.88205690934788,
              40.684929675817
            ],
            [
              -73.88164398731337,
              40.68327045893344
            ]
          ]
        ],
        "type": "MultiLineString"
      },
      "id": "tvpp-9vvx|953388|2026-09-12T12:00:00",
      "properties": {
        "borough": "Brooklyn",
        "certified_pin": false,
        "display_geometry_role": "route",
        "end_date_time": "2026-09-12T20:00:00.000",
        "endpoint_1_nearest_source_endpoint_m": 0.051,
        "endpoint_2_nearest_source_endpoint_m": 0.166,
        "endpoint_tolerance_m": 50.0,
        "exact_pin_eligible": false,
        "geometry_authority": "nyc_dcp_geosupport_plus_lion",
        "geometry_precision": "official_centerline",
        "geometry_sha256": "22394273173118898e34d28c8e0c1a00c1ac59b58ce5059e670af6d6214e942f",
        "location": "HIGHLAND PLACE between RIDGEWOOD AVENUE and ETNA STREET",
        "occurrence_id": "tvpp-9vvx|953388|2026-09-12T12:00:00",
        "publication_allowed": true,
        "source_dataset": "tvpp-9vvx",
        "source_event_id": "953388",
        "source_geometry_dataset_id": "2v4z-66xt",
        "source_geometry_dataset_name": "NYC DCP LION",
        "source_segment_id": "0048056",
        "start_date_time": "2026-09-12T12:00:00.000",
        "title": "Highland place block party",
        "validation_state": "validated"
      },
      "type": "Feature"
    },
    {
      "geometry": {
        "coordinates": [
          [
            [
              -73.94641698438406,
              40.71648743698815
            ],
            [
              -73.94473369891605,
              40.71664860683703
            ]
          ]
        ],
        "type": "MultiLineString"
      },
      "id": "tvpp-9vvx|923300|2026-09-12T12:00:00",
      "properties": {
        "borough": "Brooklyn",
        "certified_pin": false,
        "display_geometry_role": "route",
        "end_date_time": "2026-09-12T19:00:00.000",
        "endpoint_1_nearest_source_endpoint_m": 0.19,
        "endpoint_2_nearest_source_endpoint_m": 0.063,
        "endpoint_tolerance_m": 50.0,
        "exact_pin_eligible": false,
        "geometry_authority": "nyc_dcp_geosupport_plus_lion",
        "geometry_precision": "official_centerline",
        "geometry_sha256": "ccf83f6e79ada14069ee4316558fc5442e0653daa71c6bc2e25755aab85e1a12",
        "location": "JACKSON STREET between GRAHAM AVENUE and MANHATTAN AVENUE",
        "occurrence_id": "tvpp-9vvx|923300|2026-09-12T12:00:00",
        "publication_allowed": true,
        "source_dataset": "tvpp-9vvx",
        "source_event_id": "923300",
        "source_geometry_dataset_id": "2v4z-66xt",
        "source_geometry_dataset_name": "NYC DCP LION",
        "source_segment_id": "0035574",
        "start_date_time": "2026-09-12T12:00:00.000",
        "title": "Annual Jackson Street Block Party",
        "validation_state": "validated"
      },
      "type": "Feature"
    },
    {
      "geometry": {
        "coordinates": [
          [
            [
              -73.94252843588772,
              40.66583792344906
            ],
            [
              -73.94257062262386,
              40.66539471052256
            ]
          ]
        ],
        "type": "MultiLineString"
      },
      "id": "tvpp-9vvx|967526|2026-09-02T00:01:00",
      "properties": {
        "borough": "Brooklyn",
        "certified_pin": false,
        "display_geometry_role": "route",
        "end_date_time": "2026-09-30T17:00:00.000",
        "endpoint_1_nearest_source_endpoint_m": 49.794,
        "endpoint_2_nearest_source_endpoint_m": 0.109,
        "endpoint_tolerance_m": 50.0,
        "exact_pin_eligible": false,
        "geometry_authority": "nyc_dcp_geosupport_plus_lion",
        "geometry_precision": "official_centerline",
        "geometry_sha256": "9dfcea3a7c0a2da2639734befd74e11c687160f6f3162a76315951c45f1b03eb",
        "location": "KINGSTON AVENUE between MONTGOMERY STREET and CROWN STREET",
        "occurrence_id": "tvpp-9vvx|967526|2026-09-02T00:01:00",
        "publication_allowed": true,
        "source_dataset": "tvpp-9vvx",
        "source_event_id": "967526",
        "source_geometry_dataset_id": "2v4z-66xt",
        "source_geometry_dataset_name": "NYC DCP LION",
        "source_segment_id": "0128474",
        "start_date_time": "2026-09-02T00:01:00.000",
        "title": "Dry box high holidays 2026",
        "validation_state": "validated"
      },
      "type": "Feature"
    },
    {
      "geometry": {
        "coordinates": [
          [
            [
              -73.94236047591693,
              40.66762256288915
            ],
            [
              -73.94240673091278,
              40.66712849086494
            ]
          ]
        ],
        "type": "MultiLineString"
      },
      "id": "tvpp-9vvx|970403|2026-09-01T10:00:00",
      "properties": {
        "borough": "Brooklyn",
        "certified_pin": false,
        "display_geometry_role": "route",
        "end_date_time": "2026-09-24T17:30:00.000",
        "endpoint_1_nearest_source_endpoint_m": 0.166,
        "endpoint_2_nearest_source_endpoint_m": 44.76,
        "endpoint_tolerance_m": 50.0,
        "exact_pin_eligible": false,
        "geometry_authority": "nyc_dcp_geosupport_plus_lion",
        "geometry_precision": "official_centerline",
        "geometry_sha256": "e61d6bc612d171eafc5dac4eed4c1ee5c41cab2c07483e7dbeef380deacefadb",
        "location": "KINGSTON AVENUE between PRESIDENT STREET and CARROLL STREET",
        "occurrence_id": "tvpp-9vvx|970403|2026-09-01T10:00:00",
        "publication_allowed": true,
        "source_dataset": "tvpp-9vvx",
        "source_event_id": "970403",
        "source_geometry_dataset_id": "2v4z-66xt",
        "source_geometry_dataset_name": "NYC DCP LION",
        "source_segment_id": "0128482",
        "start_date_time": "2026-09-01T10:00:00.000",
        "title": "Daled Minim distribution",
        "validation_state": "validated"
      },
      "type": "Feature"
    },
    {
      "geometry": {
        "coordinates": [
          [
            [
              -73.95824461652606,
              40.704202872320614
            ],
            [
              -73.9576163870048,
              40.70363838152564
            ]
          ]
        ],
        "type": "MultiLineString"
      },
      "id": "tvpp-9vvx|967513|2026-08-31T00:01:00",
      "properties": {
        "borough": "Brooklyn",
        "certified_pin": false,
        "display_geometry_role": "route",
        "end_date_time": "2026-09-29T23:30:00.000",
        "endpoint_1_nearest_source_endpoint_m": 0.102,
        "endpoint_2_nearest_source_endpoint_m": 0.136,
        "endpoint_tolerance_m": 50.0,
        "exact_pin_eligible": false,
        "geometry_authority": "nyc_dcp_geosupport_plus_lion",
        "geometry_precision": "official_centerline",
        "geometry_sha256": "f9c1762e9315b47a5b21cfe599086fc02350b4daa2ecd07af200da4e5409fe32",
        "location": "LEE AVENUE between HOOPER STREET and HEWES STREET",
        "occurrence_id": "tvpp-9vvx|967513|2026-08-31T00:01:00",
        "publication_allowed": true,
        "source_dataset": "tvpp-9vvx",
        "source_event_id": "967513",
        "source_geometry_dataset_id": "2v4z-66xt",
        "source_geometry_dataset_name": "NYC DCP LION",
        "source_segment_id": "0030717",
        "start_date_time": "2026-08-31T00:01:00.000",
        "title": "HOLIDAY STOCK",
        "validation_state": "validated"
      },
      "type": "Feature"
    },
    {
      "geometry": {
        "coordinates": [
          [
            [
              -73.95698439364014,
              40.70307468787068
            ],
            [
              -73.95635348762168,
              40.70250974883188
            ]
          ]
        ],
        "type": "MultiLineString"
      },
      "id": "tvpp-9vvx|967435|2026-08-31T00:01:00",
      "properties": {
        "borough": "Brooklyn",
        "certified_pin": false,
        "display_geometry_role": "route",
        "end_date_time": "2026-09-29T12:30:00.000",
        "endpoint_1_nearest_source_endpoint_m": 0.145,
        "endpoint_2_nearest_source_endpoint_m": 0.083,
        "endpoint_tolerance_m": 50.0,
        "exact_pin_eligible": false,
        "geometry_authority": "nyc_dcp_geosupport_plus_lion",
        "geometry_precision": "official_centerline",
        "geometry_sha256": "7c91ed8505540bd6bea66ba100f2d066ca95896290065ba189db9a57061b1ef3",
        "location": "LEE AVENUE between RUTLEDGE AVENUE and PENN STREET",
        "occurrence_id": "tvpp-9vvx|967435|2026-08-31T00:01:00",
        "publication_allowed": true,
        "source_dataset": "tvpp-9vvx",
        "source_event_id": "967435",
        "source_geometry_dataset_id": "2v4z-66xt",
        "source_geometry_dataset_name": "NYC DCP LION",
        "source_segment_id": "0030876",
        "start_date_time": "2026-08-31T00:01:00.000",
        "title": "Holiday Storage",
        "validation_state": "validated"
      },
      "type": "Feature"
    },
    {
      "geometry": {
        "coordinates": [
          [
            [
              -73.9606801710495,
              40.6609538567923
            ],
            [
              -73.95695760450921,
              40.661179571186835
            ]
          ]
        ],
        "type": "MultiLineString"
      },
      "id": "tvpp-9vvx|968002|2026-08-30T13:00:00",
      "properties": {
        "borough": "Brooklyn",
        "certified_pin": false,
        "display_geometry_role": "route",
        "end_date_time": "2026-08-30T16:00:00.000",
        "endpoint_1_nearest_source_endpoint_m": 0.021,
        "endpoint_2_nearest_source_endpoint_m": 0.07,
        "endpoint_tolerance_m": 50.0,
        "exact_pin_eligible": false,
        "geometry_authority": "nyc_dcp_geosupport_plus_lion",
        "geometry_precision": "official_centerline",
        "geometry_sha256": "63a6d7f8e1fb5eaed9668c680aa7b8eb7c95212aa4a2216f55ba040880781820",
        "location": "LINCOLN ROAD between WASHINGTON AVENUE and BEDFORD AVENUE",
        "occurrence_id": "tvpp-9vvx|968002|2026-08-30T13:00:00",
        "publication_allowed": true,
        "source_dataset": "tvpp-9vvx",
        "source_event_id": "968002",
        "source_geometry_dataset_id": "2v4z-66xt",
        "source_geometry_dataset_name": "NYC DCP LION",
        "source_segment_id": "0029384",
        "start_date_time": "2026-08-30T13:00:00.000",
        "title": "Back to school giveaway",
        "validation_state": "validated"
      },
      "type": "Feature"
    },
    {
      "geometry": {
        "coordinates": [
          [
            [
              -73.89631005985102,
              40.66041292102653
            ],
            [
              -73.89491382126367,
              40.658526448445954
            ]
          ]
        ],
        "type": "MultiLineString"
      },
      "id": "tvpp-9vvx|964023|2026-08-30T10:00:00",
      "properties": {
        "borough": "Brooklyn",
        "certified_pin": false,
        "display_geometry_role": "route",
        "end_date_time": "2026-08-30T16:30:00.000",
        "endpoint_1_nearest_source_endpoint_m": 0.144,
        "endpoint_2_nearest_source_endpoint_m": 0.165,
        "endpoint_tolerance_m": 50.0,
        "exact_pin_eligible": false,
        "geometry_authority": "nyc_dcp_geosupport_plus_lion",
        "geometry_precision": "official_centerline",
        "geometry_sha256": "e431a2d04e8d35057a22bb4daa70048da975e1af6e7482c91b3e1d01a4a949cf",
        "location": "MALTA STREET between NEW LOTS AVENUE and HEGEMAN AVENUE",
        "occurrence_id": "tvpp-9vvx|964023|2026-08-30T10:00:00",
        "publication_allowed": true,
        "source_dataset": "tvpp-9vvx",
        "source_event_id": "964023",
        "source_geometry_dataset_id": "2v4z-66xt",
        "source_geometry_dataset_name": "NYC DCP LION",
        "source_segment_id": "0046691",
        "start_date_time": "2026-08-30T10:00:00.000",
        "title": "ENY Community Church Event",
        "validation_state": "validated"
      },
      "type": "Feature"
    },
    {
      "geometry": {
        "coordinates": [
          [
            [
              -73.91683011484153,
              40.68110098071439
            ],
            [
              -73.91417757988135,
              40.681408341464824
            ]
          ]
        ],
        "type": "MultiLineString"
      },
      "id": "tvpp-9vvx|930140|2026-09-12T12:00:00",
      "properties": {
        "borough": "Brooklyn",
        "certified_pin": false,
        "display_geometry_role": "route",
        "end_date_time": "2026-09-12T18:00:00.000",
        "endpoint_1_nearest_source_endpoint_m": 0.228,
        "endpoint_2_nearest_source_endpoint_m": 0.114,
        "endpoint_tolerance_m": 50.0,
        "exact_pin_eligible": false,
        "geometry_authority": "nyc_dcp_geosupport_plus_lion",
        "geometry_precision": "official_centerline",
        "geometry_sha256": "a77ee7eb1ca49d21c12a122ac92fa2a3c3ad2e3dfd17648942eaf7b7ab55cc9e",
        "location": "MARION STREET between THOMAS S BOYLAND STREET and SARATOGA AVENUE",
        "occurrence_id": "tvpp-9vvx|930140|2026-09-12T12:00:00",
        "publication_allowed": true,
        "source_dataset": "tvpp-9vvx",
        "source_event_id": "930140",
        "source_geometry_dataset_id": "2v4z-66xt",
        "source_geometry_dataset_name": "NYC DCP LION",
        "source_segment_id": "0043790",
        "start_date_time": "2026-09-12T12:00:00.000",
        "title": "300 Marion St block association",
        "validation_state": "validated"
      },
      "type": "Feature"
    },
    {
      "geometry": {
        "coordinates": [
          [
            [
              -73.93546807714547,
              40.710936430295575
            ],
            [
              -73.93389272671249,
              40.71133567815076
            ]
          ]
        ],
        "type": "MultiLineString"
      },
      "id": "tvpp-9vvx|966090|2026-08-31T08:00:00",
      "properties": {
        "borough": "Brooklyn",
        "certified_pin": false,
        "display_geometry_role": "route",
        "end_date_time": "2026-08-31T23:50:00.000",
        "endpoint_1_nearest_source_endpoint_m": 0.181,
        "endpoint_2_nearest_source_endpoint_m": 0.043,
        "endpoint_tolerance_m": 50.0,
        "exact_pin_eligible": false,
        "geometry_authority": "nyc_dcp_geosupport_plus_lion",
        "geometry_precision": "official_centerline",
        "geometry_sha256": "139cb5d39f26c7247492ba4ac8c721ebb315df3a7e9f1541008e33f4d0a96a79",
        "location": "MEADOW STREET between BOGART STREET and MORGAN AVENUE",
        "occurrence_id": "tvpp-9vvx|966090|2026-08-31T08:00:00",
        "publication_allowed": true,
        "source_dataset": "tvpp-9vvx",
        "source_event_id": "966090",
        "source_geometry_dataset_id": "2v4z-66xt",
        "source_geometry_dataset_name": "NYC DCP LION",
        "source_segment_id": "0044484",
        "start_date_time": "2026-08-31T08:00:00.000",
        "title": "Fete Camp 2026  Charter Bus Check-In  Passenger Loading",
        "validation_state": "validated"
      },
      "type": "Feature"
    },
    {
      "geometry": {
        "coordinates": [
          [
            [
              -73.9568004867108,
              40.65972923033859
            ],
            [
              -73.95346175871167,
              40.65993695591673
            ]
          ]
        ],
        "type": "MultiLineString"
      },
      "id": "tvpp-9vvx|931345|2026-09-12T10:00:00",
      "properties": {
        "borough": "Brooklyn",
        "certified_pin": false,
        "display_geometry_role": "route",
        "end_date_time": "2026-09-12T19:00:00.000",
        "endpoint_1_nearest_source_endpoint_m": 0.186,
        "endpoint_2_nearest_source_endpoint_m": 0.133,
        "endpoint_tolerance_m": 50.0,
        "exact_pin_eligible": false,
        "geometry_authority": "nyc_dcp_geosupport_plus_lion",
        "geometry_precision": "official_centerline",
        "geometry_sha256": "091f5abb867513c84c5ffecdef29f65486fcefbb40ff673f6148213bf2ef0328",
        "location": "MIDWOOD STREET between BEDFORD AVENUE and ROGERS AVENUE",
        "occurrence_id": "tvpp-9vvx|931345|2026-09-12T10:00:00",
        "publication_allowed": true,
        "source_dataset": "tvpp-9vvx",
        "source_event_id": "931345",
        "source_geometry_dataset_id": "2v4z-66xt",
        "source_geometry_dataset_name": "NYC DCP LION",
        "source_segment_id": "0028509",
        "start_date_time": "2026-09-12T10:00:00.000",
        "title": "Midwood II Block Party",
        "validation_state": "validated"
      },
      "type": "Feature"
    },
    {
      "geometry": {
        "coordinates": [
          [
            [
              -73.9848285486904,
              40.645083242419815
            ],
            [
              -73.98749940575408,
              40.644045509227375
            ]
          ]
        ],
        "type": "MultiLineString"
      },
      "id": "tvpp-9vvx|952502|2026-08-30T11:00:00",
      "properties": {
        "borough": "Brooklyn",
        "certified_pin": false,
        "display_geometry_role": "route",
        "end_date_time": "2026-08-30T20:00:00.000",
        "endpoint_1_nearest_source_endpoint_m": 0.092,
        "endpoint_2_nearest_source_endpoint_m": 0.074,
        "endpoint_tolerance_m": 50.0,
        "exact_pin_eligible": false,
        "geometry_authority": "nyc_dcp_geosupport_plus_lion",
        "geometry_precision": "official_centerline",
        "geometry_sha256": "20e9e06a216cb52abe69efd55d6953c08059e0ef4c21b465f2397a521b571427",
        "location": "MINNA STREET between CHESTER AVENUE and 36 STREET",
        "occurrence_id": "tvpp-9vvx|952502|2026-08-30T11:00:00",
        "publication_allowed": true,
        "source_dataset": "tvpp-9vvx",
        "source_event_id": "952502",
        "source_geometry_dataset_id": "2v4z-66xt",
        "source_geometry_dataset_name": "NYC DCP LION",
        "source_segment_id": "0021401",
        "start_date_time": "2026-08-30T11:00:00.000",
        "title": "New Minna",
        "validation_state": "validated"
      },
      "type": "Feature"
    },
    {
      "geometry": {
        "coordinates": [
          [
            [
              -73.94447528198783,
              40.68617147081854
            ],
            [
              -73.94163933158487,
              40.686497269530776
            ]
          ]
        ],
        "type": "MultiLineString"
      },
      "id": "tvpp-9vvx|937270|2026-09-12T12:00:00",
      "properties": {
        "borough": "Brooklyn",
        "certified_pin": false,
        "display_geometry_role": "route",
        "end_date_time": "2026-09-12T19:00:00.000",
        "endpoint_1_nearest_source_endpoint_m": 0.084,
        "endpoint_2_nearest_source_endpoint_m": 0.116,
        "endpoint_tolerance_m": 50.0,
        "exact_pin_eligible": false,
        "geometry_authority": "nyc_dcp_geosupport_plus_lion",
        "geometry_precision": "official_centerline",
        "geometry_sha256": "f0e4603cfcce320b246f1cd1478b084ebd5d8a647bca0bd310d8fa57eb7f2c3b",
        "location": "MONROE STREET between TOMPKINS AVENUE and THROOP AVENUE",
        "occurrence_id": "tvpp-9vvx|937270|2026-09-12T12:00:00",
        "publication_allowed": true,
        "source_dataset": "tvpp-9vvx",
        "source_event_id": "937270",
        "source_geometry_dataset_id": "2v4z-66xt",
        "source_geometry_dataset_name": "NYC DCP LION",
        "source_segment_id": "0029900",
        "start_date_time": "2026-09-12T12:00:00.000",
        "title": "Monroe TNT Block Asocation Block Party",
        "validation_state": "validated"
      },
      "type": "Feature"
    },
    {
      "geometry": {
        "coordinates": [
          [
            [
              -73.99442564090482,
              40.63915416790161
            ],
            [
              -73.99453635824827,
              40.63830863158677
            ]
          ]
        ],
        "type": "MultiLineString"
      },
      "id": "tvpp-9vvx|953801|2026-09-01T00:01:00",
      "properties": {
        "borough": "Brooklyn",
        "certified_pin": false,
        "display_geometry_role": "route",
        "end_date_time": "2026-09-25T17:00:00.000",
        "endpoint_1_nearest_source_endpoint_m": 0.206,
        "endpoint_2_nearest_source_endpoint_m": 0.155,
        "endpoint_tolerance_m": 50.0,
        "exact_pin_eligible": false,
        "geometry_authority": "nyc_dcp_geosupport_plus_lion",
        "geometry_precision": "official_centerline",
        "geometry_sha256": "3324e6bb19e32afb01cab4c39d9bb6c7d62c19f1237a3e1f98d76ef7e2f633cc",
        "location": "NEW UTRECHT AVENUE between 46 STREET and 47 STREET",
        "occurrence_id": "tvpp-9vvx|953801|2026-09-01T00:01:00",
        "publication_allowed": true,
        "source_dataset": "tvpp-9vvx",
        "source_event_id": "953801",
        "source_geometry_dataset_id": "2v4z-66xt",
        "source_geometry_dataset_name": "NYC DCP LION",
        "source_segment_id": "0021181",
        "start_date_time": "2026-09-01T00:01:00.000",
        "title": "SUKKAH EVENT",
        "validation_state": "validated"
      },
      "type": "Feature"
    },
    {
      "geometry": {
        "coordinates": [
          [
            [
              -73.94777330403684,
              40.63399815619627
            ],
            [
              -73.94769931803066,
              40.63288474740484
            ]
          ]
        ],
        "type": "MultiLineString"
      },
      "id": "tvpp-9vvx|960998|2026-09-05T08:00:00",
      "properties": {
        "borough": "Brooklyn",
        "certified_pin": false,
        "display_geometry_role": "route",
        "end_date_time": "2026-09-05T16:00:00.000",
        "endpoint_1_nearest_source_endpoint_m": 0.178,
        "endpoint_2_nearest_source_endpoint_m": 0.031,
        "endpoint_tolerance_m": 50.0,
        "exact_pin_eligible": false,
        "geometry_authority": "nyc_dcp_geosupport_plus_lion",
        "geometry_precision": "official_centerline",
        "geometry_sha256": "7ad91957ed55bcdfe1a813fad76af43277463c01efba9e4c7fa5794e99039caa",
        "location": "NOSTRAND AVENUE between FLATBUSH AVENUE and GLENWOOD ROAD",
        "occurrence_id": "tvpp-9vvx|960998|2026-09-05T08:00:00",
        "publication_allowed": true,
        "source_dataset": "tvpp-9vvx",
        "source_event_id": "960998",
        "source_geometry_dataset_id": "2v4z-66xt",
        "source_geometry_dataset_name": "NYC DCP LION",
        "source_segment_id": "0028640",
        "start_date_time": "2026-09-05T08:00:00.000",
        "title": "Youth Led Farmers Market",
        "validation_state": "validated"
      },
      "type": "Feature"
    },
    {
      "geometry": {
        "coordinates": [
          [
            [
              -73.94777330403684,
              40.63399815619627
            ],
            [
              -73.94769931803066,
              40.63288474740484
            ]
          ]
        ],
        "type": "MultiLineString"
      },
      "id": "tvpp-9vvx|960998|2026-09-12T09:00:00",
      "properties": {
        "borough": "Brooklyn",
        "certified_pin": false,
        "display_geometry_role": "route",
        "end_date_time": "2026-09-12T16:00:00.000",
        "endpoint_1_nearest_source_endpoint_m": 0.178,
        "endpoint_2_nearest_source_endpoint_m": 0.031,
        "endpoint_tolerance_m": 50.0,
        "exact_pin_eligible": false,
        "geometry_authority": "nyc_dcp_geosupport_plus_lion",
        "geometry_precision": "official_centerline",
        "geometry_sha256": "7ad91957ed55bcdfe1a813fad76af43277463c01efba9e4c7fa5794e99039caa",
        "location": "NOSTRAND AVENUE between FLATBUSH AVENUE and GLENWOOD ROAD",
        "occurrence_id": "tvpp-9vvx|960998|2026-09-12T09:00:00",
        "publication_allowed": true,
        "source_dataset": "tvpp-9vvx",
        "source_event_id": "960998",
        "source_geometry_dataset_id": "2v4z-66xt",
        "source_geometry_dataset_name": "NYC DCP LION",
        "source_segment_id": "0028640",
        "start_date_time": "2026-09-12T09:00:00.000",
        "title": "Youth Led Farmers Market",
        "validation_state": "validated"
      },
      "type": "Feature"
    },
    {
      "geometry": {
        "coordinates": [
          [
            [
              -73.94777330403684,
              40.63399815619627
            ],
            [
              -73.94769931803066,
              40.63288474740484
            ]
          ]
        ],
        "type": "MultiLineString"
      },
      "id": "tvpp-9vvx|960998|2026-09-19T09:00:00",
      "properties": {
        "borough": "Brooklyn",
        "certified_pin": false,
        "display_geometry_role": "route",
        "end_date_time": "2026-09-19T16:00:00.000",
        "endpoint_1_nearest_source_endpoint_m": 0.178,
        "endpoint_2_nearest_source_endpoint_m": 0.031,
        "endpoint_tolerance_m": 50.0,
        "exact_pin_eligible": false,
        "geometry_authority": "nyc_dcp_geosupport_plus_lion",
        "geometry_precision": "official_centerline",
        "geometry_sha256": "7ad91957ed55bcdfe1a813fad76af43277463c01efba9e4c7fa5794e99039caa",
        "location": "NOSTRAND AVENUE between FLATBUSH AVENUE and GLENWOOD ROAD",
        "occurrence_id": "tvpp-9vvx|960998|2026-09-19T09:00:00",
        "publication_allowed": true,
        "source_dataset": "tvpp-9vvx",
        "source_event_id": "960998",
        "source_geometry_dataset_id": "2v4z-66xt",
        "source_geometry_dataset_name": "NYC DCP LION",
        "source_segment_id": "0028640",
        "start_date_time": "2026-09-19T09:00:00.000",
        "title": "Youth Led Farmers Market",
        "validation_state": "validated"
      },
      "type": "Feature"
    },
    {
      "geometry": {
        "coordinates": [
          [
            [
              -73.94777330403684,
              40.63399815619627
            ],
            [
              -73.94769931803066,
              40.63288474740484
            ]
          ]
        ],
        "type": "MultiLineString"
      },
      "id": "tvpp-9vvx|960998|2026-09-26T09:00:00",
      "properties": {
        "borough": "Brooklyn",
        "certified_pin": false,
        "display_geometry_role": "route",
        "end_date_time": "2026-09-26T16:00:00.000",
        "endpoint_1_nearest_source_endpoint_m": 0.178,
        "endpoint_2_nearest_source_endpoint_m": 0.031,
        "endpoint_tolerance_m": 50.0,
        "exact_pin_eligible": false,
        "geometry_authority": "nyc_dcp_geosupport_plus_lion",
        "geometry_precision": "official_centerline",
        "geometry_sha256": "7ad91957ed55bcdfe1a813fad76af43277463c01efba9e4c7fa5794e99039caa",
        "location": "NOSTRAND AVENUE between FLATBUSH AVENUE and GLENWOOD ROAD",
        "occurrence_id": "tvpp-9vvx|960998|2026-09-26T09:00:00",
        "publication_allowed": true,
        "source_dataset": "tvpp-9vvx",
        "source_event_id": "960998",
        "source_geometry_dataset_id": "2v4z-66xt",
        "source_geometry_dataset_name": "NYC DCP LION",
        "source_segment_id": "0028640",
        "start_date_time": "2026-09-26T09:00:00.000",
        "title": "Youth Led Farmers Market",
        "validation_state": "validated"
      },
      "type": "Feature"
    },
    {
      "geometry": {
        "coordinates": [
          [
            [
              -73.91100238560786,
              40.67554411736705
            ],
            [
              -73.90828108183605,
              40.67538401062552
            ]
          ]
        ],
        "type": "MultiLineString"
      },
      "id": "tvpp-9vvx|946870|2026-09-12T10:00:00",
      "properties": {
        "borough": "Brooklyn",
        "certified_pin": false,
        "display_geometry_role": "route",
        "end_date_time": "2026-09-12T18:00:00.000",
        "endpoint_1_nearest_source_endpoint_m": 0.168,
        "endpoint_2_nearest_source_endpoint_m": 7.183,
        "endpoint_tolerance_m": 50.0,
        "exact_pin_eligible": false,
        "geometry_authority": "nyc_dcp_geosupport_plus_lion",
        "geometry_precision": "official_centerline",
        "geometry_sha256": "c3dcc75074eec5828b919c25ad7ee9d091f8f7c287c82d44ad385b81f46e2f7d",
        "location": "PACIFIC STREET between ROCKAWAY AVENUE and EASTERN PARKWAY",
        "occurrence_id": "tvpp-9vvx|946870|2026-09-12T10:00:00",
        "publication_allowed": true,
        "source_dataset": "tvpp-9vvx",
        "source_event_id": "946870",
        "source_geometry_dataset_id": "2v4z-66xt",
        "source_geometry_dataset_name": "NYC DCP LION",
        "source_segment_id": "0167623",
        "start_date_time": "2026-09-12T10:00:00.000",
        "title": "Pacific Street Block Party",
        "validation_state": "validated"
      },
      "type": "Feature"
    },
    {
      "geometry": {
        "coordinates": [
          [
            [
              -73.98782249113087,
              40.67846823042195
            ],
            [
              -73.9858601638194,
              40.677708881659534
            ]
          ]
        ],
        "type": "MultiLineString"
      },
      "id": "tvpp-9vvx|941636|2026-09-12T12:00:00",
      "properties": {
        "borough": "Brooklyn",
        "certified_pin": false,
        "display_geometry_role": "route",
        "end_date_time": "2026-09-12T18:00:00.000",
        "endpoint_1_nearest_source_endpoint_m": 0.099,
        "endpoint_2_nearest_source_endpoint_m": 0.152,
        "endpoint_tolerance_m": 50.0,
        "exact_pin_eligible": false,
        "geometry_authority": "nyc_dcp_geosupport_plus_lion",
        "geometry_precision": "official_centerline",
        "geometry_sha256": "a8ee1072fee7d2289439b35a5ee91c56bf93597f108a7f624b565df4e473b854",
        "location": "PRESIDENT STREET between THIRD AVENUE and NEVINS STREET",
        "occurrence_id": "tvpp-9vvx|941636|2026-09-12T12:00:00",
        "publication_allowed": true,
        "source_dataset": "tvpp-9vvx",
        "source_event_id": "941636",
        "source_geometry_dataset_id": "2v4z-66xt",
        "source_geometry_dataset_name": "NYC DCP LION",
        "source_segment_id": "0022657",
        "start_date_time": "2026-09-12T12:00:00.000",
        "title": "President Street Block Party",
        "validation_state": "validated"
      },
      "type": "Feature"
    },
    {
      "geometry": {
        "coordinates": [
          [
            [
              -73.93372501109027,
              40.67073377168168
            ],
            [
              -73.93379830529972,
              40.66989047775343
            ]
          ]
        ],
        "type": "MultiLineString"
      },
      "id": "tvpp-9vvx|963981|2026-08-30T09:00:00",
      "properties": {
        "borough": "Brooklyn",
        "certified_pin": false,
        "display_geometry_role": "route",
        "end_date_time": "2026-08-30T15:30:00.000",
        "endpoint_1_nearest_source_endpoint_m": 0.161,
        "endpoint_2_nearest_source_endpoint_m": 0.202,
        "endpoint_tolerance_m": 50.0,
        "exact_pin_eligible": false,
        "geometry_authority": "nyc_dcp_geosupport_plus_lion",
        "geometry_precision": "official_centerline",
        "geometry_sha256": "5a3e872ed785e114fb397fd1b8473d1b2be5fa7c60be376cfd5c6ecd3b8d201e",
        "location": "SCHENECTADY AVENUE between ST JOHN PLACE and LINCOLN PLACE",
        "occurrence_id": "tvpp-9vvx|963981|2026-08-30T09:00:00",
        "publication_allowed": true,
        "source_dataset": "tvpp-9vvx",
        "source_event_id": "963981",
        "source_geometry_dataset_id": "2v4z-66xt",
        "source_geometry_dataset_name": "NYC DCP LION",
        "source_segment_id": "0043165",
        "start_date_time": "2026-08-30T09:00:00.000",
        "title": "FDNY Back to School Block Party/Street event",
        "validation_state": "validated"
      },
      "type": "Feature"
    },
    {
      "geometry": {
        "coordinates": [
          [
            [
              -73.98398777605807,
              40.6881746439118
            ],
            [
              -73.98181677500085,
              40.687329801773274
            ]
          ]
        ],
        "type": "MultiLineString"
      },
      "id": "tvpp-9vvx|968138|2026-09-04T11:00:00",
      "properties": {
        "borough": "Brooklyn",
        "certified_pin": false,
        "display_geometry_role": "route",
        "end_date_time": "2026-09-04T22:00:00.000",
        "endpoint_1_nearest_source_endpoint_m": 0.148,
        "endpoint_2_nearest_source_endpoint_m": 0.097,
        "endpoint_tolerance_m": 50.0,
        "exact_pin_eligible": false,
        "geometry_authority": "nyc_dcp_geosupport_plus_lion",
        "geometry_precision": "official_centerline",
        "geometry_sha256": "2b772047d43a9768121a6247304d5f37b5a4c70ff7179f2c5fb67f74c120930c",
        "location": "SCHERMERHORN STREET between NEVINS STREET and BOND STREET",
        "occurrence_id": "tvpp-9vvx|968138|2026-09-04T11:00:00",
        "publication_allowed": true,
        "source_dataset": "tvpp-9vvx",
        "source_event_id": "968138",
        "source_geometry_dataset_id": "2v4z-66xt",
        "source_geometry_dataset_name": "NYC DCP LION",
        "source_segment_id": "0022829",
        "start_date_time": "2026-09-04T11:00:00.000",
        "title": "Krishna Janmastami 2026",
        "validation_state": "validated"
      },
      "type": "Feature"
    },
    {
      "geometry": {
        "coordinates": [
          [
            [
              -73.97867669882562,
              40.679047046451785
            ],
            [
              -73.97618051338502,
              40.678064321040424
            ]
          ]
        ],
        "type": "MultiLineString"
      },
      "id": "tvpp-9vvx|961055|2026-09-13T10:30:00",
      "properties": {
        "borough": "Brooklyn",
        "certified_pin": false,
        "display_geometry_role": "route",
        "end_date_time": "2026-09-13T18:30:00.000",
        "endpoint_1_nearest_source_endpoint_m": 0.11,
        "endpoint_2_nearest_source_endpoint_m": 0.153,
        "endpoint_tolerance_m": 50.0,
        "exact_pin_eligible": false,
        "geometry_authority": "nyc_dcp_geosupport_plus_lion",
        "geometry_precision": "official_centerline",
        "geometry_sha256": "ebcd730841fe57278a888ecd605dd31265b8e0b3acb45010f1b62f7fc76f696a",
        "location": "STERLING PLACE between 5 AVENUE and 6 AVENUE",
        "occurrence_id": "tvpp-9vvx|961055|2026-09-13T10:30:00",
        "publication_allowed": true,
        "source_dataset": "tvpp-9vvx",
        "source_event_id": "961055",
        "source_geometry_dataset_id": "2v4z-66xt",
        "source_geometry_dataset_name": "NYC DCP LION",
        "source_segment_id": "0028928",
        "start_date_time": "2026-09-13T10:30:00.000",
        "title": "Sterling Place Block Party",
        "validation_state": "validated"
      },
      "type": "Feature"
    },
    {
      "geometry": {
        "coordinates": [
          [
            [
              -73.9836999742399,
              40.58238420675357
            ],
            [
              -73.98308616453761,
              40.57916176455461
            ]
          ]
        ],
        "type": "MultiLineString"
      },
      "id": "tvpp-9vvx|958688|2026-09-05T13:00:00",
      "properties": {
        "borough": "Brooklyn",
        "certified_pin": false,
        "display_geometry_role": "route",
        "end_date_time": "2026-09-05T20:00:00.000",
        "endpoint_1_nearest_source_endpoint_m": 0.157,
        "endpoint_2_nearest_source_endpoint_m": 0.085,
        "endpoint_tolerance_m": 50.0,
        "exact_pin_eligible": false,
        "geometry_authority": "nyc_dcp_geosupport_plus_lion",
        "geometry_precision": "official_centerline",
        "geometry_sha256": "841ef68c8783d9ebd419dde12f2d3d1bebb1ea08609d99efcdf2315f334ea9f2",
        "location": "WEST   15 STREET between NEPTUNE AVENUE and HART PLACE",
        "occurrence_id": "tvpp-9vvx|958688|2026-09-05T13:00:00",
        "publication_allowed": true,
        "source_dataset": "tvpp-9vvx",
        "source_event_id": "958688",
        "source_geometry_dataset_id": "2v4z-66xt",
        "source_geometry_dataset_name": "NYC DCP LION",
        "source_segment_id": "0019109",
        "start_date_time": "2026-09-05T13:00:00.000",
        "title": "Browns famyreunion",
        "validation_state": "validated"
      },
      "type": "Feature"
    },
    {
      "geometry": {
        "coordinates": [
          [
            [
              -73.93007598866801,
              40.658359821001916
            ],
            [
              -73.92914281104348,
              40.658417108277256
            ]
          ]
        ],
        "type": "MultiLineString"
      },
      "id": "tvpp-9vvx|921292|2026-08-30T10:00:00",
      "properties": {
        "borough": "Brooklyn",
        "certified_pin": false,
        "display_geometry_role": "route",
        "end_date_time": "2026-08-30T18:00:00.000",
        "endpoint_1_nearest_source_endpoint_m": 0.124,
        "endpoint_2_nearest_source_endpoint_m": 0.196,
        "endpoint_tolerance_m": 50.0,
        "exact_pin_eligible": false,
        "geometry_authority": "nyc_dcp_geosupport_plus_lion",
        "geometry_precision": "official_centerline",
        "geometry_sha256": "17c6b745398ba920f5b8785b8c660ed05d7c87a1a5076f0605ae8099205b7ecd",
        "location": "WINTHROP STREET between EAST   51 STREET and EAST   52 STREET",
        "occurrence_id": "tvpp-9vvx|921292|2026-08-30T10:00:00",
        "publication_allowed": true,
        "source_dataset": "tvpp-9vvx",
        "source_event_id": "921292",
        "source_geometry_dataset_id": "2v4z-66xt",
        "source_geometry_dataset_name": "NYC DCP LION",
        "source_segment_id": "0042120",
        "start_date_time": "2026-08-30T10:00:00.000",
        "title": "Maranatha Block Party",
        "validation_state": "validated"
      },
      "type": "Feature"
    },
    {
      "geometry": {
        "coordinates": [
          [
            [
              -74.00769606601023,
              40.74283025722324
            ],
            [
              -74.00723319075738,
              40.743469427628206
            ]
          ]
        ],
        "type": "MultiLineString"
      },
      "id": "tvpp-9vvx|966739|2026-09-10T00:00:00",
      "properties": {
        "borough": "Manhattan",
        "certified_pin": false,
        "display_geometry_role": "route",
        "end_date_time": "2026-09-10T23:30:00.000",
        "endpoint_1_nearest_source_endpoint_m": 0.183,
        "endpoint_2_nearest_source_endpoint_m": 0.202,
        "endpoint_tolerance_m": 50.0,
        "exact_pin_eligible": false,
        "geometry_authority": "nyc_dcp_geosupport_plus_lion",
        "geometry_precision": "official_centerline",
        "geometry_sha256": "bb1f28f4443c87841b5280e3e8cb72f08cf88cf3d6cf5809fd03fd4872773ccd",
        "location": "10 AVENUE between WEST   15 STREET and WEST   16 STREET",
        "occurrence_id": "tvpp-9vvx|966739|2026-09-10T00:00:00",
        "publication_allowed": true,
        "source_dataset": "tvpp-9vvx",
        "source_event_id": "966739",
        "source_geometry_dataset_id": "2v4z-66xt",
        "source_geometry_dataset_name": "NYC DCP LION",
        "source_segment_id": "0032039",
        "start_date_time": "2026-09-10T00:00:00.000",
        "title": "CRANE CLUB EVENT",
        "validation_state": "validated"
      },
      "type": "Feature"
    },
    {
      "geometry": {
        "coordinates": [
          [
            [
              -73.98855898629793,
              40.769115817091205
            ],
            [
              -73.98806289600212,
              40.76979079988703
            ]
          ]
        ],
        "type": "MultiLineString"
      },
      "id": "tvpp-9vvx|911522|2026-09-05T08:00:00",
      "properties": {
        "borough": "Manhattan",
        "certified_pin": false,
        "display_geometry_role": "route",
        "end_date_time": "2026-09-05T18:00:00.000",
        "endpoint_1_nearest_source_endpoint_m": 0.132,
        "endpoint_2_nearest_source_endpoint_m": 0.222,
        "endpoint_tolerance_m": 50.0,
        "exact_pin_eligible": false,
        "geometry_authority": "nyc_dcp_geosupport_plus_lion",
        "geometry_precision": "official_centerline",
        "geometry_sha256": "2d21d844503f4b93273383b216eb1a8010c20cbd319f1d3b5b84d944d51d52a6",
        "location": "10 AVENUE between WEST   57 STREET and WEST   58 STREET",
        "occurrence_id": "tvpp-9vvx|911522|2026-09-05T08:00:00",
        "publication_allowed": true,
        "source_dataset": "tvpp-9vvx",
        "source_event_id": "911522",
        "source_geometry_dataset_id": "2v4z-66xt",
        "source_geometry_dataset_name": "NYC DCP LION",
        "source_segment_id": "0033994",
        "start_date_time": "2026-09-05T08:00:00.000",
        "title": "57 Street Saturday Greenmarket",
        "validation_state": "validated"
      },
      "type": "Feature"
    },
    {
      "geometry": {
        "coordinates": [
          [
            [
              -73.98855898629793,
              40.769115817091205
            ],
            [
              -73.98806289600212,
              40.76979079988703
            ]
          ]
        ],
        "type": "MultiLineString"
      },
      "id": "tvpp-9vvx|911522|2026-09-12T08:00:00",
      "properties": {
        "borough": "Manhattan",
        "certified_pin": false,
        "display_geometry_role": "route",
        "end_date_time": "2026-09-12T18:00:00.000",
        "endpoint_1_nearest_source_endpoint_m": 0.132,
        "endpoint_2_nearest_source_endpoint_m": 0.222,
        "endpoint_tolerance_m": 50.0,
        "exact_pin_eligible": false,
        "geometry_authority": "nyc_dcp_geosupport_plus_lion",
        "geometry_precision": "official_centerline",
        "geometry_sha256": "2d21d844503f4b93273383b216eb1a8010c20cbd319f1d3b5b84d944d51d52a6",
        "location": "10 AVENUE between WEST   57 STREET and WEST   58 STREET",
        "occurrence_id": "tvpp-9vvx|911522|2026-09-12T08:00:00",
        "publication_allowed": true,
        "source_dataset": "tvpp-9vvx",
        "source_event_id": "911522",
        "source_geometry_dataset_id": "2v4z-66xt",
        "source_geometry_dataset_name": "NYC DCP LION",
        "source_segment_id": "0033994",
        "start_date_time": "2026-09-12T08:00:00.000",
        "title": "57 Street Saturday Greenmarket",
        "validation_state": "validated"
      },
      "type": "Feature"
    },
    {
      "geometry": {
        "coordinates": [
          [
            [
              -73.98855898629793,
              40.769115817091205
            ],
            [
              -73.98806289600212,
              40.76979079988703
            ]
          ]
        ],
        "type": "MultiLineString"
      },
      "id": "tvpp-9vvx|911522|2026-09-19T08:00:00",
      "properties": {
        "borough": "Manhattan",
        "certified_pin": false,
        "display_geometry_role": "route",
        "end_date_time": "2026-09-19T18:00:00.000",
        "endpoint_1_nearest_source_endpoint_m": 0.132,
        "endpoint_2_nearest_source_endpoint_m": 0.222,
        "endpoint_tolerance_m": 50.0,
        "exact_pin_eligible": false,
        "geometry_authority": "nyc_dcp_geosupport_plus_lion",
        "geometry_precision": "official_centerline",
        "geometry_sha256": "2d21d844503f4b93273383b216eb1a8010c20cbd319f1d3b5b84d944d51d52a6",
        "location": "10 AVENUE between WEST   57 STREET and WEST   58 STREET",
        "occurrence_id": "tvpp-9vvx|911522|2026-09-19T08:00:00",
        "publication_allowed": true,
        "source_dataset": "tvpp-9vvx",
        "source_event_id": "911522",
        "source_geometry_dataset_id": "2v4z-66xt",
        "source_geometry_dataset_name": "NYC DCP LION",
        "source_segment_id": "0033994",
        "start_date_time": "2026-09-19T08:00:00.000",
        "title": "57 Street Saturday Greenmarket",
        "validation_state": "validated"
      },
      "type": "Feature"
    },
    {
      "geometry": {
        "coordinates": [
          [
            [
              -73.98855898629793,
              40.769115817091205
            ],
            [
              -73.98806289600212,
              40.76979079988703
            ]
          ]
        ],
        "type": "MultiLineString"
      },
      "id": "tvpp-9vvx|911522|2026-09-26T08:00:00",
      "properties": {
        "borough": "Manhattan",
        "certified_pin": false,
        "display_geometry_role": "route",
        "end_date_time": "2026-09-26T18:00:00.000",
        "endpoint_1_nearest_source_endpoint_m": 0.132,
        "endpoint_2_nearest_source_endpoint_m": 0.222,
        "endpoint_tolerance_m": 50.0,
        "exact_pin_eligible": false,
        "geometry_authority": "nyc_dcp_geosupport_plus_lion",
        "geometry_precision": "official_centerline",
        "geometry_sha256": "2d21d844503f4b93273383b216eb1a8010c20cbd319f1d3b5b84d944d51d52a6",
        "location": "10 AVENUE between WEST   57 STREET and WEST   58 STREET",
        "occurrence_id": "tvpp-9vvx|911522|2026-09-26T08:00:00",
        "publication_allowed": true,
        "source_dataset": "tvpp-9vvx",
        "source_event_id": "911522",
        "source_geometry_dataset_id": "2v4z-66xt",
        "source_geometry_dataset_name": "NYC DCP LION",
        "source_segment_id": "0033994",
        "start_date_time": "2026-09-26T08:00:00.000",
        "title": "57 Street Saturday Greenmarket",
        "validation_state": "validated"
      },
      "type": "Feature"
    },
    {
      "geometry": {
        "coordinates": [
          [
            [
              -73.97676067898489,
              40.7434724977542
            ],
            [
              -73.97636377331919,
              40.744098681179224
            ]
          ]
        ],
        "type": "MultiLineString"
      },
      "id": "tvpp-9vvx|899826|2026-08-30T05:30:00",
      "properties": {
        "borough": "Manhattan",
        "certified_pin": false,
        "display_geometry_role": "route",
        "end_date_time": "2026-08-30T19:30:00.000",
        "endpoint_1_nearest_source_endpoint_m": 0.219,
        "endpoint_2_nearest_source_endpoint_m": 0.209,
        "endpoint_tolerance_m": 50.0,
        "exact_pin_eligible": false,
        "geometry_authority": "nyc_dcp_geosupport_plus_lion",
        "geometry_precision": "official_centerline",
        "geometry_sha256": "01e06f77ba8e5836c422e033c382c71308a0fbb7de326e42b6f25ad3de55b63e",
        "location": "2 AVENUE between EAST   32 STREET and EAST   33 STREET",
        "occurrence_id": "tvpp-9vvx|899826|2026-08-30T05:30:00",
        "publication_allowed": true,
        "source_dataset": "tvpp-9vvx",
        "source_event_id": "899826",
        "source_geometry_dataset_id": "2v4z-66xt",
        "source_geometry_dataset_name": "NYC DCP LION",
        "source_segment_id": "0035743",
        "start_date_time": "2026-08-30T05:30:00.000",
        "title": "Murray Hill Farmers Market",
        "validation_state": "validated"
      },
      "type": "Feature"
    },
    {
      "geometry": {
        "coordinates": [
          [
            [
              -73.97676067898489,
              40.7434724977542
            ],
            [
              -73.97636377331919,
              40.744098681179224
            ]
          ]
        ],
        "type": "MultiLineString"
      },
      "id": "tvpp-9vvx|899826|2026-09-06T05:30:00",
      "properties": {
        "borough": "Manhattan",
        "certified_pin": false,
        "display_geometry_role": "route",
        "end_date_time": "2026-09-06T19:30:00.000",
        "endpoint_1_nearest_source_endpoint_m": 0.219,
        "endpoint_2_nearest_source_endpoint_m": 0.209,
        "endpoint_tolerance_m": 50.0,
        "exact_pin_eligible": false,
        "geometry_authority": "nyc_dcp_geosupport_plus_lion",
        "geometry_precision": "official_centerline",
        "geometry_sha256": "01e06f77ba8e5836c422e033c382c71308a0fbb7de326e42b6f25ad3de55b63e",
        "location": "2 AVENUE between EAST   32 STREET and EAST   33 STREET",
        "occurrence_id": "tvpp-9vvx|899826|2026-09-06T05:30:00",
        "publication_allowed": true,
        "source_dataset": "tvpp-9vvx",
        "source_event_id": "899826",
        "source_geometry_dataset_id": "2v4z-66xt",
        "source_geometry_dataset_name": "NYC DCP LION",
        "source_segment_id": "0035743",
        "start_date_time": "2026-09-06T05:30:00.000",
        "title": "Murray Hill Farmers Market",
        "validation_state": "validated"
      },
      "type": "Feature"
    },
    {
      "geometry": {
        "coordinates": [
          [
            [
              -73.97676067898489,
              40.7434724977542
            ],
            [
              -73.97636377331919,
              40.744098681179224
            ]
          ]
        ],
        "type": "MultiLineString"
      },
      "id": "tvpp-9vvx|899826|2026-09-13T05:30:00",
      "properties": {
        "borough": "Manhattan",
        "certified_pin": false,
        "display_geometry_role": "route",
        "end_date_time": "2026-09-13T19:30:00.000",
        "endpoint_1_nearest_source_endpoint_m": 0.219,
        "endpoint_2_nearest_source_endpoint_m": 0.209,
        "endpoint_tolerance_m": 50.0,
        "exact_pin_eligible": false,
        "geometry_authority": "nyc_dcp_geosupport_plus_lion",
        "geometry_precision": "official_centerline",
        "geometry_sha256": "01e06f77ba8e5836c422e033c382c71308a0fbb7de326e42b6f25ad3de55b63e",
        "location": "2 AVENUE between EAST   32 STREET and EAST   33 STREET",
        "occurrence_id": "tvpp-9vvx|899826|2026-09-13T05:30:00",
        "publication_allowed": true,
        "source_dataset": "tvpp-9vvx",
        "source_event_id": "899826",
        "source_geometry_dataset_id": "2v4z-66xt",
        "source_geometry_dataset_name": "NYC DCP LION",
        "source_segment_id": "0035743",
        "start_date_time": "2026-09-13T05:30:00.000",
        "title": "Murray Hill Farmers Market",
        "validation_state": "validated"
      },
      "type": "Feature"
    },
    {
      "geometry": {
        "coordinates": [
          [
            [
              -73.97676067898489,
              40.7434724977542
            ],
            [
              -73.97636377331919,
              40.744098681179224
            ]
          ]
        ],
        "type": "MultiLineString"
      },
      "id": "tvpp-9vvx|899826|2026-09-20T05:30:00",
      "properties": {
        "borough": "Manhattan",
        "certified_pin": false,
        "display_geometry_role": "route",
        "end_date_time": "2026-09-20T19:30:00.000",
        "endpoint_1_nearest_source_endpoint_m": 0.219,
        "endpoint_2_nearest_source_endpoint_m": 0.209,
        "endpoint_tolerance_m": 50.0,
        "exact_pin_eligible": false,
        "geometry_authority": "nyc_dcp_geosupport_plus_lion",
        "geometry_precision": "official_centerline",
        "geometry_sha256": "01e06f77ba8e5836c422e033c382c71308a0fbb7de326e42b6f25ad3de55b63e",
        "location": "2 AVENUE between EAST   32 STREET and EAST   33 STREET",
        "occurrence_id": "tvpp-9vvx|899826|2026-09-20T05:30:00",
        "publication_allowed": true,
        "source_dataset": "tvpp-9vvx",
        "source_event_id": "899826",
        "source_geometry_dataset_id": "2v4z-66xt",
        "source_geometry_dataset_name": "NYC DCP LION",
        "source_segment_id": "0035743",
        "start_date_time": "2026-09-20T05:30:00.000",
        "title": "Murray Hill Farmers Market",
        "validation_state": "validated"
      },
      "type": "Feature"
    },
    {
      "geometry": {
        "coordinates": [
          [
            [
              -73.97676067898489,
              40.7434724977542
            ],
            [
              -73.97636377331919,
              40.744098681179224
            ]
          ]
        ],
        "type": "MultiLineString"
      },
      "id": "tvpp-9vvx|899826|2026-09-27T05:30:00",
      "properties": {
        "borough": "Manhattan",
        "certified_pin": false,
        "display_geometry_role": "route",
        "end_date_time": "2026-09-27T19:30:00.000",
        "endpoint_1_nearest_source_endpoint_m": 0.219,
        "endpoint_2_nearest_source_endpoint_m": 0.209,
        "endpoint_tolerance_m": 50.0,
        "exact_pin_eligible": false,
        "geometry_authority": "nyc_dcp_geosupport_plus_lion",
        "geometry_precision": "official_centerline",
        "geometry_sha256": "01e06f77ba8e5836c422e033c382c71308a0fbb7de326e42b6f25ad3de55b63e",
        "location": "2 AVENUE between EAST   32 STREET and EAST   33 STREET",
        "occurrence_id": "tvpp-9vvx|899826|2026-09-27T05:30:00",
        "publication_allowed": true,
        "source_dataset": "tvpp-9vvx",
        "source_event_id": "899826",
        "source_geometry_dataset_id": "2v4z-66xt",
        "source_geometry_dataset_name": "NYC DCP LION",
        "source_segment_id": "0035743",
        "start_date_time": "2026-09-27T05:30:00.000",
        "title": "Murray Hill Farmers Market",
        "validation_state": "validated"
      },
      "type": "Feature"
    },
    {
      "geometry": {
        "coordinates": [
          [
            [
              -74.01673218191706,
              40.706483759398445
            ],
            [
              -74.01757437053176,
              40.70683986722915
            ]
          ]
        ],
        "type": "MultiLineString"
      },
      "id": "tvpp-9vvx|967753|2026-09-02T11:00:00",
      "properties": {
        "borough": "Manhattan",
        "certified_pin": false,
        "display_geometry_role": "route",
        "end_date_time": "2026-09-02T13:30:00.000",
        "endpoint_1_nearest_source_endpoint_m": 0.186,
        "endpoint_2_nearest_source_endpoint_m": 0.031,
        "endpoint_tolerance_m": 50.0,
        "exact_pin_eligible": false,
        "geometry_authority": "nyc_dcp_geosupport_plus_lion",
        "geometry_precision": "official_centerline",
        "geometry_sha256": "0e83d368a126d9e4b9f3f867d4768d351fc39df96487cdf0f3b2551b7fb66b27",
        "location": "2 PLACE between BATTERY PLACE and LITTLE WEST STREET",
        "occurrence_id": "tvpp-9vvx|967753|2026-09-02T11:00:00",
        "publication_allowed": true,
        "source_dataset": "tvpp-9vvx",
        "source_event_id": "967753",
        "source_geometry_dataset_id": "2v4z-66xt",
        "source_geometry_dataset_name": "NYC DCP LION",
        "source_segment_id": "0161439",
        "start_date_time": "2026-09-02T11:00:00.000",
        "title": "New Teacher Orientation",
        "validation_state": "validated"
      },
      "type": "Feature"
    },
    {
      "geometry": {
        "coordinates": [
          [
            [
              -73.93486981086352,
              40.80499407944201
            ],
            [
              -73.93462523921716,
              40.80532398904284
            ]
          ]
        ],
        "type": "MultiLineString"
      },
      "id": "tvpp-9vvx|918394|2026-09-05T12:00:00",
      "properties": {
        "borough": "Manhattan",
        "certified_pin": false,
        "display_geometry_role": "route",
        "end_date_time": "2026-09-05T18:00:00.000",
        "endpoint_1_nearest_source_endpoint_m": 0.123,
        "endpoint_2_nearest_source_endpoint_m": 40.251,
        "endpoint_tolerance_m": 50.0,
        "exact_pin_eligible": false,
        "geometry_authority": "nyc_dcp_geosupport_plus_lion",
        "geometry_precision": "official_centerline",
        "geometry_sha256": "52016730d3ed70c8522ff456f795d7fdc9ced5283868e25a4505802d745d6dab",
        "location": "3 AVENUE between EAST  127 STREET and EAST  128 STREET",
        "occurrence_id": "tvpp-9vvx|918394|2026-09-05T12:00:00",
        "publication_allowed": true,
        "source_dataset": "tvpp-9vvx",
        "source_event_id": "918394",
        "source_geometry_dataset_id": "2v4z-66xt",
        "source_geometry_dataset_name": "NYC DCP LION",
        "source_segment_id": "0259631",
        "start_date_time": "2026-09-05T12:00:00.000",
        "title": "KR3TS WELLNESS DANCE FESTIVAL",
        "validation_state": "validated"
      },
      "type": "Feature"
    },
    {
      "geometry": {
        "coordinates": [
          [
            [
              -73.99200552929571,
              40.74910144444375
            ],
            [
              -73.99156300612732,
              40.74970592222985
            ]
          ]
        ],
        "type": "MultiLineString"
      },
      "id": "tvpp-9vvx|968248|2026-08-30T05:00:00",
      "properties": {
        "borough": "Manhattan",
        "certified_pin": false,
        "display_geometry_role": "route",
        "end_date_time": "2026-09-06T22:00:00.000",
        "endpoint_1_nearest_source_endpoint_m": 0.177,
        "endpoint_2_nearest_source_endpoint_m": 0.147,
        "endpoint_tolerance_m": 50.0,
        "exact_pin_eligible": false,
        "geometry_authority": "nyc_dcp_geosupport_plus_lion",
        "geometry_precision": "official_centerline",
        "geometry_sha256": "85cc61c27c32ddd97569b7b4f13f01013ab904f30d5378ab4d05e4ae2ee320cf",
        "location": "7 AVENUE between WEST   31 STREET and WEST   32 STREET",
        "occurrence_id": "tvpp-9vvx|968248|2026-08-30T05:00:00",
        "publication_allowed": true,
        "source_dataset": "tvpp-9vvx",
        "source_event_id": "968248",
        "source_geometry_dataset_id": "2v4z-66xt",
        "source_geometry_dataset_name": "NYC DCP LION",
        "source_segment_id": "0033808",
        "start_date_time": "2026-08-30T05:00:00.000",
        "title": "Production Parking - Penn Station Interior Event",
        "validation_state": "validated"
      },
      "type": "Feature"
    },
    {
      "geometry": {
        "coordinates": [
          [
            [
              -73.98969328103883,
              40.752280262500186
            ],
            [
              -73.98924341997296,
              40.75289546460058
            ]
          ]
        ],
        "type": "MultiLineString"
      },
      "id": "tvpp-9vvx|967107|2026-09-02T20:00:00",
      "properties": {
        "borough": "Manhattan",
        "certified_pin": false,
        "display_geometry_role": "route",
        "end_date_time": "2026-09-02T23:00:00.000",
        "endpoint_1_nearest_source_endpoint_m": 0.136,
        "endpoint_2_nearest_source_endpoint_m": 0.077,
        "endpoint_tolerance_m": 50.0,
        "exact_pin_eligible": false,
        "geometry_authority": "nyc_dcp_geosupport_plus_lion",
        "geometry_precision": "official_centerline",
        "geometry_sha256": "62ca7a4f6a70be30dc43ae7b29852aec31fafa3920b5007c7b248d27a7dd167e",
        "location": "7 AVENUE between WEST   36 STREET and WEST   37 STREET",
        "occurrence_id": "tvpp-9vvx|967107|2026-09-02T20:00:00",
        "publication_allowed": true,
        "source_dataset": "tvpp-9vvx",
        "source_event_id": "967107",
        "source_geometry_dataset_id": "2v4z-66xt",
        "source_geometry_dataset_name": "NYC DCP LION",
        "source_segment_id": "0033927",
        "start_date_time": "2026-09-02T20:00:00.000",
        "title": "Private Party at Magic Hour Rooftop: 485 Seventh Ave.",
        "validation_state": "validated"
      },
      "type": "Feature"
    },
    {
      "geometry": {
        "coordinates": [
          [
            [
              -74.00633307496165,
              40.739631099091774
            ],
            [
              -74.00586426250034,
              40.74026144297826
            ]
          ]
        ],
        "type": "MultiLineString"
      },
      "id": "tvpp-9vvx|970379|2026-08-30T00:00:00",
      "properties": {
        "borough": "Manhattan",
        "certified_pin": false,
        "display_geometry_role": "route",
        "end_date_time": "2026-08-30T23:00:00.000",
        "endpoint_1_nearest_source_endpoint_m": 0.066,
        "endpoint_2_nearest_source_endpoint_m": 0.013,
        "endpoint_tolerance_m": 50.0,
        "exact_pin_eligible": false,
        "geometry_authority": "nyc_dcp_geosupport_plus_lion",
        "geometry_precision": "official_centerline",
        "geometry_sha256": "d9396a47b7bb3e94a6d80618f4c9d177862c998d9627493793d16c52d433de5b",
        "location": "9 AVENUE between WEST   13 STREET and LITTLE WEST   12 STREET",
        "occurrence_id": "tvpp-9vvx|970379|2026-08-30T00:00:00",
        "publication_allowed": true,
        "source_dataset": "tvpp-9vvx",
        "source_event_id": "970379",
        "source_geometry_dataset_id": "2v4z-66xt",
        "source_geometry_dataset_name": "NYC DCP LION",
        "source_segment_id": "0032023",
        "start_date_time": "2026-08-30T00:00:00.000",
        "title": "9TH AVE LOAD IN",
        "validation_state": "validated"
      },
      "type": "Feature"
    },
    {
      "geometry": {
        "coordinates": [
          [
            [
              -74.00168465556402,
              40.730581562420376
            ],
            [
              -74.00141242474052,
              40.731065255901704
            ]
          ]
        ],
        "type": "MultiLineString"
      },
      "id": "tvpp-9vvx|920487|2026-09-16T09:00:00",
      "properties": {
        "borough": "Manhattan",
        "certified_pin": false,
        "display_geometry_role": "route",
        "end_date_time": "2026-09-16T18:00:00.000",
        "endpoint_1_nearest_source_endpoint_m": 0.057,
        "endpoint_2_nearest_source_endpoint_m": 0.123,
        "endpoint_tolerance_m": 50.0,
        "exact_pin_eligible": false,
        "geometry_authority": "nyc_dcp_geosupport_plus_lion",
        "geometry_precision": "official_centerline",
        "geometry_sha256": "dabf34027363d7279732d288e05d038571a6603c6dd0edf280c8e84edfca634e",
        "location": "AVENUE OF AMERICAS between CARMINE STREET and WEST    3 STREET",
        "occurrence_id": "tvpp-9vvx|920487|2026-09-16T09:00:00",
        "publication_allowed": true,
        "source_dataset": "tvpp-9vvx",
        "source_event_id": "920487",
        "source_geometry_dataset_id": "2v4z-66xt",
        "source_geometry_dataset_name": "NYC DCP LION",
        "source_segment_id": "0032195",
        "start_date_time": "2026-09-16T09:00:00.000",
        "title": "south villge  farmers market",
        "validation_state": "validated"
      },
      "type": "Feature"
    },
    {
      "geometry": {
        "coordinates": [
          [
            [
              -74.00168465556402,
              40.730581562420376
            ],
            [
              -74.00141242474052,
              40.731065255901704
            ]
          ]
        ],
        "type": "MultiLineString"
      },
      "id": "tvpp-9vvx|920487|2026-09-18T09:00:00",
      "properties": {
        "borough": "Manhattan",
        "certified_pin": false,
        "display_geometry_role": "route",
        "end_date_time": "2026-09-18T18:00:00.000",
        "endpoint_1_nearest_source_endpoint_m": 0.057,
        "endpoint_2_nearest_source_endpoint_m": 0.123,
        "endpoint_tolerance_m": 50.0,
        "exact_pin_eligible": false,
        "geometry_authority": "nyc_dcp_geosupport_plus_lion",
        "geometry_precision": "official_centerline",
        "geometry_sha256": "dabf34027363d7279732d288e05d038571a6603c6dd0edf280c8e84edfca634e",
        "location": "AVENUE OF AMERICAS between CARMINE STREET and WEST    3 STREET",
        "occurrence_id": "tvpp-9vvx|920487|2026-09-18T09:00:00",
        "publication_allowed": true,
        "source_dataset": "tvpp-9vvx",
        "source_event_id": "920487",
        "source_geometry_dataset_id": "2v4z-66xt",
        "source_geometry_dataset_name": "NYC DCP LION",
        "source_segment_id": "0032195",
        "start_date_time": "2026-09-18T09:00:00.000",
        "title": "south villge  farmers market",
        "validation_state": "validated"
      },
      "type": "Feature"
    },
    {
      "geometry": {
        "coordinates": [
          [
            [
              -74.00246884001083,
              40.73032437238673
            ],
            [
              -74.00281922090406,
              40.73091352139747
            ]
          ]
        ],
        "type": "MultiLineString"
      },
      "id": "tvpp-9vvx|899565|2026-08-30T08:00:00",
      "properties": {
        "borough": "Manhattan",
        "certified_pin": false,
        "display_geometry_role": "route",
        "end_date_time": "2026-08-30T20:00:00.000",
        "endpoint_1_nearest_source_endpoint_m": 0.116,
        "endpoint_2_nearest_source_endpoint_m": 0.168,
        "endpoint_tolerance_m": 50.0,
        "exact_pin_eligible": false,
        "geometry_authority": "nyc_dcp_geosupport_plus_lion",
        "geometry_precision": "official_centerline",
        "geometry_sha256": "0a713302acbf4a7cf355f605f8efd20c284f35c20d7042fbfd09f45619d0750b",
        "location": "BLEECKER STREET between LEROY STREET and CARMINE STREET",
        "occurrence_id": "tvpp-9vvx|899565|2026-08-30T08:00:00",
        "publication_allowed": true,
        "source_dataset": "tvpp-9vvx",
        "source_event_id": "899565",
        "source_geometry_dataset_id": "2v4z-66xt",
        "source_geometry_dataset_name": "NYC DCP LION",
        "source_segment_id": "0032188",
        "start_date_time": "2026-08-30T08:00:00.000",
        "title": "Pompeii Flea Market",
        "validation_state": "validated"
      },
      "type": "Feature"
    },
    {
      "geometry": {
        "coordinates": [
          [
            [
              -74.00246884001083,
              40.73032437238673
            ],
            [
              -74.00281922090406,
              40.73091352139747
            ]
          ]
        ],
        "type": "MultiLineString"
      },
      "id": "tvpp-9vvx|899565|2026-09-05T08:00:00",
      "properties": {
        "borough": "Manhattan",
        "certified_pin": false,
        "display_geometry_role": "route",
        "end_date_time": "2026-09-05T20:00:00.000",
        "endpoint_1_nearest_source_endpoint_m": 0.116,
        "endpoint_2_nearest_source_endpoint_m": 0.168,
        "endpoint_tolerance_m": 50.0,
        "exact_pin_eligible": false,
        "geometry_authority": "nyc_dcp_geosupport_plus_lion",
        "geometry_precision": "official_centerline",
        "geometry_sha256": "0a713302acbf4a7cf355f605f8efd20c284f35c20d7042fbfd09f45619d0750b",
        "location": "BLEECKER STREET between LEROY STREET and CARMINE STREET",
        "occurrence_id": "tvpp-9vvx|899565|2026-09-05T08:00:00",
        "publication_allowed": true,
        "source_dataset": "tvpp-9vvx",
        "source_event_id": "899565",
        "source_geometry_dataset_id": "2v4z-66xt",
        "source_geometry_dataset_name": "NYC DCP LION",
        "source_segment_id": "0032188",
        "start_date_time": "2026-09-05T08:00:00.000",
        "title": "Pompeii Flea Market",
        "validation_state": "validated"
      },
      "type": "Feature"
    },
    {
      "geometry": {
        "coordinates": [
          [
            [
              -74.00246884001083,
              40.73032437238673
            ],
            [
              -74.00281922090406,
              40.73091352139747
            ]
          ]
        ],
        "type": "MultiLineString"
      },
      "id": "tvpp-9vvx|899565|2026-09-06T08:00:00",
      "properties": {
        "borough": "Manhattan",
        "certified_pin": false,
        "display_geometry_role": "route",
        "end_date_time": "2026-09-06T20:00:00.000",
        "endpoint_1_nearest_source_endpoint_m": 0.116,
        "endpoint_2_nearest_source_endpoint_m": 0.168,
        "endpoint_tolerance_m": 50.0,
        "exact_pin_eligible": false,
        "geometry_authority": "nyc_dcp_geosupport_plus_lion",
        "geometry_precision": "official_centerline",
        "geometry_sha256": "0a713302acbf4a7cf355f605f8efd20c284f35c20d7042fbfd09f45619d0750b",
        "location": "BLEECKER STREET between LEROY STREET and CARMINE STREET",
        "occurrence_id": "tvpp-9vvx|899565|2026-09-06T08:00:00",
        "publication_allowed": true,
        "source_dataset": "tvpp-9vvx",
        "source_event_id": "899565",
        "source_geometry_dataset_id": "2v4z-66xt",
        "source_geometry_dataset_name": "NYC DCP LION",
        "source_segment_id": "0032188",
        "start_date_time": "2026-09-06T08:00:00.000",
        "title": "Pompeii Flea Market",
        "validation_state": "validated"
      },
      "type": "Feature"
    },
    {
      "geometry": {
        "coordinates": [
          [
            [
              -74.00246884001083,
              40.73032437238673
            ],
            [
              -74.00281922090406,
              40.73091352139747
            ]
          ]
        ],
        "type": "MultiLineString"
      },
      "id": "tvpp-9vvx|899565|2026-09-12T08:00:00",
      "properties": {
        "borough": "Manhattan",
        "certified_pin": false,
        "display_geometry_role": "route",
        "end_date_time": "2026-09-12T20:00:00.000",
        "endpoint_1_nearest_source_endpoint_m": 0.116,
        "endpoint_2_nearest_source_endpoint_m": 0.168,
        "endpoint_tolerance_m": 50.0,
        "exact_pin_eligible": false,
        "geometry_authority": "nyc_dcp_geosupport_plus_lion",
        "geometry_precision": "official_centerline",
        "geometry_sha256": "0a713302acbf4a7cf355f605f8efd20c284f35c20d7042fbfd09f45619d0750b",
        "location": "BLEECKER STREET between LEROY STREET and CARMINE STREET",
        "occurrence_id": "tvpp-9vvx|899565|2026-09-12T08:00:00",
        "publication_allowed": true,
        "source_dataset": "tvpp-9vvx",
        "source_event_id": "899565",
        "source_geometry_dataset_id": "2v4z-66xt",
        "source_geometry_dataset_name": "NYC DCP LION",
        "source_segment_id": "0032188",
        "start_date_time": "2026-09-12T08:00:00.000",
        "title": "Pompeii Flea Market",
        "validation_state": "validated"
      },
      "type": "Feature"
    },
    {
      "geometry": {
        "coordinates": [
          [
            [
              -74.00246884001083,
              40.73032437238673
            ],
            [
              -74.00281922090406,
              40.73091352139747
            ]
          ]
        ],
        "type": "MultiLineString"
      },
      "id": "tvpp-9vvx|899565|2026-09-13T08:00:00",
      "properties": {
        "borough": "Manhattan",
        "certified_pin": false,
        "display_geometry_role": "route",
        "end_date_time": "2026-09-13T20:00:00.000",
        "endpoint_1_nearest_source_endpoint_m": 0.116,
        "endpoint_2_nearest_source_endpoint_m": 0.168,
        "endpoint_tolerance_m": 50.0,
        "exact_pin_eligible": false,
        "geometry_authority": "nyc_dcp_geosupport_plus_lion",
        "geometry_precision": "official_centerline",
        "geometry_sha256": "0a713302acbf4a7cf355f605f8efd20c284f35c20d7042fbfd09f45619d0750b",
        "location": "BLEECKER STREET between LEROY STREET and CARMINE STREET",
        "occurrence_id": "tvpp-9vvx|899565|2026-09-13T08:00:00",
        "publication_allowed": true,
        "source_dataset": "tvpp-9vvx",
        "source_event_id": "899565",
        "source_geometry_dataset_id": "2v4z-66xt",
        "source_geometry_dataset_name": "NYC DCP LION",
        "source_segment_id": "0032188",
        "start_date_time": "2026-09-13T08:00:00.000",
        "title": "Pompeii Flea Market",
        "validation_state": "validated"
      },
      "type": "Feature"
    },
    {
      "geometry": {
        "coordinates": [
          [
            [
              -74.00246884001083,
              40.73032437238673
            ],
            [
              -74.00281922090406,
              40.73091352139747
            ]
          ]
        ],
        "type": "MultiLineString"
      },
      "id": "tvpp-9vvx|899565|2026-09-19T08:00:00",
      "properties": {
        "borough": "Manhattan",
        "certified_pin": false,
        "display_geometry_role": "route",
        "end_date_time": "2026-09-19T20:00:00.000",
        "endpoint_1_nearest_source_endpoint_m": 0.116,
        "endpoint_2_nearest_source_endpoint_m": 0.168,
        "endpoint_tolerance_m": 50.0,
        "exact_pin_eligible": false,
        "geometry_authority": "nyc_dcp_geosupport_plus_lion",
        "geometry_precision": "official_centerline",
        "geometry_sha256": "0a713302acbf4a7cf355f605f8efd20c284f35c20d7042fbfd09f45619d0750b",
        "location": "BLEECKER STREET between LEROY STREET and CARMINE STREET",
        "occurrence_id": "tvpp-9vvx|899565|2026-09-19T08:00:00",
        "publication_allowed": true,
        "source_dataset": "tvpp-9vvx",
        "source_event_id": "899565",
        "source_geometry_dataset_id": "2v4z-66xt",
        "source_geometry_dataset_name": "NYC DCP LION",
        "source_segment_id": "0032188",
        "start_date_time": "2026-09-19T08:00:00.000",
        "title": "Pompeii Flea Market",
        "validation_state": "validated"
      },
      "type": "Feature"
    },
    {
      "geometry": {
        "coordinates": [
          [
            [
              -74.00246884001083,
              40.73032437238673
            ],
            [
              -74.00281922090406,
              40.73091352139747
            ]
          ]
        ],
        "type": "MultiLineString"
      },
      "id": "tvpp-9vvx|899565|2026-09-20T08:00:00",
      "properties": {
        "borough": "Manhattan",
        "certified_pin": false,
        "display_geometry_role": "route",
        "end_date_time": "2026-09-20T20:00:00.000",
        "endpoint_1_nearest_source_endpoint_m": 0.116,
        "endpoint_2_nearest_source_endpoint_m": 0.168,
        "endpoint_tolerance_m": 50.0,
        "exact_pin_eligible": false,
        "geometry_authority": "nyc_dcp_geosupport_plus_lion",
        "geometry_precision": "official_centerline",
        "geometry_sha256": "0a713302acbf4a7cf355f605f8efd20c284f35c20d7042fbfd09f45619d0750b",
        "location": "BLEECKER STREET between LEROY STREET and CARMINE STREET",
        "occurrence_id": "tvpp-9vvx|899565|2026-09-20T08:00:00",
        "publication_allowed": true,
        "source_dataset": "tvpp-9vvx",
        "source_event_id": "899565",
        "source_geometry_dataset_id": "2v4z-66xt",
        "source_geometry_dataset_name": "NYC DCP LION",
        "source_segment_id": "0032188",
        "start_date_time": "2026-09-20T08:00:00.000",
        "title": "Pompeii Flea Market",
        "validation_state": "validated"
      },
      "type": "Feature"
    },
    {
      "geometry": {
        "coordinates": [
          [
            [
              -74.00246884001083,
              40.73032437238673
            ],
            [
              -74.00281922090406,
              40.73091352139747
            ]
          ]
        ],
        "type": "MultiLineString"
      },
      "id": "tvpp-9vvx|899565|2026-09-26T08:00:00",
      "properties": {
        "borough": "Manhattan",
        "certified_pin": false,
        "display_geometry_role": "route",
        "end_date_time": "2026-09-26T20:00:00.000",
        "endpoint_1_nearest_source_endpoint_m": 0.116,
        "endpoint_2_nearest_source_endpoint_m": 0.168,
        "endpoint_tolerance_m": 50.0,
        "exact_pin_eligible": false,
        "geometry_authority": "nyc_dcp_geosupport_plus_lion",
        "geometry_precision": "official_centerline",
        "geometry_sha256": "0a713302acbf4a7cf355f605f8efd20c284f35c20d7042fbfd09f45619d0750b",
        "location": "BLEECKER STREET between LEROY STREET and CARMINE STREET",
        "occurrence_id": "tvpp-9vvx|899565|2026-09-26T08:00:00",
        "publication_allowed": true,
        "source_dataset": "tvpp-9vvx",
        "source_event_id": "899565",
        "source_geometry_dataset_id": "2v4z-66xt",
        "source_geometry_dataset_name": "NYC DCP LION",
        "source_segment_id": "0032188",
        "start_date_time": "2026-09-26T08:00:00.000",
        "title": "Pompeii Flea Market",
        "validation_state": "validated"
      },
      "type": "Feature"
    },
    {
      "geometry": {
        "coordinates": [
          [
            [
              -74.00246884001083,
              40.73032437238673
            ],
            [
              -74.00281922090406,
              40.73091352139747
            ]
          ]
        ],
        "type": "MultiLineString"
      },
      "id": "tvpp-9vvx|899565|2026-09-27T08:00:00",
      "properties": {
        "borough": "Manhattan",
        "certified_pin": false,
        "display_geometry_role": "route",
        "end_date_time": "2026-09-27T20:00:00.000",
        "endpoint_1_nearest_source_endpoint_m": 0.116,
        "endpoint_2_nearest_source_endpoint_m": 0.168,
        "endpoint_tolerance_m": 50.0,
        "exact_pin_eligible": false,
        "geometry_authority": "nyc_dcp_geosupport_plus_lion",
        "geometry_precision": "official_centerline",
        "geometry_sha256": "0a713302acbf4a7cf355f605f8efd20c284f35c20d7042fbfd09f45619d0750b",
        "location": "BLEECKER STREET between LEROY STREET and CARMINE STREET",
        "occurrence_id": "tvpp-9vvx|899565|2026-09-27T08:00:00",
        "publication_allowed": true,
        "source_dataset": "tvpp-9vvx",
        "source_event_id": "899565",
        "source_geometry_dataset_id": "2v4z-66xt",
        "source_geometry_dataset_name": "NYC DCP LION",
        "source_segment_id": "0032188",
        "start_date_time": "2026-09-27T08:00:00.000",
        "title": "Pompeii Flea Market",
        "validation_state": "validated"
      },
      "type": "Feature"
    },
    {
      "geometry": {
        "coordinates": [
          [
            [
              -74.01067628677355,
              40.7071163689857
            ],
            [
              -74.01118994192875,
              40.70627872743632
            ]
          ]
        ],
        "type": "MultiLineString"
      },
      "id": "tvpp-9vvx|970770|2026-09-03T07:30:00",
      "properties": {
        "borough": "Manhattan",
        "certified_pin": false,
        "display_geometry_role": "route",
        "end_date_time": "2026-09-03T13:00:00.000",
        "endpoint_1_nearest_source_endpoint_m": 0.048,
        "endpoint_2_nearest_source_endpoint_m": 0.166,
        "endpoint_tolerance_m": 50.0,
        "exact_pin_eligible": false,
        "geometry_authority": "nyc_dcp_geosupport_plus_lion",
        "geometry_precision": "official_centerline",
        "geometry_sha256": "376af6dc7d8f75e3f44d4941cf7a77996c89edb2ce298b64782aecff9f66db3e",
        "location": "BROAD STREET between WALL STREET and EXCHANGE PLACE",
        "occurrence_id": "tvpp-9vvx|970770|2026-09-03T07:30:00",
        "publication_allowed": true,
        "source_dataset": "tvpp-9vvx",
        "source_event_id": "970770",
        "source_geometry_dataset_id": "2v4z-66xt",
        "source_geometry_dataset_name": "NYC DCP LION",
        "source_segment_id": "0023160",
        "start_date_time": "2026-09-03T07:30:00.000",
        "title": "Sempra NYSE EVENT",
        "validation_state": "validated"
      },
      "type": "Feature"
    },
    {
      "geometry": {
        "coordinates": [
          [
            [
              -73.9977850884986,
              40.72423489362736
            ],
            [
              -73.99684295920797,
              40.7253478378675
            ]
          ]
        ],
        "type": "MultiLineString"
      },
      "id": "tvpp-9vvx|967969|2026-09-01T11:00:00",
      "properties": {
        "borough": "Manhattan",
        "certified_pin": false,
        "display_geometry_role": "route",
        "end_date_time": "2026-09-01T18:00:00.000",
        "endpoint_1_nearest_source_endpoint_m": 11.151,
        "endpoint_2_nearest_source_endpoint_m": 0.123,
        "endpoint_tolerance_m": 50.0,
        "exact_pin_eligible": false,
        "geometry_authority": "nyc_dcp_geosupport_plus_lion",
        "geometry_precision": "official_centerline",
        "geometry_sha256": "50f8dabc2c668db6e3d94c394f0b82b85066e8e679674edc58bb3ff6b851297c",
        "location": "BROADWAY between EAST HOUSTON STREET and PRINCE STREET",
        "occurrence_id": "tvpp-9vvx|967969|2026-09-01T11:00:00",
        "publication_allowed": true,
        "source_dataset": "tvpp-9vvx",
        "source_event_id": "967969",
        "source_geometry_dataset_id": "2v4z-66xt",
        "source_geometry_dataset_name": "NYC DCP LION",
        "source_segment_id": "0164236",
        "start_date_time": "2026-09-01T11:00:00.000",
        "title": "Fage Yogurt Sampling Truck - 575 Broadway",
        "validation_state": "validated"
      },
      "type": "Feature"
    },
    {
      "geometry": {
        "coordinates": [
          [
            [
              -73.9516026541618,
              40.793607805180386
            ],
            [
              -73.94999985288342,
              40.79293149410411
            ]
          ]
        ],
        "type": "MultiLineString"
      },
      "id": "tvpp-9vvx|941754|2026-09-06T12:00:00",
      "properties": {
        "borough": "Manhattan",
        "certified_pin": false,
        "display_geometry_role": "route",
        "end_date_time": "2026-09-06T18:30:00.000",
        "endpoint_1_nearest_source_endpoint_m": 0.09,
        "endpoint_2_nearest_source_endpoint_m": 0.105,
        "endpoint_tolerance_m": 50.0,
        "exact_pin_eligible": false,
        "geometry_authority": "nyc_dcp_geosupport_plus_lion",
        "geometry_precision": "official_centerline",
        "geometry_sha256": "8cd2063f4103929635cb4f25876cd02cdf2f418aee6e6ac5c8e6967324600859",
        "location": "EAST  105 STREET between MADISON AVENUE and 5 AVENUE",
        "occurrence_id": "tvpp-9vvx|941754|2026-09-06T12:00:00",
        "publication_allowed": true,
        "source_dataset": "tvpp-9vvx",
        "source_event_id": "941754",
        "source_geometry_dataset_id": "2v4z-66xt",
        "source_geometry_dataset_name": "NYC DCP LION",
        "source_segment_id": "0037835",
        "start_date_time": "2026-09-06T12:00:00.000",
        "title": "El Barrio Old Timers",
        "validation_state": "validated"
      },
      "type": "Feature"
    },
    {
      "geometry": {
        "coordinates": [
          [
            [
              -73.93591226975157,
              40.79531183759798
            ],
            [
              -73.9336474146186,
              40.79437650300373
            ]
          ]
        ],
        "type": "MultiLineString"
      },
      "id": "tvpp-9vvx|950529|2026-09-05T18:30:00",
      "properties": {
        "borough": "Manhattan",
        "certified_pin": false,
        "display_geometry_role": "route",
        "end_date_time": "2026-09-05T20:30:00.000",
        "endpoint_1_nearest_source_endpoint_m": 0.029,
        "endpoint_2_nearest_source_endpoint_m": 0.174,
        "endpoint_tolerance_m": 50.0,
        "exact_pin_eligible": false,
        "geometry_authority": "nyc_dcp_geosupport_plus_lion",
        "geometry_precision": "official_centerline",
        "geometry_sha256": "adb5e097e79435706ce190736205d10421f5ab5a35b409dc770ac0f3a19b20b8",
        "location": "EAST  115 STREET between 1 AVENUE and PLEASANT AVENUE",
        "occurrence_id": "tvpp-9vvx|950529|2026-09-05T18:30:00",
        "publication_allowed": true,
        "source_dataset": "tvpp-9vvx",
        "source_event_id": "950529",
        "source_geometry_dataset_id": "2v4z-66xt",
        "source_geometry_dataset_name": "NYC DCP LION",
        "source_segment_id": "0068462",
        "start_date_time": "2026-09-05T18:30:00.000",
        "title": "Salsa Stories - East Harlem",
        "validation_state": "validated"
      },
      "type": "Feature"
    },
    {
      "geometry": {
        "coordinates": [
          [
            [
              -73.93591226975157,
              40.79531183759798
            ],
            [
              -73.9336474146186,
              40.79437650300373
            ]
          ]
        ],
        "type": "MultiLineString"
      },
      "id": "tvpp-9vvx|950529|2026-09-12T18:30:00",
      "properties": {
        "borough": "Manhattan",
        "certified_pin": false,
        "display_geometry_role": "route",
        "end_date_time": "2026-09-12T20:30:00.000",
        "endpoint_1_nearest_source_endpoint_m": 0.029,
        "endpoint_2_nearest_source_endpoint_m": 0.174,
        "endpoint_tolerance_m": 50.0,
        "exact_pin_eligible": false,
        "geometry_authority": "nyc_dcp_geosupport_plus_lion",
        "geometry_precision": "official_centerline",
        "geometry_sha256": "adb5e097e79435706ce190736205d10421f5ab5a35b409dc770ac0f3a19b20b8",
        "location": "EAST  115 STREET between 1 AVENUE and PLEASANT AVENUE",
        "occurrence_id": "tvpp-9vvx|950529|2026-09-12T18:30:00",
        "publication_allowed": true,
        "source_dataset": "tvpp-9vvx",
        "source_event_id": "950529",
        "source_geometry_dataset_id": "2v4z-66xt",
        "source_geometry_dataset_name": "NYC DCP LION",
        "source_segment_id": "0068462",
        "start_date_time": "2026-09-12T18:30:00.000",
        "title": "Salsa Stories - East Harlem",
        "validation_state": "validated"
      },
      "type": "Feature"
    },
    {
      "geometry": {
        "coordinates": [
          [
            [
              -73.99458520895361,
              40.734672672311234
            ],
            [
              -73.99279279043526,
              40.73392149633052
            ]
          ]
        ],
        "type": "MultiLineString"
      },
      "id": "tvpp-9vvx|902367|2026-09-01T15:00:00",
      "properties": {
        "borough": "Manhattan",
        "certified_pin": false,
        "display_geometry_role": "route",
        "end_date_time": "2026-09-01T18:00:00.000",
        "endpoint_1_nearest_source_endpoint_m": 0.179,
        "endpoint_2_nearest_source_endpoint_m": 0.116,
        "endpoint_tolerance_m": 50.0,
        "exact_pin_eligible": false,
        "geometry_authority": "nyc_dcp_geosupport_plus_lion",
        "geometry_precision": "official_centerline",
        "geometry_sha256": "7a9095f1184200ea9001c1a76f1ff13c0377db15ed84b91928a920f8b2b54dad",
        "location": "EAST   12 STREET between 5 AVENUE and UNIVERSITY PLACE",
        "occurrence_id": "tvpp-9vvx|902367|2026-09-01T15:00:00",
        "publication_allowed": true,
        "source_dataset": "tvpp-9vvx",
        "source_event_id": "902367",
        "source_geometry_dataset_id": "2v4z-66xt",
        "source_geometry_dataset_name": "NYC DCP LION",
        "source_segment_id": "0032622",
        "start_date_time": "2026-09-01T15:00:00.000",
        "title": "NYU School of Professional Studies Welcome Event / Street Fair",
        "validation_state": "validated"
      },
      "type": "Feature"
    },
    {
      "geometry": {
        "coordinates": [
          [
            [
              -73.93901753313088,
              40.81085655678623
            ],
            [
              -73.93740733715255,
              40.81017561100166
            ]
          ]
        ],
        "type": "MultiLineString"
      },
      "id": "tvpp-9vvx|952741|2026-08-30T13:00:00",
      "properties": {
        "borough": "Manhattan",
        "certified_pin": false,
        "display_geometry_role": "route",
        "end_date_time": "2026-08-30T18:00:00.000",
        "endpoint_1_nearest_source_endpoint_m": 0.071,
        "endpoint_2_nearest_source_endpoint_m": 0.063,
        "endpoint_tolerance_m": 50.0,
        "exact_pin_eligible": false,
        "geometry_authority": "nyc_dcp_geosupport_plus_lion",
        "geometry_precision": "official_centerline",
        "geometry_sha256": "047320932b928dbd694dfabfe954a0cf340abfa9e246b660d803aa009f2bf5b5",
        "location": "EAST  132 STREET between MADISON AVENUE and 5 AVENUE",
        "occurrence_id": "tvpp-9vvx|952741|2026-08-30T13:00:00",
        "publication_allowed": true,
        "source_dataset": "tvpp-9vvx",
        "source_event_id": "952741",
        "source_geometry_dataset_id": "2v4z-66xt",
        "source_geometry_dataset_name": "NYC DCP LION",
        "source_segment_id": "0069220",
        "start_date_time": "2026-08-30T13:00:00.000",
        "title": "End of Summer/Back to school Giveaways",
        "validation_state": "validated"
      },
      "type": "Feature"
    },
    {
      "geometry": {
        "coordinates": [
          [
            [
              -73.98314654836632,
              40.73883181236056
            ],
            [
              -73.98090534071387,
              40.73788616380475
            ]
          ]
        ],
        "type": "MultiLineString"
      },
      "id": "tvpp-9vvx|967280|2026-08-30T07:00:00",
      "properties": {
        "borough": "Manhattan",
        "certified_pin": false,
        "display_geometry_role": "route",
        "end_date_time": "2026-08-30T17:00:00.000",
        "endpoint_1_nearest_source_endpoint_m": 0.114,
        "endpoint_2_nearest_source_endpoint_m": 0.152,
        "endpoint_tolerance_m": 50.0,
        "exact_pin_eligible": false,
        "geometry_authority": "nyc_dcp_geosupport_plus_lion",
        "geometry_precision": "official_centerline",
        "geometry_sha256": "a0b30e050086221bf60ef28a4b771b3f7dbf263084e3da59b933ebf30bfbef4e",
        "location": "EAST   23 STREET between 2 AVENUE and 3 AVENUE",
        "occurrence_id": "tvpp-9vvx|967280|2026-08-30T07:00:00",
        "publication_allowed": true,
        "source_dataset": "tvpp-9vvx",
        "source_event_id": "967280",
        "source_geometry_dataset_id": "2v4z-66xt",
        "source_geometry_dataset_name": "NYC DCP LION",
        "source_segment_id": "0033173",
        "start_date_time": "2026-08-30T07:00:00.000",
        "title": "SCHOOL OF VISUAL ARTS STUDENT ORIENTATION DAY",
        "validation_state": "validated"
      },
      "type": "Feature"
    },
    {
      "geometry": {
        "coordinates": [
          [
            [
              -73.98594856738963,
              40.746535853767426
            ],
            [
              -73.98434466741762,
              40.745860870339456
            ]
          ]
        ],
        "type": "MultiLineString"
      },
      "id": "tvpp-9vvx|960774|2026-09-25T00:01:00",
      "properties": {
        "borough": "Manhattan",
        "certified_pin": false,
        "display_geometry_role": "route",
        "end_date_time": "2026-09-25T23:59:00.000",
        "endpoint_1_nearest_source_endpoint_m": 0.122,
        "endpoint_2_nearest_source_endpoint_m": 0.112,
        "endpoint_tolerance_m": 50.0,
        "exact_pin_eligible": false,
        "geometry_authority": "nyc_dcp_geosupport_plus_lion",
        "geometry_precision": "official_centerline",
        "geometry_sha256": "b83448394e8157de971c41e17557f757922921ef2a0a3af666509d5e9f325070",
        "location": "EAST   31 STREET between 5 AVENUE and MADISON AVENUE",
        "occurrence_id": "tvpp-9vvx|960774|2026-09-25T00:01:00",
        "publication_allowed": true,
        "source_dataset": "tvpp-9vvx",
        "source_event_id": "960774",
        "source_geometry_dataset_id": "2v4z-66xt",
        "source_geometry_dataset_name": "NYC DCP LION",
        "source_segment_id": "0034018",
        "start_date_time": "2026-09-25T00:01:00.000",
        "title": "Production Parking of Vehicles",
        "validation_state": "validated"
      },
      "type": "Feature"
    },
    {
      "geometry": {
        "coordinates": [
          [
            [
              -73.98594856738963,
              40.746535853767426
            ],
            [
              -73.98434466741762,
              40.745860870339456
            ]
          ]
        ],
        "type": "MultiLineString"
      },
      "id": "tvpp-9vvx|960774|2026-09-26T00:01:00",
      "properties": {
        "borough": "Manhattan",
        "certified_pin": false,
        "display_geometry_role": "route",
        "end_date_time": "2026-09-26T23:59:00.000",
        "endpoint_1_nearest_source_endpoint_m": 0.122,
        "endpoint_2_nearest_source_endpoint_m": 0.112,
        "endpoint_tolerance_m": 50.0,
        "exact_pin_eligible": false,
        "geometry_authority": "nyc_dcp_geosupport_plus_lion",
        "geometry_precision": "official_centerline",
        "geometry_sha256": "b83448394e8157de971c41e17557f757922921ef2a0a3af666509d5e9f325070",
        "location": "EAST   31 STREET between 5 AVENUE and MADISON AVENUE",
        "occurrence_id": "tvpp-9vvx|960774|2026-09-26T00:01:00",
        "publication_allowed": true,
        "source_dataset": "tvpp-9vvx",
        "source_event_id": "960774",
        "source_geometry_dataset_id": "2v4z-66xt",
        "source_geometry_dataset_name": "NYC DCP LION",
        "source_segment_id": "0034018",
        "start_date_time": "2026-09-26T00:01:00.000",
        "title": "Production Parking of Vehicles",
        "validation_state": "validated"
      },
      "type": "Feature"
    },
    {
      "geometry": {
        "coordinates": [
          [
            [
              -73.98594856738963,
              40.746535853767426
            ],
            [
              -73.98434466741762,
              40.745860870339456
            ]
          ]
        ],
        "type": "MultiLineString"
      },
      "id": "tvpp-9vvx|960774|2026-09-28T00:01:00",
      "properties": {
        "borough": "Manhattan",
        "certified_pin": false,
        "display_geometry_role": "route",
        "end_date_time": "2026-09-28T23:59:00.000",
        "endpoint_1_nearest_source_endpoint_m": 0.122,
        "endpoint_2_nearest_source_endpoint_m": 0.112,
        "endpoint_tolerance_m": 50.0,
        "exact_pin_eligible": false,
        "geometry_authority": "nyc_dcp_geosupport_plus_lion",
        "geometry_precision": "official_centerline",
        "geometry_sha256": "b83448394e8157de971c41e17557f757922921ef2a0a3af666509d5e9f325070",
        "location": "EAST   31 STREET between 5 AVENUE and MADISON AVENUE",
        "occurrence_id": "tvpp-9vvx|960774|2026-09-28T00:01:00",
        "publication_allowed": true,
        "source_dataset": "tvpp-9vvx",
        "source_event_id": "960774",
        "source_geometry_dataset_id": "2v4z-66xt",
        "source_geometry_dataset_name": "NYC DCP LION",
        "source_segment_id": "0034018",
        "start_date_time": "2026-09-28T00:01:00.000",
        "title": "Production Parking of Vehicles",
        "validation_state": "validated"
      },
      "type": "Feature"
    },
    {
      "geometry": {
        "coordinates": [
          [
            [
              -73.98594856738963,
              40.746535853767426
            ],
            [
              -73.98434466741762,
              40.745860870339456
            ]
          ]
        ],
        "type": "MultiLineString"
      },
      "id": "tvpp-9vvx|960774|2026-09-29T00:01:00",
      "properties": {
        "borough": "Manhattan",
        "certified_pin": false,
        "display_geometry_role": "route",
        "end_date_time": "2026-09-29T23:59:00.000",
        "endpoint_1_nearest_source_endpoint_m": 0.122,
        "endpoint_2_nearest_source_endpoint_m": 0.112,
        "endpoint_tolerance_m": 50.0,
        "exact_pin_eligible": false,
        "geometry_authority": "nyc_dcp_geosupport_plus_lion",
        "geometry_precision": "official_centerline",
        "geometry_sha256": "b83448394e8157de971c41e17557f757922921ef2a0a3af666509d5e9f325070",
        "location": "EAST   31 STREET between 5 AVENUE and MADISON AVENUE",
        "occurrence_id": "tvpp-9vvx|960774|2026-09-29T00:01:00",
        "publication_allowed": true,
        "source_dataset": "tvpp-9vvx",
        "source_event_id": "960774",
        "source_geometry_dataset_id": "2v4z-66xt",
        "source_geometry_dataset_name": "NYC DCP LION",
        "source_segment_id": "0034018",
        "start_date_time": "2026-09-29T00:01:00.000",
        "title": "Production Parking of Vehicles",
        "validation_state": "validated"
      },
      "type": "Feature"
    },
    {
      "geometry": {
        "coordinates": [
          [
            [
              -73.98594856738963,
              40.746535853767426
            ],
            [
              -73.98434466741762,
              40.745860870339456
            ]
          ]
        ],
        "type": "MultiLineString"
      },
      "id": "tvpp-9vvx|960774|2026-09-30T00:01:00",
      "properties": {
        "borough": "Manhattan",
        "certified_pin": false,
        "display_geometry_role": "route",
        "end_date_time": "2026-09-30T23:59:00.000",
        "endpoint_1_nearest_source_endpoint_m": 0.122,
        "endpoint_2_nearest_source_endpoint_m": 0.112,
        "endpoint_tolerance_m": 50.0,
        "exact_pin_eligible": false,
        "geometry_authority": "nyc_dcp_geosupport_plus_lion",
        "geometry_precision": "official_centerline",
        "geometry_sha256": "b83448394e8157de971c41e17557f757922921ef2a0a3af666509d5e9f325070",
        "location": "EAST   31 STREET between 5 AVENUE and MADISON AVENUE",
        "occurrence_id": "tvpp-9vvx|960774|2026-09-30T00:01:00",
        "publication_allowed": true,
        "source_dataset": "tvpp-9vvx",
        "source_event_id": "960774",
        "source_geometry_dataset_id": "2v4z-66xt",
        "source_geometry_dataset_name": "NYC DCP LION",
        "source_segment_id": "0034018",
        "start_date_time": "2026-09-30T00:01:00.000",
        "title": "Production Parking of Vehicles",
        "validation_state": "validated"
      },
      "type": "Feature"
    },
    {
      "geometry": {
        "coordinates": [
          [
            [
              -73.99155207579511,
              40.72709433675553
            ],
            [
              -73.98942914217291,
              40.72618746285994
            ]
          ]
        ],
        "type": "MultiLineString"
      },
      "id": "tvpp-9vvx|936849|2026-09-03T16:00:00",
      "properties": {
        "borough": "Manhattan",
        "certified_pin": false,
        "display_geometry_role": "route",
        "end_date_time": "2026-09-03T21:00:00.000",
        "endpoint_1_nearest_source_endpoint_m": 0.178,
        "endpoint_2_nearest_source_endpoint_m": 0.053,
        "endpoint_tolerance_m": 50.0,
        "exact_pin_eligible": false,
        "geometry_authority": "nyc_dcp_geosupport_plus_lion",
        "geometry_precision": "official_centerline",
        "geometry_sha256": "6ad88faebf13714797d236024cd0689c61f42e9bc6baafe1508dc2252cbcd909",
        "location": "EAST    4 STREET between BOWERY and SECOND AVENUE",
        "occurrence_id": "tvpp-9vvx|936849|2026-09-03T16:00:00",
        "publication_allowed": true,
        "source_dataset": "tvpp-9vvx",
        "source_event_id": "936849",
        "source_geometry_dataset_id": "2v4z-66xt",
        "source_geometry_dataset_name": "NYC DCP LION",
        "source_segment_id": "0032745",
        "start_date_time": "2026-09-03T16:00:00.000",
        "title": "East 4th Street Open Street",
        "validation_state": "validated"
      },
      "type": "Feature"
    },
    {
      "geometry": {
        "coordinates": [
          [
            [
              -73.99155207579511,
              40.72709433675553
            ],
            [
              -73.98942914217291,
              40.72618746285994
            ]
          ]
        ],
        "type": "MultiLineString"
      },
      "id": "tvpp-9vvx|936849|2026-09-10T16:00:00",
      "properties": {
        "borough": "Manhattan",
        "certified_pin": false,
        "display_geometry_role": "route",
        "end_date_time": "2026-09-10T21:00:00.000",
        "endpoint_1_nearest_source_endpoint_m": 0.178,
        "endpoint_2_nearest_source_endpoint_m": 0.053,
        "endpoint_tolerance_m": 50.0,
        "exact_pin_eligible": false,
        "geometry_authority": "nyc_dcp_geosupport_plus_lion",
        "geometry_precision": "official_centerline",
        "geometry_sha256": "6ad88faebf13714797d236024cd0689c61f42e9bc6baafe1508dc2252cbcd909",
        "location": "EAST    4 STREET between BOWERY and SECOND AVENUE",
        "occurrence_id": "tvpp-9vvx|936849|2026-09-10T16:00:00",
        "publication_allowed": true,
        "source_dataset": "tvpp-9vvx",
        "source_event_id": "936849",
        "source_geometry_dataset_id": "2v4z-66xt",
        "source_geometry_dataset_name": "NYC DCP LION",
        "source_segment_id": "0032745",
        "start_date_time": "2026-09-10T16:00:00.000",
        "title": "East 4th Street Open Street",
        "validation_state": "validated"
      },
      "type": "Feature"
    },
    {
      "geometry": {
        "coordinates": [
          [
            [
              -73.99155207579511,
              40.72709433675553
            ],
            [
              -73.98942914217291,
              40.72618746285994
            ]
          ]
        ],
        "type": "MultiLineString"
      },
      "id": "tvpp-9vvx|936849|2026-09-17T16:00:00",
      "properties": {
        "borough": "Manhattan",
        "certified_pin": false,
        "display_geometry_role": "route",
        "end_date_time": "2026-09-17T21:00:00.000",
        "endpoint_1_nearest_source_endpoint_m": 0.178,
        "endpoint_2_nearest_source_endpoint_m": 0.053,
        "endpoint_tolerance_m": 50.0,
        "exact_pin_eligible": false,
        "geometry_authority": "nyc_dcp_geosupport_plus_lion",
        "geometry_precision": "official_centerline",
        "geometry_sha256": "6ad88faebf13714797d236024cd0689c61f42e9bc6baafe1508dc2252cbcd909",
        "location": "EAST    4 STREET between BOWERY and SECOND AVENUE",
        "occurrence_id": "tvpp-9vvx|936849|2026-09-17T16:00:00",
        "publication_allowed": true,
        "source_dataset": "tvpp-9vvx",
        "source_event_id": "936849",
        "source_geometry_dataset_id": "2v4z-66xt",
        "source_geometry_dataset_name": "NYC DCP LION",
        "source_segment_id": "0032745",
        "start_date_time": "2026-09-17T16:00:00.000",
        "title": "East 4th Street Open Street",
        "validation_state": "validated"
      },
      "type": "Feature"
    },
    {
      "geometry": {
        "coordinates": [
          [
            [
              -73.99155207579511,
              40.72709433675553
            ],
            [
              -73.98942914217291,
              40.72618746285994
            ]
          ]
        ],
        "type": "MultiLineString"
      },
      "id": "tvpp-9vvx|936849|2026-09-24T16:00:00",
      "properties": {
        "borough": "Manhattan",
        "certified_pin": false,
        "display_geometry_role": "route",
        "end_date_time": "2026-09-24T21:00:00.000",
        "endpoint_1_nearest_source_endpoint_m": 0.178,
        "endpoint_2_nearest_source_endpoint_m": 0.053,
        "endpoint_tolerance_m": 50.0,
        "exact_pin_eligible": false,
        "geometry_authority": "nyc_dcp_geosupport_plus_lion",
        "geometry_precision": "official_centerline",
        "geometry_sha256": "6ad88faebf13714797d236024cd0689c61f42e9bc6baafe1508dc2252cbcd909",
        "location": "EAST    4 STREET between BOWERY and SECOND AVENUE",
        "occurrence_id": "tvpp-9vvx|936849|2026-09-24T16:00:00",
        "publication_allowed": true,
        "source_dataset": "tvpp-9vvx",
        "source_event_id": "936849",
        "source_geometry_dataset_id": "2v4z-66xt",
        "source_geometry_dataset_name": "NYC DCP LION",
        "source_segment_id": "0032745",
        "start_date_time": "2026-09-24T16:00:00.000",
        "title": "East 4th Street Open Street",
        "validation_state": "validated"
      },
      "type": "Feature"
    },
    {
      "geometry": {
        "coordinates": [
          [
            [
              -73.98182244331952,
              40.75219712697946
            ],
            [
              -73.98022089955893,
              40.75152197919308
            ]
          ]
        ],
        "type": "MultiLineString"
      },
      "id": "tvpp-9vvx|965184|2026-09-15T08:00:00",
      "properties": {
        "borough": "Manhattan",
        "certified_pin": false,
        "display_geometry_role": "route",
        "end_date_time": "2026-09-15T21:00:00.000",
        "endpoint_1_nearest_source_endpoint_m": 0.163,
        "endpoint_2_nearest_source_endpoint_m": 0.009,
        "endpoint_tolerance_m": 50.0,
        "exact_pin_eligible": false,
        "geometry_authority": "nyc_dcp_geosupport_plus_lion",
        "geometry_precision": "official_centerline",
        "geometry_sha256": "1490a213a88a4c00816e26707a03a3ee26cc08f65a6095f2e15fe304db5f54de",
        "location": "EAST   40 STREET between 5 AVENUE and MADISON AVENUE",
        "occurrence_id": "tvpp-9vvx|965184|2026-09-15T08:00:00",
        "publication_allowed": true,
        "source_dataset": "tvpp-9vvx",
        "source_event_id": "965184",
        "source_geometry_dataset_id": "2v4z-66xt",
        "source_geometry_dataset_name": "NYC DCP LION",
        "source_segment_id": "0034175",
        "start_date_time": "2026-09-15T08:00:00.000",
        "title": "Asics Athlete House",
        "validation_state": "validated"
      },
      "type": "Feature"
    },
    {
      "geometry": {
        "coordinates": [
          [
            [
              -73.97418937168251,
              40.75399351072345
            ],
            [
              -73.97258875051357,
              40.753317887754925
            ]
          ]
        ],
        "type": "MultiLineString"
      },
      "id": "tvpp-9vvx|966640|2026-09-06T09:00:00",
      "properties": {
        "borough": "Manhattan",
        "certified_pin": false,
        "display_geometry_role": "route",
        "end_date_time": "2026-09-06T22:00:00.000",
        "endpoint_1_nearest_source_endpoint_m": 0.063,
        "endpoint_2_nearest_source_endpoint_m": 0.192,
        "endpoint_tolerance_m": 50.0,
        "exact_pin_eligible": false,
        "geometry_authority": "nyc_dcp_geosupport_plus_lion",
        "geometry_precision": "official_centerline",
        "geometry_sha256": "58f815674f2c24e0ad74b19eeb82de2dca1931d16084a72c6b1b42139ffdf38c",
        "location": "EAST   46 STREET between LEXINGTON AVENUE and 3 AVENUE",
        "occurrence_id": "tvpp-9vvx|966640|2026-09-06T09:00:00",
        "publication_allowed": true,
        "source_dataset": "tvpp-9vvx",
        "source_event_id": "966640",
        "source_geometry_dataset_id": "2v4z-66xt",
        "source_geometry_dataset_name": "NYC DCP LION",
        "source_segment_id": "0035954",
        "start_date_time": "2026-09-06T09:00:00.000",
        "title": "Montauk Event Shuttle - E. 46th St.",
        "validation_state": "validated"
      },
      "type": "Feature"
    },
    {
      "geometry": {
        "coordinates": [
          [
            [
              -73.96847979607952,
              40.758950127479785
            ],
            [
              -73.96623906595417,
              40.758008239785504
            ]
          ]
        ],
        "type": "MultiLineString"
      },
      "id": "tvpp-9vvx|964741|2026-09-05T06:00:00",
      "properties": {
        "borough": "Manhattan",
        "certified_pin": false,
        "display_geometry_role": "route",
        "end_date_time": "2026-09-05T18:00:00.000",
        "endpoint_1_nearest_source_endpoint_m": 0.102,
        "endpoint_2_nearest_source_endpoint_m": 0.027,
        "endpoint_tolerance_m": 50.0,
        "exact_pin_eligible": false,
        "geometry_authority": "nyc_dcp_geosupport_plus_lion",
        "geometry_precision": "official_centerline",
        "geometry_sha256": "35b910fbcb66f3cd8953c2ebf1a5039d7a44c7c8c329a39824886566b4aa7ba4",
        "location": "EAST   55 STREET between 3 AVENUE and 2 AVENUE",
        "occurrence_id": "tvpp-9vvx|964741|2026-09-05T06:00:00",
        "publication_allowed": true,
        "source_dataset": "tvpp-9vvx",
        "source_event_id": "964741",
        "source_geometry_dataset_id": "2v4z-66xt",
        "source_geometry_dataset_name": "NYC DCP LION",
        "source_segment_id": "0036144",
        "start_date_time": "2026-09-05T06:00:00.000",
        "title": "Student Move In",
        "validation_state": "validated"
      },
      "type": "Feature"
    },
    {
      "geometry": {
        "coordinates": [
          [
            [
              -73.96847979607952,
              40.758950127479785
            ],
            [
              -73.96623906595417,
              40.758008239785504
            ]
          ]
        ],
        "type": "MultiLineString"
      },
      "id": "tvpp-9vvx|964741|2026-09-06T06:00:00",
      "properties": {
        "borough": "Manhattan",
        "certified_pin": false,
        "display_geometry_role": "route",
        "end_date_time": "2026-09-06T18:00:00.000",
        "endpoint_1_nearest_source_endpoint_m": 0.102,
        "endpoint_2_nearest_source_endpoint_m": 0.027,
        "endpoint_tolerance_m": 50.0,
        "exact_pin_eligible": false,
        "geometry_authority": "nyc_dcp_geosupport_plus_lion",
        "geometry_precision": "official_centerline",
        "geometry_sha256": "35b910fbcb66f3cd8953c2ebf1a5039d7a44c7c8c329a39824886566b4aa7ba4",
        "location": "EAST   55 STREET between 3 AVENUE and 2 AVENUE",
        "occurrence_id": "tvpp-9vvx|964741|2026-09-06T06:00:00",
        "publication_allowed": true,
        "source_dataset": "tvpp-9vvx",
        "source_event_id": "964741",
        "source_geometry_dataset_id": "2v4z-66xt",
        "source_geometry_dataset_name": "NYC DCP LION",
        "source_segment_id": "0036144",
        "start_date_time": "2026-09-06T06:00:00.000",
        "title": "Student Move In",
        "validation_state": "validated"
      },
      "type": "Feature"
    },
    {
      "geometry": {
        "coordinates": [
          [
            [
              -73.97491476220024,
              40.761667270142425
            ],
            [
              -73.97330886965338,
              40.76098886542688
            ]
          ]
        ],
        "type": "MultiLineString"
      },
      "id": "tvpp-9vvx|971652|2026-09-08T16:00:00",
      "properties": {
        "borough": "Manhattan",
        "certified_pin": false,
        "display_geometry_role": "route",
        "end_date_time": "2026-09-09T22:30:00.000",
        "endpoint_1_nearest_source_endpoint_m": 0.219,
        "endpoint_2_nearest_source_endpoint_m": 0.127,
        "endpoint_tolerance_m": 50.0,
        "exact_pin_eligible": false,
        "geometry_authority": "nyc_dcp_geosupport_plus_lion",
        "geometry_precision": "official_centerline",
        "geometry_sha256": "0d4ba1bb105b6db8ee2571ed8160a76885ed4cded6e38e479c82723e951315e9",
        "location": "EAST   55 STREET between 5 AVENUE and MADISON AVENUE",
        "occurrence_id": "tvpp-9vvx|971652|2026-09-08T16:00:00",
        "publication_allowed": true,
        "source_dataset": "tvpp-9vvx",
        "source_event_id": "971652",
        "source_geometry_dataset_id": "2v4z-66xt",
        "source_geometry_dataset_name": "NYC DCP LION",
        "source_segment_id": "0035997",
        "start_date_time": "2026-09-08T16:00:00.000",
        "title": "The Polo Bar",
        "validation_state": "validated"
      },
      "type": "Feature"
    },
    {
      "geometry": {
        "coordinates": [
          [
            [
              -73.97255352302133,
              40.764897731669066
            ],
            [
              -73.97095664996259,
              40.764215685666656
            ]
          ]
        ],
        "type": "MultiLineString"
      },
      "id": "tvpp-9vvx|966845|2026-09-10T17:00:00",
      "properties": {
        "borough": "Manhattan",
        "certified_pin": false,
        "display_geometry_role": "route",
        "end_date_time": "2026-09-10T22:00:00.000",
        "endpoint_1_nearest_source_endpoint_m": 0.148,
        "endpoint_2_nearest_source_endpoint_m": 0.137,
        "endpoint_tolerance_m": 50.0,
        "exact_pin_eligible": false,
        "geometry_authority": "nyc_dcp_geosupport_plus_lion",
        "geometry_precision": "official_centerline",
        "geometry_sha256": "3d3cf95084cb470ae528902d1045f494376d6ddbb0ff5c833c8d388760cc9763",
        "location": "EAST   60 STREET between 5 AVENUE and MADISON AVENUE",
        "occurrence_id": "tvpp-9vvx|966845|2026-09-10T17:00:00",
        "publication_allowed": true,
        "source_dataset": "tvpp-9vvx",
        "source_event_id": "966845",
        "source_geometry_dataset_id": "2v4z-66xt",
        "source_geometry_dataset_name": "NYC DCP LION",
        "source_segment_id": "0036027",
        "start_date_time": "2026-09-10T17:00:00.000",
        "title": "Moncler Private Shuttles - E. 60th St.",
        "validation_state": "validated"
      },
      "type": "Feature"
    },
    {
      "geometry": {
        "coordinates": [
          [
            [
              -73.99394456243554,
              40.71374403244977
            ],
            [
              -73.99414039135402,
              40.714268932099095
            ]
          ]
        ],
        "type": "MultiLineString"
      },
      "id": "tvpp-9vvx|951846|2026-09-26T10:00:00",
      "properties": {
        "borough": "Manhattan",
        "certified_pin": false,
        "display_geometry_role": "route",
        "end_date_time": "2026-09-26T16:00:00.000",
        "endpoint_1_nearest_source_endpoint_m": 0.136,
        "endpoint_2_nearest_source_endpoint_m": 0.118,
        "endpoint_tolerance_m": 50.0,
        "exact_pin_eligible": false,
        "geometry_authority": "nyc_dcp_geosupport_plus_lion",
        "geometry_precision": "official_centerline",
        "geometry_sha256": "3e4886572ae23b842de55171e0a56844070814480cb166eacfb3804509b93e37",
        "location": "FORSYTH STREET between DIVISION STREET and EAST BROADWAY",
        "occurrence_id": "tvpp-9vvx|951846|2026-09-26T10:00:00",
        "publication_allowed": true,
        "source_dataset": "tvpp-9vvx",
        "source_event_id": "951846",
        "source_geometry_dataset_id": "2v4z-66xt",
        "source_geometry_dataset_name": "NYC DCP LION",
        "source_segment_id": "0023969",
        "start_date_time": "2026-09-26T10:00:00.000",
        "title": "Fuzhou America Open Mics",
        "validation_state": "validated"
      },
      "type": "Feature"
    },
    {
      "geometry": {
        "coordinates": [
          [
            [
              -73.94227896597704,
              40.84215434248117
            ],
            [
              -73.94201345120587,
              40.84281049763539
            ]
          ]
        ],
        "type": "MultiLineString"
      },
      "id": "tvpp-9vvx|911525|2026-09-01T08:00:00",
      "properties": {
        "borough": "Manhattan",
        "certified_pin": false,
        "display_geometry_role": "route",
        "end_date_time": "2026-09-01T18:00:00.000",
        "endpoint_1_nearest_source_endpoint_m": 0.09,
        "endpoint_2_nearest_source_endpoint_m": 0.072,
        "endpoint_tolerance_m": 50.0,
        "exact_pin_eligible": false,
        "geometry_authority": "nyc_dcp_geosupport_plus_lion",
        "geometry_precision": "official_centerline",
        "geometry_sha256": "e94c69e5a6288edfd22b58e970a431549e08e9ae23fcba4791f762bdcd0ab3b2",
        "location": "FT WASHINGTON AVENUE between WEST  168 STREET and WEST  169 STREET",
        "occurrence_id": "tvpp-9vvx|911525|2026-09-01T08:00:00",
        "publication_allowed": true,
        "source_dataset": "tvpp-9vvx",
        "source_event_id": "911525",
        "source_geometry_dataset_id": "2v4z-66xt",
        "source_geometry_dataset_name": "NYC DCP LION",
        "source_segment_id": "0070721",
        "start_date_time": "2026-09-01T08:00:00.000",
        "title": "Ft Washington Greenmarket Tuesday",
        "validation_state": "validated"
      },
      "type": "Feature"
    },
    {
      "geometry": {
        "coordinates": [
          [
            [
              -73.94227896597704,
              40.84215434248117
            ],
            [
              -73.94201345120587,
              40.84281049763539
            ]
          ]
        ],
        "type": "MultiLineString"
      },
      "id": "tvpp-9vvx|911525|2026-09-08T08:00:00",
      "properties": {
        "borough": "Manhattan",
        "certified_pin": false,
        "display_geometry_role": "route",
        "end_date_time": "2026-09-08T18:00:00.000",
        "endpoint_1_nearest_source_endpoint_m": 0.09,
        "endpoint_2_nearest_source_endpoint_m": 0.072,
        "endpoint_tolerance_m": 50.0,
        "exact_pin_eligible": false,
        "geometry_authority": "nyc_dcp_geosupport_plus_lion",
        "geometry_precision": "official_centerline",
        "geometry_sha256": "e94c69e5a6288edfd22b58e970a431549e08e9ae23fcba4791f762bdcd0ab3b2",
        "location": "FT WASHINGTON AVENUE between WEST  168 STREET and WEST  169 STREET",
        "occurrence_id": "tvpp-9vvx|911525|2026-09-08T08:00:00",
        "publication_allowed": true,
        "source_dataset": "tvpp-9vvx",
        "source_event_id": "911525",
        "source_geometry_dataset_id": "2v4z-66xt",
        "source_geometry_dataset_name": "NYC DCP LION",
        "source_segment_id": "0070721",
        "start_date_time": "2026-09-08T08:00:00.000",
        "title": "Ft Washington Greenmarket Tuesday",
        "validation_state": "validated"
      },
      "type": "Feature"
    },
    {
      "geometry": {
        "coordinates": [
          [
            [
              -73.94227896597704,
              40.84215434248117
            ],
            [
              -73.94201345120587,
              40.84281049763539
            ]
          ]
        ],
        "type": "MultiLineString"
      },
      "id": "tvpp-9vvx|911525|2026-09-15T08:00:00",
      "properties": {
        "borough": "Manhattan",
        "certified_pin": false,
        "display_geometry_role": "route",
        "end_date_time": "2026-09-15T18:00:00.000",
        "endpoint_1_nearest_source_endpoint_m": 0.09,
        "endpoint_2_nearest_source_endpoint_m": 0.072,
        "endpoint_tolerance_m": 50.0,
        "exact_pin_eligible": false,
        "geometry_authority": "nyc_dcp_geosupport_plus_lion",
        "geometry_precision": "official_centerline",
        "geometry_sha256": "e94c69e5a6288edfd22b58e970a431549e08e9ae23fcba4791f762bdcd0ab3b2",
        "location": "FT WASHINGTON AVENUE between WEST  168 STREET and WEST  169 STREET",
        "occurrence_id": "tvpp-9vvx|911525|2026-09-15T08:00:00",
        "publication_allowed": true,
        "source_dataset": "tvpp-9vvx",
        "source_event_id": "911525",
        "source_geometry_dataset_id": "2v4z-66xt",
        "source_geometry_dataset_name": "NYC DCP LION",
        "source_segment_id": "0070721",
        "start_date_time": "2026-09-15T08:00:00.000",
        "title": "Ft Washington Greenmarket Tuesday",
        "validation_state": "validated"
      },
      "type": "Feature"
    },
    {
      "geometry": {
        "coordinates": [
          [
            [
              -73.94227896597704,
              40.84215434248117
            ],
            [
              -73.94201345120587,
              40.84281049763539
            ]
          ]
        ],
        "type": "MultiLineString"
      },
      "id": "tvpp-9vvx|911525|2026-09-22T08:00:00",
      "properties": {
        "borough": "Manhattan",
        "certified_pin": false,
        "display_geometry_role": "route",
        "end_date_time": "2026-09-22T18:00:00.000",
        "endpoint_1_nearest_source_endpoint_m": 0.09,
        "endpoint_2_nearest_source_endpoint_m": 0.072,
        "endpoint_tolerance_m": 50.0,
        "exact_pin_eligible": false,
        "geometry_authority": "nyc_dcp_geosupport_plus_lion",
        "geometry_precision": "official_centerline",
        "geometry_sha256": "e94c69e5a6288edfd22b58e970a431549e08e9ae23fcba4791f762bdcd0ab3b2",
        "location": "FT WASHINGTON AVENUE between WEST  168 STREET and WEST  169 STREET",
        "occurrence_id": "tvpp-9vvx|911525|2026-09-22T08:00:00",
        "publication_allowed": true,
        "source_dataset": "tvpp-9vvx",
        "source_event_id": "911525",
        "source_geometry_dataset_id": "2v4z-66xt",
        "source_geometry_dataset_name": "NYC DCP LION",
        "source_segment_id": "0070721",
        "start_date_time": "2026-09-22T08:00:00.000",
        "title": "Ft Washington Greenmarket Tuesday",
        "validation_state": "validated"
      },
      "type": "Feature"
    },
    {
      "geometry": {
        "coordinates": [
          [
            [
              -73.94227896597704,
              40.84215434248117
            ],
            [
              -73.94201345120587,
              40.84281049763539
            ]
          ]
        ],
        "type": "MultiLineString"
      },
      "id": "tvpp-9vvx|911525|2026-09-29T08:00:00",
      "properties": {
        "borough": "Manhattan",
        "certified_pin": false,
        "display_geometry_role": "route",
        "end_date_time": "2026-09-29T18:00:00.000",
        "endpoint_1_nearest_source_endpoint_m": 0.09,
        "endpoint_2_nearest_source_endpoint_m": 0.072,
        "endpoint_tolerance_m": 50.0,
        "exact_pin_eligible": false,
        "geometry_authority": "nyc_dcp_geosupport_plus_lion",
        "geometry_precision": "official_centerline",
        "geometry_sha256": "e94c69e5a6288edfd22b58e970a431549e08e9ae23fcba4791f762bdcd0ab3b2",
        "location": "FT WASHINGTON AVENUE between WEST  168 STREET and WEST  169 STREET",
        "occurrence_id": "tvpp-9vvx|911525|2026-09-29T08:00:00",
        "publication_allowed": true,
        "source_dataset": "tvpp-9vvx",
        "source_event_id": "911525",
        "source_geometry_dataset_id": "2v4z-66xt",
        "source_geometry_dataset_name": "NYC DCP LION",
        "source_segment_id": "0070721",
        "start_date_time": "2026-09-29T08:00:00.000",
        "title": "Ft Washington Greenmarket Tuesday",
        "validation_state": "validated"
      },
      "type": "Feature"
    },
    {
      "geometry": {
        "coordinates": [
          [
            [
              -73.99730315255077,
              40.71932384682105
            ],
            [
              -73.99647816627136,
              40.719048223234225
            ]
          ]
        ],
        "type": "MultiLineString"
      },
      "id": "tvpp-9vvx|965787|2026-09-02T08:00:00",
      "properties": {
        "borough": "Manhattan",
        "certified_pin": false,
        "display_geometry_role": "route",
        "end_date_time": "2026-09-05T22:00:00.000",
        "endpoint_1_nearest_source_endpoint_m": 0.161,
        "endpoint_2_nearest_source_endpoint_m": 0.075,
        "endpoint_tolerance_m": 50.0,
        "exact_pin_eligible": false,
        "geometry_authority": "nyc_dcp_geosupport_plus_lion",
        "geometry_precision": "official_centerline",
        "geometry_sha256": "dda6db5b4e17c1388b03cd7edcd3f636d28c73b623267d0cde88d4223a13746d",
        "location": "GRAND STREET between MULBERRY STREET and MOTT STREET",
        "occurrence_id": "tvpp-9vvx|965787|2026-09-02T08:00:00",
        "publication_allowed": true,
        "source_dataset": "tvpp-9vvx",
        "source_event_id": "965787",
        "source_geometry_dataset_id": "2v4z-66xt",
        "source_geometry_dataset_name": "NYC DCP LION",
        "source_segment_id": "0032349",
        "start_date_time": "2026-09-02T08:00:00.000",
        "title": "Monza In NYC",
        "validation_state": "validated"
      },
      "type": "Feature"
    },
    {
      "geometry": {
        "coordinates": [
          [
            [
              -74.00325955130702,
              40.720377095221636
            ],
            [
              -74.00220819591932,
              40.72162113823255
            ]
          ]
        ],
        "type": "MultiLineString"
      },
      "id": "tvpp-9vvx|969810|2026-09-04T15:00:00",
      "properties": {
        "borough": "Manhattan",
        "certified_pin": false,
        "display_geometry_role": "route",
        "end_date_time": "2026-09-06T20:00:00.000",
        "endpoint_1_nearest_source_endpoint_m": 0.172,
        "endpoint_2_nearest_source_endpoint_m": 0.208,
        "endpoint_tolerance_m": 50.0,
        "exact_pin_eligible": false,
        "geometry_authority": "nyc_dcp_geosupport_plus_lion",
        "geometry_precision": "official_centerline",
        "geometry_sha256": "43dd433c4e2d68981dada644834315259339f2ba9efb77943c227cfa2c22ccdd",
        "location": "GREENE STREET between CANAL STREET and GRAND STREET",
        "occurrence_id": "tvpp-9vvx|969810|2026-09-04T15:00:00",
        "publication_allowed": true,
        "source_dataset": "tvpp-9vvx",
        "source_event_id": "969810",
        "source_geometry_dataset_id": "2v4z-66xt",
        "source_geometry_dataset_name": "NYC DCP LION",
        "source_segment_id": "0032086",
        "start_date_time": "2026-09-04T15:00:00.000",
        "title": "North Six - 21 Greene St. production load-in",
        "validation_state": "validated"
      },
      "type": "Feature"
    },
    {
      "geometry": {
        "coordinates": [
          [
            [
              -74.00036756732567,
              40.723795240382145
            ],
            [
              -73.99934500936996,
              40.725007504674295
            ]
          ]
        ],
        "type": "MultiLineString"
      },
      "id": "tvpp-9vvx|967785|2026-09-12T11:00:00",
      "properties": {
        "borough": "Manhattan",
        "certified_pin": false,
        "display_geometry_role": "route",
        "end_date_time": "2026-09-12T16:00:00.000",
        "endpoint_1_nearest_source_endpoint_m": 0.178,
        "endpoint_2_nearest_source_endpoint_m": 0.092,
        "endpoint_tolerance_m": 50.0,
        "exact_pin_eligible": false,
        "geometry_authority": "nyc_dcp_geosupport_plus_lion",
        "geometry_precision": "official_centerline",
        "geometry_sha256": "c140c0acec8265c0ff81141e31e468bc9776549c62be0f4b7ce397b93d779f5c",
        "location": "GREENE STREET between PRINCE STREET and SPRING STREET",
        "occurrence_id": "tvpp-9vvx|967785|2026-09-12T11:00:00",
        "publication_allowed": true,
        "source_dataset": "tvpp-9vvx",
        "source_event_id": "967785",
        "source_geometry_dataset_id": "2v4z-66xt",
        "source_geometry_dataset_name": "NYC DCP LION",
        "source_segment_id": "0032356",
        "start_date_time": "2026-09-12T11:00:00.000",
        "title": "OSEA 30th Anniversary Activation - Greene St.",
        "validation_state": "validated"
      },
      "type": "Feature"
    },
    {
      "geometry": {
        "coordinates": [
          [
            [
              -73.99934500936996,
              40.725007504674295
            ],
            [
              -73.9984132761024,
              40.72610606270978
            ]
          ]
        ],
        "type": "MultiLineString"
      },
      "id": "tvpp-9vvx|969440|2026-09-10T10:00:00",
      "properties": {
        "borough": "Manhattan",
        "certified_pin": false,
        "display_geometry_role": "route",
        "end_date_time": "2026-09-13T20:00:00.000",
        "endpoint_1_nearest_source_endpoint_m": 8.13,
        "endpoint_2_nearest_source_endpoint_m": 0.178,
        "endpoint_tolerance_m": 50.0,
        "exact_pin_eligible": false,
        "geometry_authority": "nyc_dcp_geosupport_plus_lion",
        "geometry_precision": "official_centerline",
        "geometry_sha256": "4e1b5705665aacd8870e0626ab9dc2c496dfcfa2f055f645cd039e0aac7959ea",
        "location": "GREENE STREET between WEST HOUSTON STREET and PRINCE STREET",
        "occurrence_id": "tvpp-9vvx|969440|2026-09-10T10:00:00",
        "publication_allowed": true,
        "source_dataset": "tvpp-9vvx",
        "source_event_id": "969440",
        "source_geometry_dataset_id": "2v4z-66xt",
        "source_geometry_dataset_name": "NYC DCP LION",
        "source_segment_id": "0164230",
        "start_date_time": "2026-09-10T10:00:00.000",
        "title": "Clothing Brand Pop Up at 131 Greene St.",
        "validation_state": "validated"
      },
      "type": "Feature"
    },
    {
      "geometry": {
        "coordinates": [
          [
            [
              -73.92031958382975,
              40.86900013969947
            ],
            [
              -73.92089663014049,
              40.86987701940765
            ]
          ]
        ],
        "type": "MultiLineString"
      },
      "id": "tvpp-9vvx|898914|2026-09-05T06:00:00",
      "properties": {
        "borough": "Manhattan",
        "certified_pin": false,
        "display_geometry_role": "route",
        "end_date_time": "2026-09-05T17:00:00.000",
        "endpoint_1_nearest_source_endpoint_m": 0.053,
        "endpoint_2_nearest_source_endpoint_m": 0.108,
        "endpoint_tolerance_m": 50.0,
        "exact_pin_eligible": false,
        "geometry_authority": "nyc_dcp_geosupport_plus_lion",
        "geometry_precision": "official_centerline",
        "geometry_sha256": "033c0d95e2ca9260a9c6607dafee4c9f21a3589002c735b9171d6215f439baaa",
        "location": "ISHAM STREET between SEAMAN AVENUE and COOPER STREET",
        "occurrence_id": "tvpp-9vvx|898914|2026-09-05T06:00:00",
        "publication_allowed": true,
        "source_dataset": "tvpp-9vvx",
        "source_event_id": "898914",
        "source_geometry_dataset_id": "2v4z-66xt",
        "source_geometry_dataset_name": "NYC DCP LION",
        "source_segment_id": "0072757",
        "start_date_time": "2026-09-05T06:00:00.000",
        "title": "Inwood Greenmarket Saturday",
        "validation_state": "validated"
      },
      "type": "Feature"
    },
    {
      "geometry": {
        "coordinates": [
          [
            [
              -73.92031958382975,
              40.86900013969947
            ],
            [
              -73.92089663014049,
              40.86987701940765
            ]
          ]
        ],
        "type": "MultiLineString"
      },
      "id": "tvpp-9vvx|898914|2026-09-12T06:00:00",
      "properties": {
        "borough": "Manhattan",
        "certified_pin": false,
        "display_geometry_role": "route",
        "end_date_time": "2026-09-12T17:00:00.000",
        "endpoint_1_nearest_source_endpoint_m": 0.053,
        "endpoint_2_nearest_source_endpoint_m": 0.108,
        "endpoint_tolerance_m": 50.0,
        "exact_pin_eligible": false,
        "geometry_authority": "nyc_dcp_geosupport_plus_lion",
        "geometry_precision": "official_centerline",
        "geometry_sha256": "033c0d95e2ca9260a9c6607dafee4c9f21a3589002c735b9171d6215f439baaa",
        "location": "ISHAM STREET between SEAMAN AVENUE and COOPER STREET",
        "occurrence_id": "tvpp-9vvx|898914|2026-09-12T06:00:00",
        "publication_allowed": true,
        "source_dataset": "tvpp-9vvx",
        "source_event_id": "898914",
        "source_geometry_dataset_id": "2v4z-66xt",
        "source_geometry_dataset_name": "NYC DCP LION",
        "source_segment_id": "0072757",
        "start_date_time": "2026-09-12T06:00:00.000",
        "title": "Inwood Greenmarket Saturday",
        "validation_state": "validated"
      },
      "type": "Feature"
    },
    {
      "geometry": {
        "coordinates": [
          [
            [
              -73.92031958382975,
              40.86900013969947
            ],
            [
              -73.92089663014049,
              40.86987701940765
            ]
          ]
        ],
        "type": "MultiLineString"
      },
      "id": "tvpp-9vvx|898914|2026-09-19T06:00:00",
      "properties": {
        "borough": "Manhattan",
        "certified_pin": false,
        "display_geometry_role": "route",
        "end_date_time": "2026-09-19T17:00:00.000",
        "endpoint_1_nearest_source_endpoint_m": 0.053,
        "endpoint_2_nearest_source_endpoint_m": 0.108,
        "endpoint_tolerance_m": 50.0,
        "exact_pin_eligible": false,
        "geometry_authority": "nyc_dcp_geosupport_plus_lion",
        "geometry_precision": "official_centerline",
        "geometry_sha256": "033c0d95e2ca9260a9c6607dafee4c9f21a3589002c735b9171d6215f439baaa",
        "location": "ISHAM STREET between SEAMAN AVENUE and COOPER STREET",
        "occurrence_id": "tvpp-9vvx|898914|2026-09-19T06:00:00",
        "publication_allowed": true,
        "source_dataset": "tvpp-9vvx",
        "source_event_id": "898914",
        "source_geometry_dataset_id": "2v4z-66xt",
        "source_geometry_dataset_name": "NYC DCP LION",
        "source_segment_id": "0072757",
        "start_date_time": "2026-09-19T06:00:00.000",
        "title": "Inwood Greenmarket Saturday",
        "validation_state": "validated"
      },
      "type": "Feature"
    },
    {
      "geometry": {
        "coordinates": [
          [
            [
              -73.92031958382975,
              40.86900013969947
            ],
            [
              -73.92089663014049,
              40.86987701940765
            ]
          ]
        ],
        "type": "MultiLineString"
      },
      "id": "tvpp-9vvx|898914|2026-09-26T06:00:00",
      "properties": {
        "borough": "Manhattan",
        "certified_pin": false,
        "display_geometry_role": "route",
        "end_date_time": "2026-09-26T17:00:00.000",
        "endpoint_1_nearest_source_endpoint_m": 0.053,
        "endpoint_2_nearest_source_endpoint_m": 0.108,
        "endpoint_tolerance_m": 50.0,
        "exact_pin_eligible": false,
        "geometry_authority": "nyc_dcp_geosupport_plus_lion",
        "geometry_precision": "official_centerline",
        "geometry_sha256": "033c0d95e2ca9260a9c6607dafee4c9f21a3589002c735b9171d6215f439baaa",
        "location": "ISHAM STREET between SEAMAN AVENUE and COOPER STREET",
        "occurrence_id": "tvpp-9vvx|898914|2026-09-26T06:00:00",
        "publication_allowed": true,
        "source_dataset": "tvpp-9vvx",
        "source_event_id": "898914",
        "source_geometry_dataset_id": "2v4z-66xt",
        "source_geometry_dataset_name": "NYC DCP LION",
        "source_segment_id": "0072757",
        "start_date_time": "2026-09-26T06:00:00.000",
        "title": "Inwood Greenmarket Saturday",
        "validation_state": "validated"
      },
      "type": "Feature"
    },
    {
      "geometry": {
        "coordinates": [
          [
            [
              -73.94918716107657,
              40.80269954172275
            ],
            [
              -73.94872799204488,
              40.80333076816897
            ]
          ]
        ],
        "type": "MultiLineString"
      },
      "id": "tvpp-9vvx|930120|2026-09-05T08:00:00",
      "properties": {
        "borough": "Manhattan",
        "certified_pin": false,
        "display_geometry_role": "route",
        "end_date_time": "2026-09-05T15:00:00.000",
        "endpoint_1_nearest_source_endpoint_m": 0.115,
        "endpoint_2_nearest_source_endpoint_m": 0.119,
        "endpoint_tolerance_m": 50.0,
        "exact_pin_eligible": false,
        "geometry_authority": "nyc_dcp_geosupport_plus_lion",
        "geometry_precision": "official_centerline",
        "geometry_sha256": "7414454849bf1c3aa7cbc1e1a906be144d444882009cdd19834f8a907aeaaea6",
        "location": "LENOX AVENUE between WEST  117 STREET and WEST  118 STREET",
        "occurrence_id": "tvpp-9vvx|930120|2026-09-05T08:00:00",
        "publication_allowed": true,
        "source_dataset": "tvpp-9vvx",
        "source_event_id": "930120",
        "source_geometry_dataset_id": "2v4z-66xt",
        "source_geometry_dataset_name": "NYC DCP LION",
        "source_segment_id": "0038714",
        "start_date_time": "2026-09-05T08:00:00.000",
        "title": "HHFM Lenox Avenue Market",
        "validation_state": "validated"
      },
      "type": "Feature"
    },
    {
      "geometry": {
        "coordinates": [
          [
            [
              -73.94918716107657,
              40.80269954172275
            ],
            [
              -73.94872799204488,
              40.80333076816897
            ]
          ]
        ],
        "type": "MultiLineString"
      },
      "id": "tvpp-9vvx|930120|2026-09-12T08:00:00",
      "properties": {
        "borough": "Manhattan",
        "certified_pin": false,
        "display_geometry_role": "route",
        "end_date_time": "2026-09-12T15:00:00.000",
        "endpoint_1_nearest_source_endpoint_m": 0.115,
        "endpoint_2_nearest_source_endpoint_m": 0.119,
        "endpoint_tolerance_m": 50.0,
        "exact_pin_eligible": false,
        "geometry_authority": "nyc_dcp_geosupport_plus_lion",
        "geometry_precision": "official_centerline",
        "geometry_sha256": "7414454849bf1c3aa7cbc1e1a906be144d444882009cdd19834f8a907aeaaea6",
        "location": "LENOX AVENUE between WEST  117 STREET and WEST  118 STREET",
        "occurrence_id": "tvpp-9vvx|930120|2026-09-12T08:00:00",
        "publication_allowed": true,
        "source_dataset": "tvpp-9vvx",
        "source_event_id": "930120",
        "source_geometry_dataset_id": "2v4z-66xt",
        "source_geometry_dataset_name": "NYC DCP LION",
        "source_segment_id": "0038714",
        "start_date_time": "2026-09-12T08:00:00.000",
        "title": "HHFM Lenox Avenue Market",
        "validation_state": "validated"
      },
      "type": "Feature"
    },
    {
      "geometry": {
        "coordinates": [
          [
            [
              -73.94918716107657,
              40.80269954172275
            ],
            [
              -73.94872799204488,
              40.80333076816897
            ]
          ]
        ],
        "type": "MultiLineString"
      },
      "id": "tvpp-9vvx|930120|2026-09-19T08:00:00",
      "properties": {
        "borough": "Manhattan",
        "certified_pin": false,
        "display_geometry_role": "route",
        "end_date_time": "2026-09-19T15:00:00.000",
        "endpoint_1_nearest_source_endpoint_m": 0.115,
        "endpoint_2_nearest_source_endpoint_m": 0.119,
        "endpoint_tolerance_m": 50.0,
        "exact_pin_eligible": false,
        "geometry_authority": "nyc_dcp_geosupport_plus_lion",
        "geometry_precision": "official_centerline",
        "geometry_sha256": "7414454849bf1c3aa7cbc1e1a906be144d444882009cdd19834f8a907aeaaea6",
        "location": "LENOX AVENUE between WEST  117 STREET and WEST  118 STREET",
        "occurrence_id": "tvpp-9vvx|930120|2026-09-19T08:00:00",
        "publication_allowed": true,
        "source_dataset": "tvpp-9vvx",
        "source_event_id": "930120",
        "source_geometry_dataset_id": "2v4z-66xt",
        "source_geometry_dataset_name": "NYC DCP LION",
        "source_segment_id": "0038714",
        "start_date_time": "2026-09-19T08:00:00.000",
        "title": "HHFM Lenox Avenue Market",
        "validation_state": "validated"
      },
      "type": "Feature"
    },
    {
      "geometry": {
        "coordinates": [
          [
            [
              -73.94918716107657,
              40.80269954172275
            ],
            [
              -73.94872799204488,
              40.80333076816897
            ]
          ]
        ],
        "type": "MultiLineString"
      },
      "id": "tvpp-9vvx|930120|2026-09-26T08:00:00",
      "properties": {
        "borough": "Manhattan",
        "certified_pin": false,
        "display_geometry_role": "route",
        "end_date_time": "2026-09-26T15:00:00.000",
        "endpoint_1_nearest_source_endpoint_m": 0.115,
        "endpoint_2_nearest_source_endpoint_m": 0.119,
        "endpoint_tolerance_m": 50.0,
        "exact_pin_eligible": false,
        "geometry_authority": "nyc_dcp_geosupport_plus_lion",
        "geometry_precision": "official_centerline",
        "geometry_sha256": "7414454849bf1c3aa7cbc1e1a906be144d444882009cdd19834f8a907aeaaea6",
        "location": "LENOX AVENUE between WEST  117 STREET and WEST  118 STREET",
        "occurrence_id": "tvpp-9vvx|930120|2026-09-26T08:00:00",
        "publication_allowed": true,
        "source_dataset": "tvpp-9vvx",
        "source_event_id": "930120",
        "source_geometry_dataset_id": "2v4z-66xt",
        "source_geometry_dataset_name": "NYC DCP LION",
        "source_segment_id": "0038714",
        "start_date_time": "2026-09-26T08:00:00.000",
        "title": "HHFM Lenox Avenue Market",
        "validation_state": "validated"
      },
      "type": "Feature"
    },
    {
      "geometry": {
        "coordinates": [
          [
            [
              -73.94036884719844,
              40.814774310833855
            ],
            [
              -73.93990920584852,
              40.815402807916385
            ]
          ]
        ],
        "type": "MultiLineString"
      },
      "id": "tvpp-9vvx|914361|2026-09-04T08:00:00",
      "properties": {
        "borough": "Manhattan",
        "certified_pin": false,
        "display_geometry_role": "route",
        "end_date_time": "2026-09-04T15:00:00.000",
        "endpoint_1_nearest_source_endpoint_m": 0.078,
        "endpoint_2_nearest_source_endpoint_m": 0.07,
        "endpoint_tolerance_m": 50.0,
        "exact_pin_eligible": false,
        "geometry_authority": "nyc_dcp_geosupport_plus_lion",
        "geometry_precision": "official_centerline",
        "geometry_sha256": "f5560e62965bb86bfb564b12771c1b5e2cfc9f44beb5b12e26a1e8a39c971d55",
        "location": "LENOX AVENUE between WEST  136 STREET and WEST  137 STREET",
        "occurrence_id": "tvpp-9vvx|914361|2026-09-04T08:00:00",
        "publication_allowed": true,
        "source_dataset": "tvpp-9vvx",
        "source_event_id": "914361",
        "source_geometry_dataset_id": "2v4z-66xt",
        "source_geometry_dataset_name": "NYC DCP LION",
        "source_segment_id": "0069123",
        "start_date_time": "2026-09-04T08:00:00.000",
        "title": "HHFM Harlem Hospital Market",
        "validation_state": "validated"
      },
      "type": "Feature"
    },
    {
      "geometry": {
        "coordinates": [
          [
            [
              -73.94036884719844,
              40.814774310833855
            ],
            [
              -73.93990920584852,
              40.815402807916385
            ]
          ]
        ],
        "type": "MultiLineString"
      },
      "id": "tvpp-9vvx|914361|2026-09-11T08:00:00",
      "properties": {
        "borough": "Manhattan",
        "certified_pin": false,
        "display_geometry_role": "route",
        "end_date_time": "2026-09-11T15:00:00.000",
        "endpoint_1_nearest_source_endpoint_m": 0.078,
        "endpoint_2_nearest_source_endpoint_m": 0.07,
        "endpoint_tolerance_m": 50.0,
        "exact_pin_eligible": false,
        "geometry_authority": "nyc_dcp_geosupport_plus_lion",
        "geometry_precision": "official_centerline",
        "geometry_sha256": "f5560e62965bb86bfb564b12771c1b5e2cfc9f44beb5b12e26a1e8a39c971d55",
        "location": "LENOX AVENUE between WEST  136 STREET and WEST  137 STREET",
        "occurrence_id": "tvpp-9vvx|914361|2026-09-11T08:00:00",
        "publication_allowed": true,
        "source_dataset": "tvpp-9vvx",
        "source_event_id": "914361",
        "source_geometry_dataset_id": "2v4z-66xt",
        "source_geometry_dataset_name": "NYC DCP LION",
        "source_segment_id": "0069123",
        "start_date_time": "2026-09-11T08:00:00.000",
        "title": "HHFM Harlem Hospital Market",
        "validation_state": "validated"
      },
      "type": "Feature"
    },
    {
      "geometry": {
        "coordinates": [
          [
            [
              -73.94036884719844,
              40.814774310833855
            ],
            [
              -73.93990920584852,
              40.815402807916385
            ]
          ]
        ],
        "type": "MultiLineString"
      },
      "id": "tvpp-9vvx|914361|2026-09-18T08:00:00",
      "properties": {
        "borough": "Manhattan",
        "certified_pin": false,
        "display_geometry_role": "route",
        "end_date_time": "2026-09-18T15:00:00.000",
        "endpoint_1_nearest_source_endpoint_m": 0.078,
        "endpoint_2_nearest_source_endpoint_m": 0.07,
        "endpoint_tolerance_m": 50.0,
        "exact_pin_eligible": false,
        "geometry_authority": "nyc_dcp_geosupport_plus_lion",
        "geometry_precision": "official_centerline",
        "geometry_sha256": "f5560e62965bb86bfb564b12771c1b5e2cfc9f44beb5b12e26a1e8a39c971d55",
        "location": "LENOX AVENUE between WEST  136 STREET and WEST  137 STREET",
        "occurrence_id": "tvpp-9vvx|914361|2026-09-18T08:00:00",
        "publication_allowed": true,
        "source_dataset": "tvpp-9vvx",
        "source_event_id": "914361",
        "source_geometry_dataset_id": "2v4z-66xt",
        "source_geometry_dataset_name": "NYC DCP LION",
        "source_segment_id": "0069123",
        "start_date_time": "2026-09-18T08:00:00.000",
        "title": "HHFM Harlem Hospital Market",
        "validation_state": "validated"
      },
      "type": "Feature"
    },
    {
      "geometry": {
        "coordinates": [
          [
            [
              -73.94036884719844,
              40.814774310833855
            ],
            [
              -73.93990920584852,
              40.815402807916385
            ]
          ]
        ],
        "type": "MultiLineString"
      },
      "id": "tvpp-9vvx|914361|2026-09-25T08:00:00",
      "properties": {
        "borough": "Manhattan",
        "certified_pin": false,
        "display_geometry_role": "route",
        "end_date_time": "2026-09-25T15:00:00.000",
        "endpoint_1_nearest_source_endpoint_m": 0.078,
        "endpoint_2_nearest_source_endpoint_m": 0.07,
        "endpoint_tolerance_m": 50.0,
        "exact_pin_eligible": false,
        "geometry_authority": "nyc_dcp_geosupport_plus_lion",
        "geometry_precision": "official_centerline",
        "geometry_sha256": "f5560e62965bb86bfb564b12771c1b5e2cfc9f44beb5b12e26a1e8a39c971d55",
        "location": "LENOX AVENUE between WEST  136 STREET and WEST  137 STREET",
        "occurrence_id": "tvpp-9vvx|914361|2026-09-25T08:00:00",
        "publication_allowed": true,
        "source_dataset": "tvpp-9vvx",
        "source_event_id": "914361",
        "source_geometry_dataset_id": "2v4z-66xt",
        "source_geometry_dataset_name": "NYC DCP LION",
        "source_segment_id": "0069123",
        "start_date_time": "2026-09-25T08:00:00.000",
        "title": "HHFM Harlem Hospital Market",
        "validation_state": "validated"
      },
      "type": "Feature"
    },
    {
      "geometry": {
        "coordinates": [
          [
            [
              -74.0068568211634,
              40.73022823613122
            ],
            [
              -74.0082008815088,
              40.73035036507504
            ]
          ]
        ],
        "type": "MultiLineString"
      },
      "id": "tvpp-9vvx|915874|2026-09-26T11:00:00",
      "properties": {
        "borough": "Manhattan",
        "certified_pin": false,
        "display_geometry_role": "route",
        "end_date_time": "2026-09-26T19:00:00.000",
        "endpoint_1_nearest_source_endpoint_m": 0.206,
        "endpoint_2_nearest_source_endpoint_m": 0.071,
        "endpoint_tolerance_m": 50.0,
        "exact_pin_eligible": false,
        "geometry_authority": "nyc_dcp_geosupport_plus_lion",
        "geometry_precision": "official_centerline",
        "geometry_sha256": "f96bfdbdc2bde996c0902a84a5c167ea41ad41b54e8caf815026684583e68952",
        "location": "LEROY STREET between HUDSON STREET and GREENWICH STREET",
        "occurrence_id": "tvpp-9vvx|915874|2026-09-26T11:00:00",
        "publication_allowed": true,
        "source_dataset": "tvpp-9vvx",
        "source_event_id": "915874",
        "source_geometry_dataset_id": "2v4z-66xt",
        "source_geometry_dataset_name": "NYC DCP LION",
        "source_segment_id": "0031934",
        "start_date_time": "2026-09-26T11:00:00.000",
        "title": "Neighborhood Block Party",
        "validation_state": "validated"
      },
      "type": "Feature"
    },
    {
      "geometry": {
        "coordinates": [
          [
            [
              -73.97281967431292,
              40.75587055142832
            ],
            [
              -73.97236275999583,
              40.75649772574993
            ]
          ]
        ],
        "type": "MultiLineString"
      },
      "id": "tvpp-9vvx|970779|2026-09-03T00:01:00",
      "properties": {
        "borough": "Manhattan",
        "certified_pin": false,
        "display_geometry_role": "route",
        "end_date_time": "2026-09-03T23:30:00.000",
        "endpoint_1_nearest_source_endpoint_m": 0.122,
        "endpoint_2_nearest_source_endpoint_m": 0.103,
        "endpoint_tolerance_m": 50.0,
        "exact_pin_eligible": false,
        "geometry_authority": "nyc_dcp_geosupport_plus_lion",
        "geometry_precision": "official_centerline",
        "geometry_sha256": "f27536b445cfa6b7d8ff196526b1c131cfcf89077cf5cade94875590149a91fc",
        "location": "LEXINGTON AVENUE between EAST   49 STREET and EAST   50 STREET",
        "occurrence_id": "tvpp-9vvx|970779|2026-09-03T00:01:00",
        "publication_allowed": true,
        "source_dataset": "tvpp-9vvx",
        "source_event_id": "970779",
        "source_geometry_dataset_id": "2v4z-66xt",
        "source_geometry_dataset_name": "NYC DCP LION",
        "source_segment_id": "0035975",
        "start_date_time": "2026-09-03T00:01:00.000",
        "title": "WALDORF WEDDING",
        "validation_state": "validated"
      },
      "type": "Feature"
    },
    {
      "geometry": {
        "coordinates": [
          [
            [
              -73.95321006394671,
              40.78853293261615
            ],
            [
              -73.95274231936492,
              40.78916861225198
            ]
          ]
        ],
        "type": "MultiLineString"
      },
      "id": "tvpp-9vvx|911512|2026-09-02T08:00:00",
      "properties": {
        "borough": "Manhattan",
        "certified_pin": false,
        "display_geometry_role": "route",
        "end_date_time": "2026-09-02T17:00:00.000",
        "endpoint_1_nearest_source_endpoint_m": 0.09,
        "endpoint_2_nearest_source_endpoint_m": 0.072,
        "endpoint_tolerance_m": 50.0,
        "exact_pin_eligible": false,
        "geometry_authority": "nyc_dcp_geosupport_plus_lion",
        "geometry_precision": "official_centerline",
        "geometry_sha256": "f85e22baa66c213f1a22ea713ac77cdd05cde73088f6c64c558a0f7af5586c42",
        "location": "MADISON AVENUE between EAST   98 STREET and EAST   99 STREET",
        "occurrence_id": "tvpp-9vvx|911512|2026-09-02T08:00:00",
        "publication_allowed": true,
        "source_dataset": "tvpp-9vvx",
        "source_event_id": "911512",
        "source_geometry_dataset_id": "2v4z-66xt",
        "source_geometry_dataset_name": "NYC DCP LION",
        "source_segment_id": "0037803",
        "start_date_time": "2026-09-02T08:00:00.000",
        "title": "Mount Sinai Greenmarket Wednesday",
        "validation_state": "validated"
      },
      "type": "Feature"
    },
    {
      "geometry": {
        "coordinates": [
          [
            [
              -73.95321006394671,
              40.78853293261615
            ],
            [
              -73.95274231936492,
              40.78916861225198
            ]
          ]
        ],
        "type": "MultiLineString"
      },
      "id": "tvpp-9vvx|911512|2026-09-09T08:00:00",
      "properties": {
        "borough": "Manhattan",
        "certified_pin": false,
        "display_geometry_role": "route",
        "end_date_time": "2026-09-09T17:00:00.000",
        "endpoint_1_nearest_source_endpoint_m": 0.09,
        "endpoint_2_nearest_source_endpoint_m": 0.072,
        "endpoint_tolerance_m": 50.0,
        "exact_pin_eligible": false,
        "geometry_authority": "nyc_dcp_geosupport_plus_lion",
        "geometry_precision": "official_centerline",
        "geometry_sha256": "f85e22baa66c213f1a22ea713ac77cdd05cde73088f6c64c558a0f7af5586c42",
        "location": "MADISON AVENUE between EAST   98 STREET and EAST   99 STREET",
        "occurrence_id": "tvpp-9vvx|911512|2026-09-09T08:00:00",
        "publication_allowed": true,
        "source_dataset": "tvpp-9vvx",
        "source_event_id": "911512",
        "source_geometry_dataset_id": "2v4z-66xt",
        "source_geometry_dataset_name": "NYC DCP LION",
        "source_segment_id": "0037803",
        "start_date_time": "2026-09-09T08:00:00.000",
        "title": "Mount Sinai Greenmarket Wednesday",
        "validation_state": "validated"
      },
      "type": "Feature"
    },
    {
      "geometry": {
        "coordinates": [
          [
            [
              -73.95321006394671,
              40.78853293261615
            ],
            [
              -73.95274231936492,
              40.78916861225198
            ]
          ]
        ],
        "type": "MultiLineString"
      },
      "id": "tvpp-9vvx|911512|2026-09-16T08:00:00",
      "properties": {
        "borough": "Manhattan",
        "certified_pin": false,
        "display_geometry_role": "route",
        "end_date_time": "2026-09-16T17:00:00.000",
        "endpoint_1_nearest_source_endpoint_m": 0.09,
        "endpoint_2_nearest_source_endpoint_m": 0.072,
        "endpoint_tolerance_m": 50.0,
        "exact_pin_eligible": false,
        "geometry_authority": "nyc_dcp_geosupport_plus_lion",
        "geometry_precision": "official_centerline",
        "geometry_sha256": "f85e22baa66c213f1a22ea713ac77cdd05cde73088f6c64c558a0f7af5586c42",
        "location": "MADISON AVENUE between EAST   98 STREET and EAST   99 STREET",
        "occurrence_id": "tvpp-9vvx|911512|2026-09-16T08:00:00",
        "publication_allowed": true,
        "source_dataset": "tvpp-9vvx",
        "source_event_id": "911512",
        "source_geometry_dataset_id": "2v4z-66xt",
        "source_geometry_dataset_name": "NYC DCP LION",
        "source_segment_id": "0037803",
        "start_date_time": "2026-09-16T08:00:00.000",
        "title": "Mount Sinai Greenmarket Wednesday",
        "validation_state": "validated"
      },
      "type": "Feature"
    },
    {
      "geometry": {
        "coordinates": [
          [
            [
              -73.95321006394671,
              40.78853293261615
            ],
            [
              -73.95274231936492,
              40.78916861225198
            ]
          ]
        ],
        "type": "MultiLineString"
      },
      "id": "tvpp-9vvx|911512|2026-09-23T08:00:00",
      "properties": {
        "borough": "Manhattan",
        "certified_pin": false,
        "display_geometry_role": "route",
        "end_date_time": "2026-09-23T17:00:00.000",
        "endpoint_1_nearest_source_endpoint_m": 0.09,
        "endpoint_2_nearest_source_endpoint_m": 0.072,
        "endpoint_tolerance_m": 50.0,
        "exact_pin_eligible": false,
        "geometry_authority": "nyc_dcp_geosupport_plus_lion",
        "geometry_precision": "official_centerline",
        "geometry_sha256": "f85e22baa66c213f1a22ea713ac77cdd05cde73088f6c64c558a0f7af5586c42",
        "location": "MADISON AVENUE between EAST   98 STREET and EAST   99 STREET",
        "occurrence_id": "tvpp-9vvx|911512|2026-09-23T08:00:00",
        "publication_allowed": true,
        "source_dataset": "tvpp-9vvx",
        "source_event_id": "911512",
        "source_geometry_dataset_id": "2v4z-66xt",
        "source_geometry_dataset_name": "NYC DCP LION",
        "source_segment_id": "0037803",
        "start_date_time": "2026-09-23T08:00:00.000",
        "title": "Mount Sinai Greenmarket Wednesday",
        "validation_state": "validated"
      },
      "type": "Feature"
    },
    {
      "geometry": {
        "coordinates": [
          [
            [
              -74.01510283488037,
              40.706459436635605
            ],
            [
              -74.01594492349203,
              40.70667641278035
            ]
          ]
        ],
        "type": "MultiLineString"
      },
      "id": "tvpp-9vvx|961907|2026-09-11T19:00:00",
      "properties": {
        "borough": "Manhattan",
        "certified_pin": false,
        "display_geometry_role": "route",
        "end_date_time": "2026-09-12T07:00:00.000",
        "endpoint_1_nearest_source_endpoint_m": 9.028,
        "endpoint_2_nearest_source_endpoint_m": 0.094,
        "endpoint_tolerance_m": 50.0,
        "exact_pin_eligible": false,
        "geometry_authority": "nyc_dcp_geosupport_plus_lion",
        "geometry_precision": "official_centerline",
        "geometry_sha256": "6097860f0d15f09a1398af5bc0d1e02ae54c0d07813b5d358e75eb81c36b6ceb",
        "location": "MORRIS STREET between WEST STREET and WASHINGTON STREET",
        "occurrence_id": "tvpp-9vvx|961907|2026-09-11T19:00:00",
        "publication_allowed": true,
        "source_dataset": "tvpp-9vvx",
        "source_event_id": "961907",
        "source_geometry_dataset_id": "2v4z-66xt",
        "source_geometry_dataset_name": "NYC DCP LION",
        "source_segment_id": "0162302",
        "start_date_time": "2026-09-11T19:00:00.000",
        "title": "911 Commemorative Tribute in Light",
        "validation_state": "validated"
      },
      "type": "Feature"
    },
    {
      "geometry": {
        "coordinates": [
          [
            [
              -73.99959267181126,
              40.71445106476531
            ],
            [
              -73.99879508113267,
              40.71450187459266
            ]
          ]
        ],
        "type": "MultiLineString"
      },
      "id": "tvpp-9vvx|922533|2026-08-30T16:30:00",
      "properties": {
        "borough": "Manhattan",
        "certified_pin": false,
        "display_geometry_role": "route",
        "end_date_time": "2026-08-30T20:30:00.000",
        "endpoint_1_nearest_source_endpoint_m": 0.125,
        "endpoint_2_nearest_source_endpoint_m": 0.057,
        "endpoint_tolerance_m": 50.0,
        "exact_pin_eligible": false,
        "geometry_authority": "nyc_dcp_geosupport_plus_lion",
        "geometry_precision": "official_centerline",
        "geometry_sha256": "42e24ead377fd496ac0edddd15a9082a5378a4969efdf70562baad9bdf0c62b1",
        "location": "MOSCO STREET between MOTT STREET and MULBERRY STREET",
        "occurrence_id": "tvpp-9vvx|922533|2026-08-30T16:30:00",
        "publication_allowed": true,
        "source_dataset": "tvpp-9vvx",
        "source_event_id": "922533",
        "source_geometry_dataset_id": "2v4z-66xt",
        "source_geometry_dataset_name": "NYC DCP LION",
        "source_segment_id": "0023774",
        "start_date_time": "2026-08-30T16:30:00.000",
        "title": "Chinatown Block Party",
        "validation_state": "validated"
      },
      "type": "Feature"
    },
    {
      "geometry": {
        "coordinates": [
          [
            [
              -73.97025814723841,
              40.76228875272523
            ],
            [
              -73.9698002890269,
              40.762913511673005
            ]
          ]
        ],
        "type": "MultiLineString"
      },
      "id": "tvpp-9vvx|968153|2026-09-11T08:30:00",
      "properties": {
        "borough": "Manhattan",
        "certified_pin": false,
        "display_geometry_role": "route",
        "end_date_time": "2026-09-11T17:00:00.000",
        "endpoint_1_nearest_source_endpoint_m": 0.11,
        "endpoint_2_nearest_source_endpoint_m": 0.062,
        "endpoint_tolerance_m": 50.0,
        "exact_pin_eligible": false,
        "geometry_authority": "nyc_dcp_geosupport_plus_lion",
        "geometry_precision": "official_centerline",
        "geometry_sha256": "e632a0060fad1d95c21ad139590d0a21f62fcad0a1217a98430dce996490a4e9",
        "location": "PARK AVENUE between EAST   58 STREET and EAST   59 STREET",
        "occurrence_id": "tvpp-9vvx|968153|2026-09-11T08:30:00",
        "publication_allowed": true,
        "source_dataset": "tvpp-9vvx",
        "source_event_id": "968153",
        "source_geometry_dataset_id": "2v4z-66xt",
        "source_geometry_dataset_name": "NYC DCP LION",
        "source_segment_id": "0036167",
        "start_date_time": "2026-09-11T08:30:00.000",
        "title": "cantor fitzgerald charity day",
        "validation_state": "validated"
      },
      "type": "Feature"
    },
    {
      "geometry": {
        "coordinates": [
          [
            [
              -73.99490868089507,
              40.723035909129635
            ],
            [
              -73.9957047899888,
              40.72336602371561
            ]
          ]
        ],
        "type": "MultiLineString"
      },
      "id": "tvpp-9vvx|909426|2026-08-30T08:00:00",
      "properties": {
        "borough": "Manhattan",
        "certified_pin": false,
        "display_geometry_role": "route",
        "end_date_time": "2026-08-30T20:00:00.000",
        "endpoint_1_nearest_source_endpoint_m": 0.189,
        "endpoint_2_nearest_source_endpoint_m": 0.112,
        "endpoint_tolerance_m": 50.0,
        "exact_pin_eligible": false,
        "geometry_authority": "nyc_dcp_geosupport_plus_lion",
        "geometry_precision": "official_centerline",
        "geometry_sha256": "242bd136e2bcfacc616d63e3e0a8ebaea9d02f67db56e0883de5dc46f6176094",
        "location": "PRINCE STREET between MULBERRY STREET and MOTT STREET",
        "occurrence_id": "tvpp-9vvx|909426|2026-08-30T08:00:00",
        "publication_allowed": true,
        "source_dataset": "tvpp-9vvx",
        "source_event_id": "909426",
        "source_geometry_dataset_id": "2v4z-66xt",
        "source_geometry_dataset_name": "NYC DCP LION",
        "source_segment_id": "0032526",
        "start_date_time": "2026-08-30T08:00:00.000",
        "title": "Old Cathedral Outdoor Market",
        "validation_state": "validated"
      },
      "type": "Feature"
    },
    {
      "geometry": {
        "coordinates": [
          [
            [
              -73.99490868089507,
              40.723035909129635
            ],
            [
              -73.9957047899888,
              40.72336602371561
            ]
          ]
        ],
        "type": "MultiLineString"
      },
      "id": "tvpp-9vvx|909426|2026-09-04T08:00:00",
      "properties": {
        "borough": "Manhattan",
        "certified_pin": false,
        "display_geometry_role": "route",
        "end_date_time": "2026-09-04T20:00:00.000",
        "endpoint_1_nearest_source_endpoint_m": 0.189,
        "endpoint_2_nearest_source_endpoint_m": 0.112,
        "endpoint_tolerance_m": 50.0,
        "exact_pin_eligible": false,
        "geometry_authority": "nyc_dcp_geosupport_plus_lion",
        "geometry_precision": "official_centerline",
        "geometry_sha256": "242bd136e2bcfacc616d63e3e0a8ebaea9d02f67db56e0883de5dc46f6176094",
        "location": "PRINCE STREET between MULBERRY STREET and MOTT STREET",
        "occurrence_id": "tvpp-9vvx|909426|2026-09-04T08:00:00",
        "publication_allowed": true,
        "source_dataset": "tvpp-9vvx",
        "source_event_id": "909426",
        "source_geometry_dataset_id": "2v4z-66xt",
        "source_geometry_dataset_name": "NYC DCP LION",
        "source_segment_id": "0032526",
        "start_date_time": "2026-09-04T08:00:00.000",
        "title": "Old Cathedral Outdoor Market",
        "validation_state": "validated"
      },
      "type": "Feature"
    },
    {
      "geometry": {
        "coordinates": [
          [
            [
              -73.99490868089507,
              40.723035909129635
            ],
            [
              -73.9957047899888,
              40.72336602371561
            ]
          ]
        ],
        "type": "MultiLineString"
      },
      "id": "tvpp-9vvx|909426|2026-09-05T08:00:00",
      "properties": {
        "borough": "Manhattan",
        "certified_pin": false,
        "display_geometry_role": "route",
        "end_date_time": "2026-09-05T20:00:00.000",
        "endpoint_1_nearest_source_endpoint_m": 0.189,
        "endpoint_2_nearest_source_endpoint_m": 0.112,
        "endpoint_tolerance_m": 50.0,
        "exact_pin_eligible": false,
        "geometry_authority": "nyc_dcp_geosupport_plus_lion",
        "geometry_precision": "official_centerline",
        "geometry_sha256": "242bd136e2bcfacc616d63e3e0a8ebaea9d02f67db56e0883de5dc46f6176094",
        "location": "PRINCE STREET between MULBERRY STREET and MOTT STREET",
        "occurrence_id": "tvpp-9vvx|909426|2026-09-05T08:00:00",
        "publication_allowed": true,
        "source_dataset": "tvpp-9vvx",
        "source_event_id": "909426",
        "source_geometry_dataset_id": "2v4z-66xt",
        "source_geometry_dataset_name": "NYC DCP LION",
        "source_segment_id": "0032526",
        "start_date_time": "2026-09-05T08:00:00.000",
        "title": "Old Cathedral Outdoor Market",
        "validation_state": "validated"
      },
      "type": "Feature"
    },
    {
      "geometry": {
        "coordinates": [
          [
            [
              -73.99490868089507,
              40.723035909129635
            ],
            [
              -73.9957047899888,
              40.72336602371561
            ]
          ]
        ],
        "type": "MultiLineString"
      },
      "id": "tvpp-9vvx|909426|2026-09-06T08:00:00",
      "properties": {
        "borough": "Manhattan",
        "certified_pin": false,
        "display_geometry_role": "route",
        "end_date_time": "2026-09-06T20:00:00.000",
        "endpoint_1_nearest_source_endpoint_m": 0.189,
        "endpoint_2_nearest_source_endpoint_m": 0.112,
        "endpoint_tolerance_m": 50.0,
        "exact_pin_eligible": false,
        "geometry_authority": "nyc_dcp_geosupport_plus_lion",
        "geometry_precision": "official_centerline",
        "geometry_sha256": "242bd136e2bcfacc616d63e3e0a8ebaea9d02f67db56e0883de5dc46f6176094",
        "location": "PRINCE STREET between MULBERRY STREET and MOTT STREET",
        "occurrence_id": "tvpp-9vvx|909426|2026-09-06T08:00:00",
        "publication_allowed": true,
        "source_dataset": "tvpp-9vvx",
        "source_event_id": "909426",
        "source_geometry_dataset_id": "2v4z-66xt",
        "source_geometry_dataset_name": "NYC DCP LION",
        "source_segment_id": "0032526",
        "start_date_time": "2026-09-06T08:00:00.000",
        "title": "Old Cathedral Outdoor Market",
        "validation_state": "validated"
      },
      "type": "Feature"
    },
    {
      "geometry": {
        "coordinates": [
          [
            [
              -73.99490868089507,
              40.723035909129635
            ],
            [
              -73.9957047899888,
              40.72336602371561
            ]
          ]
        ],
        "type": "MultiLineString"
      },
      "id": "tvpp-9vvx|909426|2026-09-11T08:00:00",
      "properties": {
        "borough": "Manhattan",
        "certified_pin": false,
        "display_geometry_role": "route",
        "end_date_time": "2026-09-11T20:00:00.000",
        "endpoint_1_nearest_source_endpoint_m": 0.189,
        "endpoint_2_nearest_source_endpoint_m": 0.112,
        "endpoint_tolerance_m": 50.0,
        "exact_pin_eligible": false,
        "geometry_authority": "nyc_dcp_geosupport_plus_lion",
        "geometry_precision": "official_centerline",
        "geometry_sha256": "242bd136e2bcfacc616d63e3e0a8ebaea9d02f67db56e0883de5dc46f6176094",
        "location": "PRINCE STREET between MULBERRY STREET and MOTT STREET",
        "occurrence_id": "tvpp-9vvx|909426|2026-09-11T08:00:00",
        "publication_allowed": true,
        "source_dataset": "tvpp-9vvx",
        "source_event_id": "909426",
        "source_geometry_dataset_id": "2v4z-66xt",
        "source_geometry_dataset_name": "NYC DCP LION",
        "source_segment_id": "0032526",
        "start_date_time": "2026-09-11T08:00:00.000",
        "title": "Old Cathedral Outdoor Market",
        "validation_state": "validated"
      },
      "type": "Feature"
    },
    {
      "geometry": {
        "coordinates": [
          [
            [
              -73.99490868089507,
              40.723035909129635
            ],
            [
              -73.9957047899888,
              40.72336602371561
            ]
          ]
        ],
        "type": "MultiLineString"
      },
      "id": "tvpp-9vvx|909426|2026-09-12T08:00:00",
      "properties": {
        "borough": "Manhattan",
        "certified_pin": false,
        "display_geometry_role": "route",
        "end_date_time": "2026-09-12T20:00:00.000",
        "endpoint_1_nearest_source_endpoint_m": 0.189,
        "endpoint_2_nearest_source_endpoint_m": 0.112,
        "endpoint_tolerance_m": 50.0,
        "exact_pin_eligible": false,
        "geometry_authority": "nyc_dcp_geosupport_plus_lion",
        "geometry_precision": "official_centerline",
        "geometry_sha256": "242bd136e2bcfacc616d63e3e0a8ebaea9d02f67db56e0883de5dc46f6176094",
        "location": "PRINCE STREET between MULBERRY STREET and MOTT STREET",
        "occurrence_id": "tvpp-9vvx|909426|2026-09-12T08:00:00",
        "publication_allowed": true,
        "source_dataset": "tvpp-9vvx",
        "source_event_id": "909426",
        "source_geometry_dataset_id": "2v4z-66xt",
        "source_geometry_dataset_name": "NYC DCP LION",
        "source_segment_id": "0032526",
        "start_date_time": "2026-09-12T08:00:00.000",
        "title": "Old Cathedral Outdoor Market",
        "validation_state": "validated"
      },
      "type": "Feature"
    },
    {
      "geometry": {
        "coordinates": [
          [
            [
              -73.99490868089507,
              40.723035909129635
            ],
            [
              -73.9957047899888,
              40.72336602371561
            ]
          ]
        ],
        "type": "MultiLineString"
      },
      "id": "tvpp-9vvx|909426|2026-09-13T08:00:00",
      "properties": {
        "borough": "Manhattan",
        "certified_pin": false,
        "display_geometry_role": "route",
        "end_date_time": "2026-09-13T20:00:00.000",
        "endpoint_1_nearest_source_endpoint_m": 0.189,
        "endpoint_2_nearest_source_endpoint_m": 0.112,
        "endpoint_tolerance_m": 50.0,
        "exact_pin_eligible": false,
        "geometry_authority": "nyc_dcp_geosupport_plus_lion",
        "geometry_precision": "official_centerline",
        "geometry_sha256": "242bd136e2bcfacc616d63e3e0a8ebaea9d02f67db56e0883de5dc46f6176094",
        "location": "PRINCE STREET between MULBERRY STREET and MOTT STREET",
        "occurrence_id": "tvpp-9vvx|909426|2026-09-13T08:00:00",
        "publication_allowed": true,
        "source_dataset": "tvpp-9vvx",
        "source_event_id": "909426",
        "source_geometry_dataset_id": "2v4z-66xt",
        "source_geometry_dataset_name": "NYC DCP LION",
        "source_segment_id": "0032526",
        "start_date_time": "2026-09-13T08:00:00.000",
        "title": "Old Cathedral Outdoor Market",
        "validation_state": "validated"
      },
      "type": "Feature"
    },
    {
      "geometry": {
        "coordinates": [
          [
            [
              -73.99490868089507,
              40.723035909129635
            ],
            [
              -73.9957047899888,
              40.72336602371561
            ]
          ]
        ],
        "type": "MultiLineString"
      },
      "id": "tvpp-9vvx|909426|2026-09-18T08:00:00",
      "properties": {
        "borough": "Manhattan",
        "certified_pin": false,
        "display_geometry_role": "route",
        "end_date_time": "2026-09-18T20:00:00.000",
        "endpoint_1_nearest_source_endpoint_m": 0.189,
        "endpoint_2_nearest_source_endpoint_m": 0.112,
        "endpoint_tolerance_m": 50.0,
        "exact_pin_eligible": false,
        "geometry_authority": "nyc_dcp_geosupport_plus_lion",
        "geometry_precision": "official_centerline",
        "geometry_sha256": "242bd136e2bcfacc616d63e3e0a8ebaea9d02f67db56e0883de5dc46f6176094",
        "location": "PRINCE STREET between MULBERRY STREET and MOTT STREET",
        "occurrence_id": "tvpp-9vvx|909426|2026-09-18T08:00:00",
        "publication_allowed": true,
        "source_dataset": "tvpp-9vvx",
        "source_event_id": "909426",
        "source_geometry_dataset_id": "2v4z-66xt",
        "source_geometry_dataset_name": "NYC DCP LION",
        "source_segment_id": "0032526",
        "start_date_time": "2026-09-18T08:00:00.000",
        "title": "Old Cathedral Outdoor Market",
        "validation_state": "validated"
      },
      "type": "Feature"
    },
    {
      "geometry": {
        "coordinates": [
          [
            [
              -73.99490868089507,
              40.723035909129635
            ],
            [
              -73.9957047899888,
              40.72336602371561
            ]
          ]
        ],
        "type": "MultiLineString"
      },
      "id": "tvpp-9vvx|909426|2026-09-19T08:00:00",
      "properties": {
        "borough": "Manhattan",
        "certified_pin": false,
        "display_geometry_role": "route",
        "end_date_time": "2026-09-19T20:00:00.000",
        "endpoint_1_nearest_source_endpoint_m": 0.189,
        "endpoint_2_nearest_source_endpoint_m": 0.112,
        "endpoint_tolerance_m": 50.0,
        "exact_pin_eligible": false,
        "geometry_authority": "nyc_dcp_geosupport_plus_lion",
        "geometry_precision": "official_centerline",
        "geometry_sha256": "242bd136e2bcfacc616d63e3e0a8ebaea9d02f67db56e0883de5dc46f6176094",
        "location": "PRINCE STREET between MULBERRY STREET and MOTT STREET",
        "occurrence_id": "tvpp-9vvx|909426|2026-09-19T08:00:00",
        "publication_allowed": true,
        "source_dataset": "tvpp-9vvx",
        "source_event_id": "909426",
        "source_geometry_dataset_id": "2v4z-66xt",
        "source_geometry_dataset_name": "NYC DCP LION",
        "source_segment_id": "0032526",
        "start_date_time": "2026-09-19T08:00:00.000",
        "title": "Old Cathedral Outdoor Market",
        "validation_state": "validated"
      },
      "type": "Feature"
    },
    {
      "geometry": {
        "coordinates": [
          [
            [
              -73.99490868089507,
              40.723035909129635
            ],
            [
              -73.9957047899888,
              40.72336602371561
            ]
          ]
        ],
        "type": "MultiLineString"
      },
      "id": "tvpp-9vvx|909426|2026-09-20T08:00:00",
      "properties": {
        "borough": "Manhattan",
        "certified_pin": false,
        "display_geometry_role": "route",
        "end_date_time": "2026-09-20T20:00:00.000",
        "endpoint_1_nearest_source_endpoint_m": 0.189,
        "endpoint_2_nearest_source_endpoint_m": 0.112,
        "endpoint_tolerance_m": 50.0,
        "exact_pin_eligible": false,
        "geometry_authority": "nyc_dcp_geosupport_plus_lion",
        "geometry_precision": "official_centerline",
        "geometry_sha256": "242bd136e2bcfacc616d63e3e0a8ebaea9d02f67db56e0883de5dc46f6176094",
        "location": "PRINCE STREET between MULBERRY STREET and MOTT STREET",
        "occurrence_id": "tvpp-9vvx|909426|2026-09-20T08:00:00",
        "publication_allowed": true,
        "source_dataset": "tvpp-9vvx",
        "source_event_id": "909426",
        "source_geometry_dataset_id": "2v4z-66xt",
        "source_geometry_dataset_name": "NYC DCP LION",
        "source_segment_id": "0032526",
        "start_date_time": "2026-09-20T08:00:00.000",
        "title": "Old Cathedral Outdoor Market",
        "validation_state": "validated"
      },
      "type": "Feature"
    },
    {
      "geometry": {
        "coordinates": [
          [
            [
              -73.99490868089507,
              40.723035909129635
            ],
            [
              -73.9957047899888,
              40.72336602371561
            ]
          ]
        ],
        "type": "MultiLineString"
      },
      "id": "tvpp-9vvx|909426|2026-09-25T08:00:00",
      "properties": {
        "borough": "Manhattan",
        "certified_pin": false,
        "display_geometry_role": "route",
        "end_date_time": "2026-09-25T20:00:00.000",
        "endpoint_1_nearest_source_endpoint_m": 0.189,
        "endpoint_2_nearest_source_endpoint_m": 0.112,
        "endpoint_tolerance_m": 50.0,
        "exact_pin_eligible": false,
        "geometry_authority": "nyc_dcp_geosupport_plus_lion",
        "geometry_precision": "official_centerline",
        "geometry_sha256": "242bd136e2bcfacc616d63e3e0a8ebaea9d02f67db56e0883de5dc46f6176094",
        "location": "PRINCE STREET between MULBERRY STREET and MOTT STREET",
        "occurrence_id": "tvpp-9vvx|909426|2026-09-25T08:00:00",
        "publication_allowed": true,
        "source_dataset": "tvpp-9vvx",
        "source_event_id": "909426",
        "source_geometry_dataset_id": "2v4z-66xt",
        "source_geometry_dataset_name": "NYC DCP LION",
        "source_segment_id": "0032526",
        "start_date_time": "2026-09-25T08:00:00.000",
        "title": "Old Cathedral Outdoor Market",
        "validation_state": "validated"
      },
      "type": "Feature"
    },
    {
      "geometry": {
        "coordinates": [
          [
            [
              -73.99490868089507,
              40.723035909129635
            ],
            [
              -73.9957047899888,
              40.72336602371561
            ]
          ]
        ],
        "type": "MultiLineString"
      },
      "id": "tvpp-9vvx|909426|2026-09-26T08:00:00",
      "properties": {
        "borough": "Manhattan",
        "certified_pin": false,
        "display_geometry_role": "route",
        "end_date_time": "2026-09-26T20:00:00.000",
        "endpoint_1_nearest_source_endpoint_m": 0.189,
        "endpoint_2_nearest_source_endpoint_m": 0.112,
        "endpoint_tolerance_m": 50.0,
        "exact_pin_eligible": false,
        "geometry_authority": "nyc_dcp_geosupport_plus_lion",
        "geometry_precision": "official_centerline",
        "geometry_sha256": "242bd136e2bcfacc616d63e3e0a8ebaea9d02f67db56e0883de5dc46f6176094",
        "location": "PRINCE STREET between MULBERRY STREET and MOTT STREET",
        "occurrence_id": "tvpp-9vvx|909426|2026-09-26T08:00:00",
        "publication_allowed": true,
        "source_dataset": "tvpp-9vvx",
        "source_event_id": "909426",
        "source_geometry_dataset_id": "2v4z-66xt",
        "source_geometry_dataset_name": "NYC DCP LION",
        "source_segment_id": "0032526",
        "start_date_time": "2026-09-26T08:00:00.000",
        "title": "Old Cathedral Outdoor Market",
        "validation_state": "validated"
      },
      "type": "Feature"
    },
    {
      "geometry": {
        "coordinates": [
          [
            [
              -73.99490868089507,
              40.723035909129635
            ],
            [
              -73.9957047899888,
              40.72336602371561
            ]
          ]
        ],
        "type": "MultiLineString"
      },
      "id": "tvpp-9vvx|909426|2026-09-27T08:00:00",
      "properties": {
        "borough": "Manhattan",
        "certified_pin": false,
        "display_geometry_role": "route",
        "end_date_time": "2026-09-27T20:00:00.000",
        "endpoint_1_nearest_source_endpoint_m": 0.189,
        "endpoint_2_nearest_source_endpoint_m": 0.112,
        "endpoint_tolerance_m": 50.0,
        "exact_pin_eligible": false,
        "geometry_authority": "nyc_dcp_geosupport_plus_lion",
        "geometry_precision": "official_centerline",
        "geometry_sha256": "242bd136e2bcfacc616d63e3e0a8ebaea9d02f67db56e0883de5dc46f6176094",
        "location": "PRINCE STREET between MULBERRY STREET and MOTT STREET",
        "occurrence_id": "tvpp-9vvx|909426|2026-09-27T08:00:00",
        "publication_allowed": true,
        "source_dataset": "tvpp-9vvx",
        "source_event_id": "909426",
        "source_geometry_dataset_id": "2v4z-66xt",
        "source_geometry_dataset_name": "NYC DCP LION",
        "source_segment_id": "0032526",
        "start_date_time": "2026-09-27T08:00:00.000",
        "title": "Old Cathedral Outdoor Market",
        "validation_state": "validated"
      },
      "type": "Feature"
    },
    {
      "geometry": {
        "coordinates": [
          [
            [
              -74.00386895756633,
              40.70579282227604
            ],
            [
              -74.0031611044805,
              40.70623201441829
            ]
          ]
        ],
        "type": "MultiLineString"
      },
      "id": "tvpp-9vvx|949104|2026-09-05T09:00:00",
      "properties": {
        "borough": "Manhattan",
        "certified_pin": false,
        "display_geometry_role": "route",
        "end_date_time": "2026-09-05T17:00:00.000",
        "endpoint_1_nearest_source_endpoint_m": 0.144,
        "endpoint_2_nearest_source_endpoint_m": 0.158,
        "endpoint_tolerance_m": 50.0,
        "exact_pin_eligible": false,
        "geometry_authority": "nyc_dcp_geosupport_plus_lion",
        "geometry_precision": "official_centerline",
        "geometry_sha256": "8135ce4980f61b8998fa6a7db4b7f79307e32b9485a4018bc041de3f2d7e6a15",
        "location": "SOUTH STREET between FULTON STREET and JOHN STREET",
        "occurrence_id": "tvpp-9vvx|949104|2026-09-05T09:00:00",
        "publication_allowed": true,
        "source_dataset": "tvpp-9vvx",
        "source_event_id": "949104",
        "source_geometry_dataset_id": "2v4z-66xt",
        "source_geometry_dataset_name": "NYC DCP LION",
        "source_segment_id": "0023447",
        "start_date_time": "2026-09-05T09:00:00.000",
        "title": "Fulton Stall Market/Seaport Farmers Market",
        "validation_state": "validated"
      },
      "type": "Feature"
    },
    {
      "geometry": {
        "coordinates": [
          [
            [
              -74.00386895756633,
              40.70579282227604
            ],
            [
              -74.0031611044805,
              40.70623201441829
            ]
          ]
        ],
        "type": "MultiLineString"
      },
      "id": "tvpp-9vvx|949104|2026-09-12T09:00:00",
      "properties": {
        "borough": "Manhattan",
        "certified_pin": false,
        "display_geometry_role": "route",
        "end_date_time": "2026-09-12T17:00:00.000",
        "endpoint_1_nearest_source_endpoint_m": 0.144,
        "endpoint_2_nearest_source_endpoint_m": 0.158,
        "endpoint_tolerance_m": 50.0,
        "exact_pin_eligible": false,
        "geometry_authority": "nyc_dcp_geosupport_plus_lion",
        "geometry_precision": "official_centerline",
        "geometry_sha256": "8135ce4980f61b8998fa6a7db4b7f79307e32b9485a4018bc041de3f2d7e6a15",
        "location": "SOUTH STREET between FULTON STREET and JOHN STREET",
        "occurrence_id": "tvpp-9vvx|949104|2026-09-12T09:00:00",
        "publication_allowed": true,
        "source_dataset": "tvpp-9vvx",
        "source_event_id": "949104",
        "source_geometry_dataset_id": "2v4z-66xt",
        "source_geometry_dataset_name": "NYC DCP LION",
        "source_segment_id": "0023447",
        "start_date_time": "2026-09-12T09:00:00.000",
        "title": "Fulton Stall Market/Seaport Farmers Market",
        "validation_state": "validated"
      },
      "type": "Feature"
    },
    {
      "geometry": {
        "coordinates": [
          [
            [
              -74.00386895756633,
              40.70579282227604
            ],
            [
              -74.0031611044805,
              40.70623201441829
            ]
          ]
        ],
        "type": "MultiLineString"
      },
      "id": "tvpp-9vvx|949104|2026-09-19T09:00:00",
      "properties": {
        "borough": "Manhattan",
        "certified_pin": false,
        "display_geometry_role": "route",
        "end_date_time": "2026-09-19T17:00:00.000",
        "endpoint_1_nearest_source_endpoint_m": 0.144,
        "endpoint_2_nearest_source_endpoint_m": 0.158,
        "endpoint_tolerance_m": 50.0,
        "exact_pin_eligible": false,
        "geometry_authority": "nyc_dcp_geosupport_plus_lion",
        "geometry_precision": "official_centerline",
        "geometry_sha256": "8135ce4980f61b8998fa6a7db4b7f79307e32b9485a4018bc041de3f2d7e6a15",
        "location": "SOUTH STREET between FULTON STREET and JOHN STREET",
        "occurrence_id": "tvpp-9vvx|949104|2026-09-19T09:00:00",
        "publication_allowed": true,
        "source_dataset": "tvpp-9vvx",
        "source_event_id": "949104",
        "source_geometry_dataset_id": "2v4z-66xt",
        "source_geometry_dataset_name": "NYC DCP LION",
        "source_segment_id": "0023447",
        "start_date_time": "2026-09-19T09:00:00.000",
        "title": "Fulton Stall Market/Seaport Farmers Market",
        "validation_state": "validated"
      },
      "type": "Feature"
    },
    {
      "geometry": {
        "coordinates": [
          [
            [
              -74.00386895756633,
              40.70579282227604
            ],
            [
              -74.0031611044805,
              40.70623201441829
            ]
          ]
        ],
        "type": "MultiLineString"
      },
      "id": "tvpp-9vvx|949104|2026-09-26T09:00:00",
      "properties": {
        "borough": "Manhattan",
        "certified_pin": false,
        "display_geometry_role": "route",
        "end_date_time": "2026-09-26T17:00:00.000",
        "endpoint_1_nearest_source_endpoint_m": 0.144,
        "endpoint_2_nearest_source_endpoint_m": 0.158,
        "endpoint_tolerance_m": 50.0,
        "exact_pin_eligible": false,
        "geometry_authority": "nyc_dcp_geosupport_plus_lion",
        "geometry_precision": "official_centerline",
        "geometry_sha256": "8135ce4980f61b8998fa6a7db4b7f79307e32b9485a4018bc041de3f2d7e6a15",
        "location": "SOUTH STREET between FULTON STREET and JOHN STREET",
        "occurrence_id": "tvpp-9vvx|949104|2026-09-26T09:00:00",
        "publication_allowed": true,
        "source_dataset": "tvpp-9vvx",
        "source_event_id": "949104",
        "source_geometry_dataset_id": "2v4z-66xt",
        "source_geometry_dataset_name": "NYC DCP LION",
        "source_segment_id": "0023447",
        "start_date_time": "2026-09-26T09:00:00.000",
        "title": "Fulton Stall Market/Seaport Farmers Market",
        "validation_state": "validated"
      },
      "type": "Feature"
    },
    {
      "geometry": {
        "coordinates": [
          [
            [
              -74.00437215024532,
              40.719466724347555
            ],
            [
              -74.00253798739735,
              40.71862688295286
            ]
          ]
        ],
        "type": "MultiLineString"
      },
      "id": "tvpp-9vvx|967471|2026-09-07T09:00:00",
      "properties": {
        "borough": "Manhattan",
        "certified_pin": false,
        "display_geometry_role": "route",
        "end_date_time": "2026-09-09T14:00:00.000",
        "endpoint_1_nearest_source_endpoint_m": 0.142,
        "endpoint_2_nearest_source_endpoint_m": 0.21,
        "endpoint_tolerance_m": 50.0,
        "exact_pin_eligible": false,
        "geometry_authority": "nyc_dcp_geosupport_plus_lion",
        "geometry_precision": "official_centerline",
        "geometry_sha256": "5601049381c38f4d08bc7805ca854fa5b1e365c41b089e96a31b3f575baa50b2",
        "location": "WALKER STREET between CHURCH STREET and BROADWAY",
        "occurrence_id": "tvpp-9vvx|967471|2026-09-07T09:00:00",
        "publication_allowed": true,
        "source_dataset": "tvpp-9vvx",
        "source_event_id": "967471",
        "source_geometry_dataset_id": "2v4z-66xt",
        "source_geometry_dataset_name": "NYC DCP LION",
        "source_segment_id": "0032079",
        "start_date_time": "2026-09-07T09:00:00.000",
        "title": "Production Truck Staging",
        "validation_state": "validated"
      },
      "type": "Feature"
    },
    {
      "geometry": {
        "coordinates": [
          [
            [
              -74.00794008943447,
              40.74029707774345
            ],
            [
              -74.00748240669998,
              40.7409419073265
            ]
          ]
        ],
        "type": "MultiLineString"
      },
      "id": "tvpp-9vvx|970372|2026-09-01T00:00:00",
      "properties": {
        "borough": "Manhattan",
        "certified_pin": false,
        "display_geometry_role": "route",
        "end_date_time": "2026-09-01T23:30:00.000",
        "endpoint_1_nearest_source_endpoint_m": 0.17,
        "endpoint_2_nearest_source_endpoint_m": 0.138,
        "endpoint_tolerance_m": 50.0,
        "exact_pin_eligible": false,
        "geometry_authority": "nyc_dcp_geosupport_plus_lion",
        "geometry_precision": "official_centerline",
        "geometry_sha256": "81ed44991cb87217e43ccbe7e55ff19ac6b67fb172f00429b4b4efbac1bd702a",
        "location": "WASHINGTON STREET between WEST   13 STREET and LITTLE WEST   12 STREET",
        "occurrence_id": "tvpp-9vvx|970372|2026-09-01T00:00:00",
        "publication_allowed": true,
        "source_dataset": "tvpp-9vvx",
        "source_event_id": "970372",
        "source_geometry_dataset_id": "2v4z-66xt",
        "source_geometry_dataset_name": "NYC DCP LION",
        "source_segment_id": "0032015",
        "start_date_time": "2026-09-01T00:00:00.000",
        "title": "BILT EVENT",
        "validation_state": "validated"
      },
      "type": "Feature"
    },
    {
      "geometry": {
        "coordinates": [
          [
            [
              -73.95731723170555,
              40.804355839406554
            ],
            [
              -73.95793866788296,
              40.80459314814661
            ]
          ]
        ],
        "type": "MultiLineString"
      },
      "id": "tvpp-9vvx|960241|2026-09-06T12:00:00",
      "properties": {
        "borough": "Manhattan",
        "certified_pin": false,
        "display_geometry_role": "route",
        "end_date_time": "2026-09-06T19:00:00.000",
        "endpoint_1_nearest_source_endpoint_m": 0.139,
        "endpoint_2_nearest_source_endpoint_m": 29.874,
        "endpoint_tolerance_m": 50.0,
        "exact_pin_eligible": false,
        "geometry_authority": "nyc_dcp_geosupport_plus_lion",
        "geometry_precision": "official_centerline",
        "geometry_sha256": "849062ef4942351c7d3876f56025e7793be3833b87d91c8d3f7c7b346542e7c2",
        "location": "WEST  115 STREET between MANHATTAN AVENUE and MORNINGSIDE AVENUE",
        "occurrence_id": "tvpp-9vvx|960241|2026-09-06T12:00:00",
        "publication_allowed": true,
        "source_dataset": "tvpp-9vvx",
        "source_event_id": "960241",
        "source_geometry_dataset_id": "2v4z-66xt",
        "source_geometry_dataset_name": "NYC DCP LION",
        "source_segment_id": "0310741",
        "start_date_time": "2026-09-06T12:00:00.000",
        "title": "Jump Up",
        "validation_state": "validated"
      },
      "type": "Feature"
    },
    {
      "geometry": {
        "coordinates": [
          [
            [
              -73.9474238585119,
              40.80524349774461
            ],
            [
              -73.95011786129164,
              40.806379457817926
            ]
          ]
        ],
        "type": "MultiLineString"
      },
      "id": "tvpp-9vvx|931952|2026-09-12T12:00:00",
      "properties": {
        "borough": "Manhattan",
        "certified_pin": false,
        "display_geometry_role": "route",
        "end_date_time": "2026-09-12T16:00:00.000",
        "endpoint_1_nearest_source_endpoint_m": 7.488,
        "endpoint_2_nearest_source_endpoint_m": 6.861,
        "endpoint_tolerance_m": 50.0,
        "exact_pin_eligible": false,
        "geometry_authority": "nyc_dcp_geosupport_plus_lion",
        "geometry_precision": "official_centerline",
        "geometry_sha256": "a5fc5109cb9faee508732584c30e9c2ad8fc7ef85be5f686a960f4bdea0a81c0",
        "location": "WEST  121 STREET between ACP JR BOULEVARD and MALCOLM X BOULEVARD",
        "occurrence_id": "tvpp-9vvx|931952|2026-09-12T12:00:00",
        "publication_allowed": true,
        "source_dataset": "tvpp-9vvx",
        "source_event_id": "931952",
        "source_geometry_dataset_id": "2v4z-66xt",
        "source_geometry_dataset_name": "NYC DCP LION",
        "source_segment_id": "0166490",
        "start_date_time": "2026-09-12T12:00:00.000",
        "title": "121st Street Block Bash",
        "validation_state": "validated"
      },
      "type": "Feature"
    },
    {
      "geometry": {
        "coordinates": [
          [
            [
              -73.94435587127268,
              40.80641358678809
            ],
            [
              -73.9458943627512,
              40.80706298537648
            ]
          ]
        ],
        "type": "MultiLineString"
      },
      "id": "tvpp-9vvx|962698|2026-08-31T10:00:00",
      "properties": {
        "borough": "Manhattan",
        "certified_pin": false,
        "display_geometry_role": "route",
        "end_date_time": "2026-08-31T16:00:00.000",
        "endpoint_1_nearest_source_endpoint_m": 0.115,
        "endpoint_2_nearest_source_endpoint_m": 8.118,
        "endpoint_tolerance_m": 50.0,
        "exact_pin_eligible": false,
        "geometry_authority": "nyc_dcp_geosupport_plus_lion",
        "geometry_precision": "official_centerline",
        "geometry_sha256": "45d66aab78706a4def0cb3865557f932659e6690c538160aadb85c0407d9681a",
        "location": "WEST  124 STREET between MOUNT MORRIS PARK WEST and MALCOLM X BOULEVARD",
        "occurrence_id": "tvpp-9vvx|962698|2026-08-31T10:00:00",
        "publication_allowed": true,
        "source_dataset": "tvpp-9vvx",
        "source_event_id": "962698",
        "source_geometry_dataset_id": "2v4z-66xt",
        "source_geometry_dataset_name": "NYC DCP LION",
        "source_segment_id": "0166556",
        "start_date_time": "2026-08-31T10:00:00.000",
        "title": "PAL PLAYSTREET",
        "validation_state": "validated"
      },
      "type": "Feature"
    },
    {
      "geometry": {
        "coordinates": [
          [
            [
              -73.94435587127268,
              40.80641358678809
            ],
            [
              -73.9458943627512,
              40.80706298537648
            ]
          ]
        ],
        "type": "MultiLineString"
      },
      "id": "tvpp-9vvx|962698|2026-09-01T10:00:00",
      "properties": {
        "borough": "Manhattan",
        "certified_pin": false,
        "display_geometry_role": "route",
        "end_date_time": "2026-09-01T16:00:00.000",
        "endpoint_1_nearest_source_endpoint_m": 0.115,
        "endpoint_2_nearest_source_endpoint_m": 8.118,
        "endpoint_tolerance_m": 50.0,
        "exact_pin_eligible": false,
        "geometry_authority": "nyc_dcp_geosupport_plus_lion",
        "geometry_precision": "official_centerline",
        "geometry_sha256": "45d66aab78706a4def0cb3865557f932659e6690c538160aadb85c0407d9681a",
        "location": "WEST  124 STREET between MOUNT MORRIS PARK WEST and MALCOLM X BOULEVARD",
        "occurrence_id": "tvpp-9vvx|962698|2026-09-01T10:00:00",
        "publication_allowed": true,
        "source_dataset": "tvpp-9vvx",
        "source_event_id": "962698",
        "source_geometry_dataset_id": "2v4z-66xt",
        "source_geometry_dataset_name": "NYC DCP LION",
        "source_segment_id": "0166556",
        "start_date_time": "2026-09-01T10:00:00.000",
        "title": "PAL PLAYSTREET",
        "validation_state": "validated"
      },
      "type": "Feature"
    },
    {
      "geometry": {
        "coordinates": [
          [
            [
              -73.94435587127268,
              40.80641358678809
            ],
            [
              -73.9458943627512,
              40.80706298537648
            ]
          ]
        ],
        "type": "MultiLineString"
      },
      "id": "tvpp-9vvx|962698|2026-09-02T10:00:00",
      "properties": {
        "borough": "Manhattan",
        "certified_pin": false,
        "display_geometry_role": "route",
        "end_date_time": "2026-09-02T16:00:00.000",
        "endpoint_1_nearest_source_endpoint_m": 0.115,
        "endpoint_2_nearest_source_endpoint_m": 8.118,
        "endpoint_tolerance_m": 50.0,
        "exact_pin_eligible": false,
        "geometry_authority": "nyc_dcp_geosupport_plus_lion",
        "geometry_precision": "official_centerline",
        "geometry_sha256": "45d66aab78706a4def0cb3865557f932659e6690c538160aadb85c0407d9681a",
        "location": "WEST  124 STREET between MOUNT MORRIS PARK WEST and MALCOLM X BOULEVARD",
        "occurrence_id": "tvpp-9vvx|962698|2026-09-02T10:00:00",
        "publication_allowed": true,
        "source_dataset": "tvpp-9vvx",
        "source_event_id": "962698",
        "source_geometry_dataset_id": "2v4z-66xt",
        "source_geometry_dataset_name": "NYC DCP LION",
        "source_segment_id": "0166556",
        "start_date_time": "2026-09-02T10:00:00.000",
        "title": "PAL PLAYSTREET",
        "validation_state": "validated"
      },
      "type": "Feature"
    },
    {
      "geometry": {
        "coordinates": [
          [
            [
              -73.94435587127268,
              40.80641358678809
            ],
            [
              -73.9458943627512,
              40.80706298537648
            ]
          ]
        ],
        "type": "MultiLineString"
      },
      "id": "tvpp-9vvx|962698|2026-09-03T10:00:00",
      "properties": {
        "borough": "Manhattan",
        "certified_pin": false,
        "display_geometry_role": "route",
        "end_date_time": "2026-09-03T16:00:00.000",
        "endpoint_1_nearest_source_endpoint_m": 0.115,
        "endpoint_2_nearest_source_endpoint_m": 8.118,
        "endpoint_tolerance_m": 50.0,
        "exact_pin_eligible": false,
        "geometry_authority": "nyc_dcp_geosupport_plus_lion",
        "geometry_precision": "official_centerline",
        "geometry_sha256": "45d66aab78706a4def0cb3865557f932659e6690c538160aadb85c0407d9681a",
        "location": "WEST  124 STREET between MOUNT MORRIS PARK WEST and MALCOLM X BOULEVARD",
        "occurrence_id": "tvpp-9vvx|962698|2026-09-03T10:00:00",
        "publication_allowed": true,
        "source_dataset": "tvpp-9vvx",
        "source_event_id": "962698",
        "source_geometry_dataset_id": "2v4z-66xt",
        "source_geometry_dataset_name": "NYC DCP LION",
        "source_segment_id": "0166556",
        "start_date_time": "2026-09-03T10:00:00.000",
        "title": "PAL PLAYSTREET",
        "validation_state": "validated"
      },
      "type": "Feature"
    },
    {
      "geometry": {
        "coordinates": [
          [
            [
              -73.94435587127268,
              40.80641358678809
            ],
            [
              -73.9458943627512,
              40.80706298537648
            ]
          ]
        ],
        "type": "MultiLineString"
      },
      "id": "tvpp-9vvx|962698|2026-09-07T10:00:00",
      "properties": {
        "borough": "Manhattan",
        "certified_pin": false,
        "display_geometry_role": "route",
        "end_date_time": "2026-09-07T16:00:00.000",
        "endpoint_1_nearest_source_endpoint_m": 0.115,
        "endpoint_2_nearest_source_endpoint_m": 8.118,
        "endpoint_tolerance_m": 50.0,
        "exact_pin_eligible": false,
        "geometry_authority": "nyc_dcp_geosupport_plus_lion",
        "geometry_precision": "official_centerline",
        "geometry_sha256": "45d66aab78706a4def0cb3865557f932659e6690c538160aadb85c0407d9681a",
        "location": "WEST  124 STREET between MOUNT MORRIS PARK WEST and MALCOLM X BOULEVARD",
        "occurrence_id": "tvpp-9vvx|962698|2026-09-07T10:00:00",
        "publication_allowed": true,
        "source_dataset": "tvpp-9vvx",
        "source_event_id": "962698",
        "source_geometry_dataset_id": "2v4z-66xt",
        "source_geometry_dataset_name": "NYC DCP LION",
        "source_segment_id": "0166556",
        "start_date_time": "2026-09-07T10:00:00.000",
        "title": "PAL PLAYSTREET",
        "validation_state": "validated"
      },
      "type": "Feature"
    },
    {
      "geometry": {
        "coordinates": [
          [
            [
              -73.94435587127268,
              40.80641358678809
            ],
            [
              -73.9458943627512,
              40.80706298537648
            ]
          ]
        ],
        "type": "MultiLineString"
      },
      "id": "tvpp-9vvx|962698|2026-09-08T10:00:00",
      "properties": {
        "borough": "Manhattan",
        "certified_pin": false,
        "display_geometry_role": "route",
        "end_date_time": "2026-09-08T16:00:00.000",
        "endpoint_1_nearest_source_endpoint_m": 0.115,
        "endpoint_2_nearest_source_endpoint_m": 8.118,
        "endpoint_tolerance_m": 50.0,
        "exact_pin_eligible": false,
        "geometry_authority": "nyc_dcp_geosupport_plus_lion",
        "geometry_precision": "official_centerline",
        "geometry_sha256": "45d66aab78706a4def0cb3865557f932659e6690c538160aadb85c0407d9681a",
        "location": "WEST  124 STREET between MOUNT MORRIS PARK WEST and MALCOLM X BOULEVARD",
        "occurrence_id": "tvpp-9vvx|962698|2026-09-08T10:00:00",
        "publication_allowed": true,
        "source_dataset": "tvpp-9vvx",
        "source_event_id": "962698",
        "source_geometry_dataset_id": "2v4z-66xt",
        "source_geometry_dataset_name": "NYC DCP LION",
        "source_segment_id": "0166556",
        "start_date_time": "2026-09-08T10:00:00.000",
        "title": "PAL PLAYSTREET",
        "validation_state": "validated"
      },
      "type": "Feature"
    },
    {
      "geometry": {
        "coordinates": [
          [
            [
              -73.94435587127268,
              40.80641358678809
            ],
            [
              -73.9458943627512,
              40.80706298537648
            ]
          ]
        ],
        "type": "MultiLineString"
      },
      "id": "tvpp-9vvx|962698|2026-09-09T10:00:00",
      "properties": {
        "borough": "Manhattan",
        "certified_pin": false,
        "display_geometry_role": "route",
        "end_date_time": "2026-09-09T16:00:00.000",
        "endpoint_1_nearest_source_endpoint_m": 0.115,
        "endpoint_2_nearest_source_endpoint_m": 8.118,
        "endpoint_tolerance_m": 50.0,
        "exact_pin_eligible": false,
        "geometry_authority": "nyc_dcp_geosupport_plus_lion",
        "geometry_precision": "official_centerline",
        "geometry_sha256": "45d66aab78706a4def0cb3865557f932659e6690c538160aadb85c0407d9681a",
        "location": "WEST  124 STREET between MOUNT MORRIS PARK WEST and MALCOLM X BOULEVARD",
        "occurrence_id": "tvpp-9vvx|962698|2026-09-09T10:00:00",
        "publication_allowed": true,
        "source_dataset": "tvpp-9vvx",
        "source_event_id": "962698",
        "source_geometry_dataset_id": "2v4z-66xt",
        "source_geometry_dataset_name": "NYC DCP LION",
        "source_segment_id": "0166556",
        "start_date_time": "2026-09-09T10:00:00.000",
        "title": "PAL PLAYSTREET",
        "validation_state": "validated"
      },
      "type": "Feature"
    },
    {
      "geometry": {
        "coordinates": [
          [
            [
              -73.94435587127268,
              40.80641358678809
            ],
            [
              -73.9458943627512,
              40.80706298537648
            ]
          ]
        ],
        "type": "MultiLineString"
      },
      "id": "tvpp-9vvx|962698|2026-09-10T10:00:00",
      "properties": {
        "borough": "Manhattan",
        "certified_pin": false,
        "display_geometry_role": "route",
        "end_date_time": "2026-09-10T16:00:00.000",
        "endpoint_1_nearest_source_endpoint_m": 0.115,
        "endpoint_2_nearest_source_endpoint_m": 8.118,
        "endpoint_tolerance_m": 50.0,
        "exact_pin_eligible": false,
        "geometry_authority": "nyc_dcp_geosupport_plus_lion",
        "geometry_precision": "official_centerline",
        "geometry_sha256": "45d66aab78706a4def0cb3865557f932659e6690c538160aadb85c0407d9681a",
        "location": "WEST  124 STREET between MOUNT MORRIS PARK WEST and MALCOLM X BOULEVARD",
        "occurrence_id": "tvpp-9vvx|962698|2026-09-10T10:00:00",
        "publication_allowed": true,
        "source_dataset": "tvpp-9vvx",
        "source_event_id": "962698",
        "source_geometry_dataset_id": "2v4z-66xt",
        "source_geometry_dataset_name": "NYC DCP LION",
        "source_segment_id": "0166556",
        "start_date_time": "2026-09-10T10:00:00.000",
        "title": "PAL PLAYSTREET",
        "validation_state": "validated"
      },
      "type": "Feature"
    },
    {
      "geometry": {
        "coordinates": [
          [
            [
              -73.94435587127268,
              40.80641358678809
            ],
            [
              -73.9458943627512,
              40.80706298537648
            ]
          ]
        ],
        "type": "MultiLineString"
      },
      "id": "tvpp-9vvx|962698|2026-09-14T10:00:00",
      "properties": {
        "borough": "Manhattan",
        "certified_pin": false,
        "display_geometry_role": "route",
        "end_date_time": "2026-09-14T16:00:00.000",
        "endpoint_1_nearest_source_endpoint_m": 0.115,
        "endpoint_2_nearest_source_endpoint_m": 8.118,
        "endpoint_tolerance_m": 50.0,
        "exact_pin_eligible": false,
        "geometry_authority": "nyc_dcp_geosupport_plus_lion",
        "geometry_precision": "official_centerline",
        "geometry_sha256": "45d66aab78706a4def0cb3865557f932659e6690c538160aadb85c0407d9681a",
        "location": "WEST  124 STREET between MOUNT MORRIS PARK WEST and MALCOLM X BOULEVARD",
        "occurrence_id": "tvpp-9vvx|962698|2026-09-14T10:00:00",
        "publication_allowed": true,
        "source_dataset": "tvpp-9vvx",
        "source_event_id": "962698",
        "source_geometry_dataset_id": "2v4z-66xt",
        "source_geometry_dataset_name": "NYC DCP LION",
        "source_segment_id": "0166556",
        "start_date_time": "2026-09-14T10:00:00.000",
        "title": "PAL PLAYSTREET",
        "validation_state": "validated"
      },
      "type": "Feature"
    },
    {
      "geometry": {
        "coordinates": [
          [
            [
              -73.94435587127268,
              40.80641358678809
            ],
            [
              -73.9458943627512,
              40.80706298537648
            ]
          ]
        ],
        "type": "MultiLineString"
      },
      "id": "tvpp-9vvx|962698|2026-09-15T10:00:00",
      "properties": {
        "borough": "Manhattan",
        "certified_pin": false,
        "display_geometry_role": "route",
        "end_date_time": "2026-09-15T16:00:00.000",
        "endpoint_1_nearest_source_endpoint_m": 0.115,
        "endpoint_2_nearest_source_endpoint_m": 8.118,
        "endpoint_tolerance_m": 50.0,
        "exact_pin_eligible": false,
        "geometry_authority": "nyc_dcp_geosupport_plus_lion",
        "geometry_precision": "official_centerline",
        "geometry_sha256": "45d66aab78706a4def0cb3865557f932659e6690c538160aadb85c0407d9681a",
        "location": "WEST  124 STREET between MOUNT MORRIS PARK WEST and MALCOLM X BOULEVARD",
        "occurrence_id": "tvpp-9vvx|962698|2026-09-15T10:00:00",
        "publication_allowed": true,
        "source_dataset": "tvpp-9vvx",
        "source_event_id": "962698",
        "source_geometry_dataset_id": "2v4z-66xt",
        "source_geometry_dataset_name": "NYC DCP LION",
        "source_segment_id": "0166556",
        "start_date_time": "2026-09-15T10:00:00.000",
        "title": "PAL PLAYSTREET",
        "validation_state": "validated"
      },
      "type": "Feature"
    },
    {
      "geometry": {
        "coordinates": [
          [
            [
              -73.94435587127268,
              40.80641358678809
            ],
            [
              -73.9458943627512,
              40.80706298537648
            ]
          ]
        ],
        "type": "MultiLineString"
      },
      "id": "tvpp-9vvx|962698|2026-09-16T10:00:00",
      "properties": {
        "borough": "Manhattan",
        "certified_pin": false,
        "display_geometry_role": "route",
        "end_date_time": "2026-09-16T16:00:00.000",
        "endpoint_1_nearest_source_endpoint_m": 0.115,
        "endpoint_2_nearest_source_endpoint_m": 8.118,
        "endpoint_tolerance_m": 50.0,
        "exact_pin_eligible": false,
        "geometry_authority": "nyc_dcp_geosupport_plus_lion",
        "geometry_precision": "official_centerline",
        "geometry_sha256": "45d66aab78706a4def0cb3865557f932659e6690c538160aadb85c0407d9681a",
        "location": "WEST  124 STREET between MOUNT MORRIS PARK WEST and MALCOLM X BOULEVARD",
        "occurrence_id": "tvpp-9vvx|962698|2026-09-16T10:00:00",
        "publication_allowed": true,
        "source_dataset": "tvpp-9vvx",
        "source_event_id": "962698",
        "source_geometry_dataset_id": "2v4z-66xt",
        "source_geometry_dataset_name": "NYC DCP LION",
        "source_segment_id": "0166556",
        "start_date_time": "2026-09-16T10:00:00.000",
        "title": "PAL PLAYSTREET",
        "validation_state": "validated"
      },
      "type": "Feature"
    },
    {
      "geometry": {
        "coordinates": [
          [
            [
              -73.94435587127268,
              40.80641358678809
            ],
            [
              -73.9458943627512,
              40.80706298537648
            ]
          ]
        ],
        "type": "MultiLineString"
      },
      "id": "tvpp-9vvx|962698|2026-09-17T10:00:00",
      "properties": {
        "borough": "Manhattan",
        "certified_pin": false,
        "display_geometry_role": "route",
        "end_date_time": "2026-09-17T16:00:00.000",
        "endpoint_1_nearest_source_endpoint_m": 0.115,
        "endpoint_2_nearest_source_endpoint_m": 8.118,
        "endpoint_tolerance_m": 50.0,
        "exact_pin_eligible": false,
        "geometry_authority": "nyc_dcp_geosupport_plus_lion",
        "geometry_precision": "official_centerline",
        "geometry_sha256": "45d66aab78706a4def0cb3865557f932659e6690c538160aadb85c0407d9681a",
        "location": "WEST  124 STREET between MOUNT MORRIS PARK WEST and MALCOLM X BOULEVARD",
        "occurrence_id": "tvpp-9vvx|962698|2026-09-17T10:00:00",
        "publication_allowed": true,
        "source_dataset": "tvpp-9vvx",
        "source_event_id": "962698",
        "source_geometry_dataset_id": "2v4z-66xt",
        "source_geometry_dataset_name": "NYC DCP LION",
        "source_segment_id": "0166556",
        "start_date_time": "2026-09-17T10:00:00.000",
        "title": "PAL PLAYSTREET",
        "validation_state": "validated"
      },
      "type": "Feature"
    },
    {
      "geometry": {
        "coordinates": [
          [
            [
              -73.94435587127268,
              40.80641358678809
            ],
            [
              -73.9458943627512,
              40.80706298537648
            ]
          ]
        ],
        "type": "MultiLineString"
      },
      "id": "tvpp-9vvx|962698|2026-09-21T10:00:00",
      "properties": {
        "borough": "Manhattan",
        "certified_pin": false,
        "display_geometry_role": "route",
        "end_date_time": "2026-09-21T16:00:00.000",
        "endpoint_1_nearest_source_endpoint_m": 0.115,
        "endpoint_2_nearest_source_endpoint_m": 8.118,
        "endpoint_tolerance_m": 50.0,
        "exact_pin_eligible": false,
        "geometry_authority": "nyc_dcp_geosupport_plus_lion",
        "geometry_precision": "official_centerline",
        "geometry_sha256": "45d66aab78706a4def0cb3865557f932659e6690c538160aadb85c0407d9681a",
        "location": "WEST  124 STREET between MOUNT MORRIS PARK WEST and MALCOLM X BOULEVARD",
        "occurrence_id": "tvpp-9vvx|962698|2026-09-21T10:00:00",
        "publication_allowed": true,
        "source_dataset": "tvpp-9vvx",
        "source_event_id": "962698",
        "source_geometry_dataset_id": "2v4z-66xt",
        "source_geometry_dataset_name": "NYC DCP LION",
        "source_segment_id": "0166556",
        "start_date_time": "2026-09-21T10:00:00.000",
        "title": "PAL PLAYSTREET",
        "validation_state": "validated"
      },
      "type": "Feature"
    },
    {
      "geometry": {
        "coordinates": [
          [
            [
              -73.94435587127268,
              40.80641358678809
            ],
            [
              -73.9458943627512,
              40.80706298537648
            ]
          ]
        ],
        "type": "MultiLineString"
      },
      "id": "tvpp-9vvx|962698|2026-09-22T10:00:00",
      "properties": {
        "borough": "Manhattan",
        "certified_pin": false,
        "display_geometry_role": "route",
        "end_date_time": "2026-09-22T16:00:00.000",
        "endpoint_1_nearest_source_endpoint_m": 0.115,
        "endpoint_2_nearest_source_endpoint_m": 8.118,
        "endpoint_tolerance_m": 50.0,
        "exact_pin_eligible": false,
        "geometry_authority": "nyc_dcp_geosupport_plus_lion",
        "geometry_precision": "official_centerline",
        "geometry_sha256": "45d66aab78706a4def0cb3865557f932659e6690c538160aadb85c0407d9681a",
        "location": "WEST  124 STREET between MOUNT MORRIS PARK WEST and MALCOLM X BOULEVARD",
        "occurrence_id": "tvpp-9vvx|962698|2026-09-22T10:00:00",
        "publication_allowed": true,
        "source_dataset": "tvpp-9vvx",
        "source_event_id": "962698",
        "source_geometry_dataset_id": "2v4z-66xt",
        "source_geometry_dataset_name": "NYC DCP LION",
        "source_segment_id": "0166556",
        "start_date_time": "2026-09-22T10:00:00.000",
        "title": "PAL PLAYSTREET",
        "validation_state": "validated"
      },
      "type": "Feature"
    },
    {
      "geometry": {
        "coordinates": [
          [
            [
              -73.94435587127268,
              40.80641358678809
            ],
            [
              -73.9458943627512,
              40.80706298537648
            ]
          ]
        ],
        "type": "MultiLineString"
      },
      "id": "tvpp-9vvx|962698|2026-09-23T10:00:00",
      "properties": {
        "borough": "Manhattan",
        "certified_pin": false,
        "display_geometry_role": "route",
        "end_date_time": "2026-09-23T16:00:00.000",
        "endpoint_1_nearest_source_endpoint_m": 0.115,
        "endpoint_2_nearest_source_endpoint_m": 8.118,
        "endpoint_tolerance_m": 50.0,
        "exact_pin_eligible": false,
        "geometry_authority": "nyc_dcp_geosupport_plus_lion",
        "geometry_precision": "official_centerline",
        "geometry_sha256": "45d66aab78706a4def0cb3865557f932659e6690c538160aadb85c0407d9681a",
        "location": "WEST  124 STREET between MOUNT MORRIS PARK WEST and MALCOLM X BOULEVARD",
        "occurrence_id": "tvpp-9vvx|962698|2026-09-23T10:00:00",
        "publication_allowed": true,
        "source_dataset": "tvpp-9vvx",
        "source_event_id": "962698",
        "source_geometry_dataset_id": "2v4z-66xt",
        "source_geometry_dataset_name": "NYC DCP LION",
        "source_segment_id": "0166556",
        "start_date_time": "2026-09-23T10:00:00.000",
        "title": "PAL PLAYSTREET",
        "validation_state": "validated"
      },
      "type": "Feature"
    },
    {
      "geometry": {
        "coordinates": [
          [
            [
              -73.94435587127268,
              40.80641358678809
            ],
            [
              -73.9458943627512,
              40.80706298537648
            ]
          ]
        ],
        "type": "MultiLineString"
      },
      "id": "tvpp-9vvx|962698|2026-09-24T10:00:00",
      "properties": {
        "borough": "Manhattan",
        "certified_pin": false,
        "display_geometry_role": "route",
        "end_date_time": "2026-09-24T16:00:00.000",
        "endpoint_1_nearest_source_endpoint_m": 0.115,
        "endpoint_2_nearest_source_endpoint_m": 8.118,
        "endpoint_tolerance_m": 50.0,
        "exact_pin_eligible": false,
        "geometry_authority": "nyc_dcp_geosupport_plus_lion",
        "geometry_precision": "official_centerline",
        "geometry_sha256": "45d66aab78706a4def0cb3865557f932659e6690c538160aadb85c0407d9681a",
        "location": "WEST  124 STREET between MOUNT MORRIS PARK WEST and MALCOLM X BOULEVARD",
        "occurrence_id": "tvpp-9vvx|962698|2026-09-24T10:00:00",
        "publication_allowed": true,
        "source_dataset": "tvpp-9vvx",
        "source_event_id": "962698",
        "source_geometry_dataset_id": "2v4z-66xt",
        "source_geometry_dataset_name": "NYC DCP LION",
        "source_segment_id": "0166556",
        "start_date_time": "2026-09-24T10:00:00.000",
        "title": "PAL PLAYSTREET",
        "validation_state": "validated"
      },
      "type": "Feature"
    },
    {
      "geometry": {
        "coordinates": [
          [
            [
              -73.94435587127268,
              40.80641358678809
            ],
            [
              -73.9458943627512,
              40.80706298537648
            ]
          ]
        ],
        "type": "MultiLineString"
      },
      "id": "tvpp-9vvx|962698|2026-09-28T10:00:00",
      "properties": {
        "borough": "Manhattan",
        "certified_pin": false,
        "display_geometry_role": "route",
        "end_date_time": "2026-09-28T16:00:00.000",
        "endpoint_1_nearest_source_endpoint_m": 0.115,
        "endpoint_2_nearest_source_endpoint_m": 8.118,
        "endpoint_tolerance_m": 50.0,
        "exact_pin_eligible": false,
        "geometry_authority": "nyc_dcp_geosupport_plus_lion",
        "geometry_precision": "official_centerline",
        "geometry_sha256": "45d66aab78706a4def0cb3865557f932659e6690c538160aadb85c0407d9681a",
        "location": "WEST  124 STREET between MOUNT MORRIS PARK WEST and MALCOLM X BOULEVARD",
        "occurrence_id": "tvpp-9vvx|962698|2026-09-28T10:00:00",
        "publication_allowed": true,
        "source_dataset": "tvpp-9vvx",
        "source_event_id": "962698",
        "source_geometry_dataset_id": "2v4z-66xt",
        "source_geometry_dataset_name": "NYC DCP LION",
        "source_segment_id": "0166556",
        "start_date_time": "2026-09-28T10:00:00.000",
        "title": "PAL PLAYSTREET",
        "validation_state": "validated"
      },
      "type": "Feature"
    },
    {
      "geometry": {
        "coordinates": [
          [
            [
              -73.94435587127268,
              40.80641358678809
            ],
            [
              -73.9458943627512,
              40.80706298537648
            ]
          ]
        ],
        "type": "MultiLineString"
      },
      "id": "tvpp-9vvx|962698|2026-09-29T10:00:00",
      "properties": {
        "borough": "Manhattan",
        "certified_pin": false,
        "display_geometry_role": "route",
        "end_date_time": "2026-09-29T16:00:00.000",
        "endpoint_1_nearest_source_endpoint_m": 0.115,
        "endpoint_2_nearest_source_endpoint_m": 8.118,
        "endpoint_tolerance_m": 50.0,
        "exact_pin_eligible": false,
        "geometry_authority": "nyc_dcp_geosupport_plus_lion",
        "geometry_precision": "official_centerline",
        "geometry_sha256": "45d66aab78706a4def0cb3865557f932659e6690c538160aadb85c0407d9681a",
        "location": "WEST  124 STREET between MOUNT MORRIS PARK WEST and MALCOLM X BOULEVARD",
        "occurrence_id": "tvpp-9vvx|962698|2026-09-29T10:00:00",
        "publication_allowed": true,
        "source_dataset": "tvpp-9vvx",
        "source_event_id": "962698",
        "source_geometry_dataset_id": "2v4z-66xt",
        "source_geometry_dataset_name": "NYC DCP LION",
        "source_segment_id": "0166556",
        "start_date_time": "2026-09-29T10:00:00.000",
        "title": "PAL PLAYSTREET",
        "validation_state": "validated"
      },
      "type": "Feature"
    },
    {
      "geometry": {
        "coordinates": [
          [
            [
              -73.94436432556944,
              40.827194961642796
            ],
            [
              -73.9457470210812,
              40.82777648480888
            ]
          ]
        ],
        "type": "MultiLineString"
      },
      "id": "tvpp-9vvx|954191|2026-09-05T12:00:00",
      "properties": {
        "borough": "Manhattan",
        "certified_pin": false,
        "display_geometry_role": "route",
        "end_date_time": "2026-09-05T18:30:00.000",
        "endpoint_1_nearest_source_endpoint_m": 0.175,
        "endpoint_2_nearest_source_endpoint_m": 0.234,
        "endpoint_tolerance_m": 50.0,
        "exact_pin_eligible": false,
        "geometry_authority": "nyc_dcp_geosupport_plus_lion",
        "geometry_precision": "official_centerline",
        "geometry_sha256": "006d98a3b6ca3e47cab6e76127f50ba9ee3428fbd315cd25442abb1d4f82b603",
        "location": "WEST  149 STREET between AMSTERDAM AVENUE and CONVENT AVENUE",
        "occurrence_id": "tvpp-9vvx|954191|2026-09-05T12:00:00",
        "publication_allowed": true,
        "source_dataset": "tvpp-9vvx",
        "source_event_id": "954191",
        "source_geometry_dataset_id": "2v4z-66xt",
        "source_geometry_dataset_name": "NYC DCP LION",
        "source_segment_id": "0039020",
        "start_date_time": "2026-09-05T12:00:00.000",
        "title": "149TH ANNUAL BLOCK PARTY",
        "validation_state": "validated"
      },
      "type": "Feature"
    },
    {
      "geometry": {
        "coordinates": [
          [
            [
              -73.9378098436124,
              40.84594786660632
            ],
            [
              -73.938451403147,
              40.84619215420966
            ]
          ]
        ],
        "type": "MultiLineString"
      },
      "id": "tvpp-9vvx|911545|2026-09-03T08:00:00",
      "properties": {
        "borough": "Manhattan",
        "certified_pin": false,
        "display_geometry_role": "route",
        "end_date_time": "2026-09-03T17:00:00.000",
        "endpoint_1_nearest_source_endpoint_m": 0.038,
        "endpoint_2_nearest_source_endpoint_m": 0.098,
        "endpoint_tolerance_m": 50.0,
        "exact_pin_eligible": false,
        "geometry_authority": "nyc_dcp_geosupport_plus_lion",
        "geometry_precision": "official_centerline",
        "geometry_sha256": "780572fb2b1a834a98fa159228b01d2b4315c99548703751b038097601c674c3",
        "location": "WEST  175 STREET between BROADWAY and WADSWORTH AVENUE",
        "occurrence_id": "tvpp-9vvx|911545|2026-09-03T08:00:00",
        "publication_allowed": true,
        "source_dataset": "tvpp-9vvx",
        "source_event_id": "911545",
        "source_geometry_dataset_id": "2v4z-66xt",
        "source_geometry_dataset_name": "NYC DCP LION",
        "source_segment_id": "0070946",
        "start_date_time": "2026-09-03T08:00:00.000",
        "title": "175 street Greenmarket Thursday",
        "validation_state": "validated"
      },
      "type": "Feature"
    },
    {
      "geometry": {
        "coordinates": [
          [
            [
              -73.9378098436124,
              40.84594786660632
            ],
            [
              -73.938451403147,
              40.84619215420966
            ]
          ]
        ],
        "type": "MultiLineString"
      },
      "id": "tvpp-9vvx|911545|2026-09-10T08:00:00",
      "properties": {
        "borough": "Manhattan",
        "certified_pin": false,
        "display_geometry_role": "route",
        "end_date_time": "2026-09-10T17:00:00.000",
        "endpoint_1_nearest_source_endpoint_m": 0.038,
        "endpoint_2_nearest_source_endpoint_m": 0.098,
        "endpoint_tolerance_m": 50.0,
        "exact_pin_eligible": false,
        "geometry_authority": "nyc_dcp_geosupport_plus_lion",
        "geometry_precision": "official_centerline",
        "geometry_sha256": "780572fb2b1a834a98fa159228b01d2b4315c99548703751b038097601c674c3",
        "location": "WEST  175 STREET between BROADWAY and WADSWORTH AVENUE",
        "occurrence_id": "tvpp-9vvx|911545|2026-09-10T08:00:00",
        "publication_allowed": true,
        "source_dataset": "tvpp-9vvx",
        "source_event_id": "911545",
        "source_geometry_dataset_id": "2v4z-66xt",
        "source_geometry_dataset_name": "NYC DCP LION",
        "source_segment_id": "0070946",
        "start_date_time": "2026-09-10T08:00:00.000",
        "title": "175 street Greenmarket Thursday",
        "validation_state": "validated"
      },
      "type": "Feature"
    },
    {
      "geometry": {
        "coordinates": [
          [
            [
              -73.9378098436124,
              40.84594786660632
            ],
            [
              -73.938451403147,
              40.84619215420966
            ]
          ]
        ],
        "type": "MultiLineString"
      },
      "id": "tvpp-9vvx|911545|2026-09-17T08:00:00",
      "properties": {
        "borough": "Manhattan",
        "certified_pin": false,
        "display_geometry_role": "route",
        "end_date_time": "2026-09-17T17:00:00.000",
        "endpoint_1_nearest_source_endpoint_m": 0.038,
        "endpoint_2_nearest_source_endpoint_m": 0.098,
        "endpoint_tolerance_m": 50.0,
        "exact_pin_eligible": false,
        "geometry_authority": "nyc_dcp_geosupport_plus_lion",
        "geometry_precision": "official_centerline",
        "geometry_sha256": "780572fb2b1a834a98fa159228b01d2b4315c99548703751b038097601c674c3",
        "location": "WEST  175 STREET between BROADWAY and WADSWORTH AVENUE",
        "occurrence_id": "tvpp-9vvx|911545|2026-09-17T08:00:00",
        "publication_allowed": true,
        "source_dataset": "tvpp-9vvx",
        "source_event_id": "911545",
        "source_geometry_dataset_id": "2v4z-66xt",
        "source_geometry_dataset_name": "NYC DCP LION",
        "source_segment_id": "0070946",
        "start_date_time": "2026-09-17T08:00:00.000",
        "title": "175 street Greenmarket Thursday",
        "validation_state": "validated"
      },
      "type": "Feature"
    },
    {
      "geometry": {
        "coordinates": [
          [
            [
              -73.9378098436124,
              40.84594786660632
            ],
            [
              -73.938451403147,
              40.84619215420966
            ]
          ]
        ],
        "type": "MultiLineString"
      },
      "id": "tvpp-9vvx|911545|2026-09-24T08:00:00",
      "properties": {
        "borough": "Manhattan",
        "certified_pin": false,
        "display_geometry_role": "route",
        "end_date_time": "2026-09-24T17:00:00.000",
        "endpoint_1_nearest_source_endpoint_m": 0.038,
        "endpoint_2_nearest_source_endpoint_m": 0.098,
        "endpoint_tolerance_m": 50.0,
        "exact_pin_eligible": false,
        "geometry_authority": "nyc_dcp_geosupport_plus_lion",
        "geometry_precision": "official_centerline",
        "geometry_sha256": "780572fb2b1a834a98fa159228b01d2b4315c99548703751b038097601c674c3",
        "location": "WEST  175 STREET between BROADWAY and WADSWORTH AVENUE",
        "occurrence_id": "tvpp-9vvx|911545|2026-09-24T08:00:00",
        "publication_allowed": true,
        "source_dataset": "tvpp-9vvx",
        "source_event_id": "911545",
        "source_geometry_dataset_id": "2v4z-66xt",
        "source_geometry_dataset_name": "NYC DCP LION",
        "source_segment_id": "0070946",
        "start_date_time": "2026-09-24T08:00:00.000",
        "title": "175 street Greenmarket Thursday",
        "validation_state": "validated"
      },
      "type": "Feature"
    },
    {
      "geometry": {
        "coordinates": [
          [
            [
              -73.99459264913926,
              40.74044198078674
            ],
            [
              -73.99743359703142,
              40.74164257242144
            ]
          ]
        ],
        "type": "MultiLineString"
      },
      "id": "tvpp-9vvx|967340|2026-08-30T07:00:00",
      "properties": {
        "borough": "Manhattan",
        "certified_pin": false,
        "display_geometry_role": "route",
        "end_date_time": "2026-08-30T15:00:00.000",
        "endpoint_1_nearest_source_endpoint_m": 0.161,
        "endpoint_2_nearest_source_endpoint_m": 0.058,
        "endpoint_tolerance_m": 50.0,
        "exact_pin_eligible": false,
        "geometry_authority": "nyc_dcp_geosupport_plus_lion",
        "geometry_precision": "official_centerline",
        "geometry_sha256": "f717c090442ef0af19b6d7cb44b6bb851fa79522844c421f78348d943e165073",
        "location": "WEST   19 STREET between 6 AVENUE and 7 AVENUE",
        "occurrence_id": "tvpp-9vvx|967340|2026-08-30T07:00:00",
        "publication_allowed": true,
        "source_dataset": "tvpp-9vvx",
        "source_event_id": "967340",
        "source_geometry_dataset_id": "2v4z-66xt",
        "source_geometry_dataset_name": "NYC DCP LION",
        "source_segment_id": "0032644",
        "start_date_time": "2026-08-30T07:00:00.000",
        "title": "SCHOOL OF VISUAL ARTS ORIENTATION DAY",
        "validation_state": "validated"
      },
      "type": "Feature"
    },
    {
      "geometry": {
        "coordinates": [
          [
            [
              -73.99848652447366,
              40.745294164136
            ],
            [
              -74.00132588175019,
              40.746491848287356
            ]
          ]
        ],
        "type": "MultiLineString"
      },
      "id": "tvpp-9vvx|893707|2026-09-05T06:00:00",
      "properties": {
        "borough": "Manhattan",
        "certified_pin": false,
        "display_geometry_role": "route",
        "end_date_time": "2026-09-05T18:00:00.000",
        "endpoint_1_nearest_source_endpoint_m": 0.179,
        "endpoint_2_nearest_source_endpoint_m": 0.204,
        "endpoint_tolerance_m": 50.0,
        "exact_pin_eligible": false,
        "geometry_authority": "nyc_dcp_geosupport_plus_lion",
        "geometry_precision": "official_centerline",
        "geometry_sha256": "9e1fcd78c920fc3167082302644be60928582cd5e7b5e21baf8cb6fb219397a4",
        "location": "WEST   23 STREET between 8 AVENUE and 9 AVENUE",
        "occurrence_id": "tvpp-9vvx|893707|2026-09-05T06:00:00",
        "publication_allowed": true,
        "source_dataset": "tvpp-9vvx",
        "source_event_id": "893707",
        "source_geometry_dataset_id": "2v4z-66xt",
        "source_geometry_dataset_name": "NYC DCP LION",
        "source_segment_id": "0033540",
        "start_date_time": "2026-09-05T06:00:00.000",
        "title": "Down to Earth Chelsea Farmers Market",
        "validation_state": "validated"
      },
      "type": "Feature"
    },
    {
      "geometry": {
        "coordinates": [
          [
            [
              -73.99848652447366,
              40.745294164136
            ],
            [
              -74.00132588175019,
              40.746491848287356
            ]
          ]
        ],
        "type": "MultiLineString"
      },
      "id": "tvpp-9vvx|893707|2026-09-12T06:00:00",
      "properties": {
        "borough": "Manhattan",
        "certified_pin": false,
        "display_geometry_role": "route",
        "end_date_time": "2026-09-12T18:00:00.000",
        "endpoint_1_nearest_source_endpoint_m": 0.179,
        "endpoint_2_nearest_source_endpoint_m": 0.204,
        "endpoint_tolerance_m": 50.0,
        "exact_pin_eligible": false,
        "geometry_authority": "nyc_dcp_geosupport_plus_lion",
        "geometry_precision": "official_centerline",
        "geometry_sha256": "9e1fcd78c920fc3167082302644be60928582cd5e7b5e21baf8cb6fb219397a4",
        "location": "WEST   23 STREET between 8 AVENUE and 9 AVENUE",
        "occurrence_id": "tvpp-9vvx|893707|2026-09-12T06:00:00",
        "publication_allowed": true,
        "source_dataset": "tvpp-9vvx",
        "source_event_id": "893707",
        "source_geometry_dataset_id": "2v4z-66xt",
        "source_geometry_dataset_name": "NYC DCP LION",
        "source_segment_id": "0033540",
        "start_date_time": "2026-09-12T06:00:00.000",
        "title": "Down to Earth Chelsea Farmers Market",
        "validation_state": "validated"
      },
      "type": "Feature"
    },
    {
      "geometry": {
        "coordinates": [
          [
            [
              -73.99848652447366,
              40.745294164136
            ],
            [
              -74.00132588175019,
              40.746491848287356
            ]
          ]
        ],
        "type": "MultiLineString"
      },
      "id": "tvpp-9vvx|893707|2026-09-19T06:00:00",
      "properties": {
        "borough": "Manhattan",
        "certified_pin": false,
        "display_geometry_role": "route",
        "end_date_time": "2026-09-19T18:00:00.000",
        "endpoint_1_nearest_source_endpoint_m": 0.179,
        "endpoint_2_nearest_source_endpoint_m": 0.204,
        "endpoint_tolerance_m": 50.0,
        "exact_pin_eligible": false,
        "geometry_authority": "nyc_dcp_geosupport_plus_lion",
        "geometry_precision": "official_centerline",
        "geometry_sha256": "9e1fcd78c920fc3167082302644be60928582cd5e7b5e21baf8cb6fb219397a4",
        "location": "WEST   23 STREET between 8 AVENUE and 9 AVENUE",
        "occurrence_id": "tvpp-9vvx|893707|2026-09-19T06:00:00",
        "publication_allowed": true,
        "source_dataset": "tvpp-9vvx",
        "source_event_id": "893707",
        "source_geometry_dataset_id": "2v4z-66xt",
        "source_geometry_dataset_name": "NYC DCP LION",
        "source_segment_id": "0033540",
        "start_date_time": "2026-09-19T06:00:00.000",
        "title": "Down to Earth Chelsea Farmers Market",
        "validation_state": "validated"
      },
      "type": "Feature"
    },
    {
      "geometry": {
        "coordinates": [
          [
            [
              -73.99848652447366,
              40.745294164136
            ],
            [
              -74.00132588175019,
              40.746491848287356
            ]
          ]
        ],
        "type": "MultiLineString"
      },
      "id": "tvpp-9vvx|893707|2026-09-26T06:00:00",
      "properties": {
        "borough": "Manhattan",
        "certified_pin": false,
        "display_geometry_role": "route",
        "end_date_time": "2026-09-26T18:00:00.000",
        "endpoint_1_nearest_source_endpoint_m": 0.179,
        "endpoint_2_nearest_source_endpoint_m": 0.204,
        "endpoint_tolerance_m": 50.0,
        "exact_pin_eligible": false,
        "geometry_authority": "nyc_dcp_geosupport_plus_lion",
        "geometry_precision": "official_centerline",
        "geometry_sha256": "9e1fcd78c920fc3167082302644be60928582cd5e7b5e21baf8cb6fb219397a4",
        "location": "WEST   23 STREET between 8 AVENUE and 9 AVENUE",
        "occurrence_id": "tvpp-9vvx|893707|2026-09-26T06:00:00",
        "publication_allowed": true,
        "source_dataset": "tvpp-9vvx",
        "source_event_id": "893707",
        "source_geometry_dataset_id": "2v4z-66xt",
        "source_geometry_dataset_name": "NYC DCP LION",
        "source_segment_id": "0033540",
        "start_date_time": "2026-09-26T06:00:00.000",
        "title": "Down to Earth Chelsea Farmers Market",
        "validation_state": "validated"
      },
      "type": "Feature"
    },
    {
      "geometry": {
        "coordinates": [
          [
            [
              -73.99848652447366,
              40.745294164136
            ],
            [
              -74.00132588175019,
              40.746491848287356
            ]
          ]
        ],
        "type": "MultiLineString"
      },
      "id": "tvpp-9vvx|967279|2026-08-30T07:00:00",
      "properties": {
        "borough": "Manhattan",
        "certified_pin": false,
        "display_geometry_role": "route",
        "end_date_time": "2026-08-30T16:00:00.000",
        "endpoint_1_nearest_source_endpoint_m": 0.179,
        "endpoint_2_nearest_source_endpoint_m": 0.204,
        "endpoint_tolerance_m": 50.0,
        "exact_pin_eligible": false,
        "geometry_authority": "nyc_dcp_geosupport_plus_lion",
        "geometry_precision": "official_centerline",
        "geometry_sha256": "9e1fcd78c920fc3167082302644be60928582cd5e7b5e21baf8cb6fb219397a4",
        "location": "WEST   23 STREET between 8 AVENUE and 9 AVENUE",
        "occurrence_id": "tvpp-9vvx|967279|2026-08-30T07:00:00",
        "publication_allowed": true,
        "source_dataset": "tvpp-9vvx",
        "source_event_id": "967279",
        "source_geometry_dataset_id": "2v4z-66xt",
        "source_geometry_dataset_name": "NYC DCP LION",
        "source_segment_id": "0033540",
        "start_date_time": "2026-08-30T07:00:00.000",
        "title": "SVA STUDENT FALL ORIENTATION",
        "validation_state": "validated"
      },
      "type": "Feature"
    },
    {
      "geometry": {
        "coordinates": [
          [
            [
              -73.9892685742081,
              40.74227230080671
            ],
            [
              -73.99186684744794,
              40.743375099139726
            ]
          ]
        ],
        "type": "MultiLineString"
      },
      "id": "tvpp-9vvx|961168|2026-09-04T15:00:00",
      "properties": {
        "borough": "Manhattan",
        "certified_pin": false,
        "display_geometry_role": "route",
        "end_date_time": "2026-09-04T22:00:00.000",
        "endpoint_1_nearest_source_endpoint_m": 16.202,
        "endpoint_2_nearest_source_endpoint_m": 43.844,
        "endpoint_tolerance_m": 50.0,
        "exact_pin_eligible": false,
        "geometry_authority": "nyc_dcp_geosupport_plus_lion",
        "geometry_precision": "official_centerline",
        "geometry_sha256": "3f0227537e9ddafbd3c0977636b392decba55e7b4dea2bb0c1903f6dc64f73a9",
        "location": "WEST   24 STREET between 5 AVENUE and 6 AVENUE",
        "occurrence_id": "tvpp-9vvx|961168|2026-09-04T15:00:00",
        "publication_allowed": true,
        "source_dataset": "tvpp-9vvx",
        "source_event_id": "961168",
        "source_geometry_dataset_id": "2v4z-66xt",
        "source_geometry_dataset_name": "NYC DCP LION",
        "source_segment_id": "0294517",
        "start_date_time": "2026-09-04T15:00:00.000",
        "title": "The Cultivist Iron23 Event",
        "validation_state": "validated"
      },
      "type": "Feature"
    },
    {
      "geometry": {
        "coordinates": [
          [
            [
              -73.9892685742081,
              40.74227230080671
            ],
            [
              -73.99186684744794,
              40.743375099139726
            ]
          ]
        ],
        "type": "MultiLineString"
      },
      "id": "tvpp-9vvx|961168|2026-09-05T15:00:00",
      "properties": {
        "borough": "Manhattan",
        "certified_pin": false,
        "display_geometry_role": "route",
        "end_date_time": "2026-09-05T22:00:00.000",
        "endpoint_1_nearest_source_endpoint_m": 16.202,
        "endpoint_2_nearest_source_endpoint_m": 43.844,
        "endpoint_tolerance_m": 50.0,
        "exact_pin_eligible": false,
        "geometry_authority": "nyc_dcp_geosupport_plus_lion",
        "geometry_precision": "official_centerline",
        "geometry_sha256": "3f0227537e9ddafbd3c0977636b392decba55e7b4dea2bb0c1903f6dc64f73a9",
        "location": "WEST   24 STREET between 5 AVENUE and 6 AVENUE",
        "occurrence_id": "tvpp-9vvx|961168|2026-09-05T15:00:00",
        "publication_allowed": true,
        "source_dataset": "tvpp-9vvx",
        "source_event_id": "961168",
        "source_geometry_dataset_id": "2v4z-66xt",
        "source_geometry_dataset_name": "NYC DCP LION",
        "source_segment_id": "0294517",
        "start_date_time": "2026-09-05T15:00:00.000",
        "title": "The Cultivist Iron23 Event",
        "validation_state": "validated"
      },
      "type": "Feature"
    },
    {
      "geometry": {
        "coordinates": [
          [
            [
              -73.9892685742081,
              40.74227230080671
            ],
            [
              -73.99186684744794,
              40.743375099139726
            ]
          ]
        ],
        "type": "MultiLineString"
      },
      "id": "tvpp-9vvx|961168|2026-09-06T15:00:00",
      "properties": {
        "borough": "Manhattan",
        "certified_pin": false,
        "display_geometry_role": "route",
        "end_date_time": "2026-09-06T22:00:00.000",
        "endpoint_1_nearest_source_endpoint_m": 16.202,
        "endpoint_2_nearest_source_endpoint_m": 43.844,
        "endpoint_tolerance_m": 50.0,
        "exact_pin_eligible": false,
        "geometry_authority": "nyc_dcp_geosupport_plus_lion",
        "geometry_precision": "official_centerline",
        "geometry_sha256": "3f0227537e9ddafbd3c0977636b392decba55e7b4dea2bb0c1903f6dc64f73a9",
        "location": "WEST   24 STREET between 5 AVENUE and 6 AVENUE",
        "occurrence_id": "tvpp-9vvx|961168|2026-09-06T15:00:00",
        "publication_allowed": true,
        "source_dataset": "tvpp-9vvx",
        "source_event_id": "961168",
        "source_geometry_dataset_id": "2v4z-66xt",
        "source_geometry_dataset_name": "NYC DCP LION",
        "source_segment_id": "0294517",
        "start_date_time": "2026-09-06T15:00:00.000",
        "title": "The Cultivist Iron23 Event",
        "validation_state": "validated"
      },
      "type": "Feature"
    },
    {
      "geometry": {
        "coordinates": [
          [
            [
              -73.9892685742081,
              40.74227230080671
            ],
            [
              -73.99186684744794,
              40.743375099139726
            ]
          ]
        ],
        "type": "MultiLineString"
      },
      "id": "tvpp-9vvx|961168|2026-09-07T15:00:00",
      "properties": {
        "borough": "Manhattan",
        "certified_pin": false,
        "display_geometry_role": "route",
        "end_date_time": "2026-09-07T22:00:00.000",
        "endpoint_1_nearest_source_endpoint_m": 16.202,
        "endpoint_2_nearest_source_endpoint_m": 43.844,
        "endpoint_tolerance_m": 50.0,
        "exact_pin_eligible": false,
        "geometry_authority": "nyc_dcp_geosupport_plus_lion",
        "geometry_precision": "official_centerline",
        "geometry_sha256": "3f0227537e9ddafbd3c0977636b392decba55e7b4dea2bb0c1903f6dc64f73a9",
        "location": "WEST   24 STREET between 5 AVENUE and 6 AVENUE",
        "occurrence_id": "tvpp-9vvx|961168|2026-09-07T15:00:00",
        "publication_allowed": true,
        "source_dataset": "tvpp-9vvx",
        "source_event_id": "961168",
        "source_geometry_dataset_id": "2v4z-66xt",
        "source_geometry_dataset_name": "NYC DCP LION",
        "source_segment_id": "0294517",
        "start_date_time": "2026-09-07T15:00:00.000",
        "title": "The Cultivist Iron23 Event",
        "validation_state": "validated"
      },
      "type": "Feature"
    },
    {
      "geometry": {
        "coordinates": [
          [
            [
              -73.9892685742081,
              40.74227230080671
            ],
            [
              -73.99186684744794,
              40.743375099139726
            ]
          ]
        ],
        "type": "MultiLineString"
      },
      "id": "tvpp-9vvx|961168|2026-09-11T15:00:00",
      "properties": {
        "borough": "Manhattan",
        "certified_pin": false,
        "display_geometry_role": "route",
        "end_date_time": "2026-09-11T22:00:00.000",
        "endpoint_1_nearest_source_endpoint_m": 16.202,
        "endpoint_2_nearest_source_endpoint_m": 43.844,
        "endpoint_tolerance_m": 50.0,
        "exact_pin_eligible": false,
        "geometry_authority": "nyc_dcp_geosupport_plus_lion",
        "geometry_precision": "official_centerline",
        "geometry_sha256": "3f0227537e9ddafbd3c0977636b392decba55e7b4dea2bb0c1903f6dc64f73a9",
        "location": "WEST   24 STREET between 5 AVENUE and 6 AVENUE",
        "occurrence_id": "tvpp-9vvx|961168|2026-09-11T15:00:00",
        "publication_allowed": true,
        "source_dataset": "tvpp-9vvx",
        "source_event_id": "961168",
        "source_geometry_dataset_id": "2v4z-66xt",
        "source_geometry_dataset_name": "NYC DCP LION",
        "source_segment_id": "0294517",
        "start_date_time": "2026-09-11T15:00:00.000",
        "title": "The Cultivist Iron23 Event",
        "validation_state": "validated"
      },
      "type": "Feature"
    },
    {
      "geometry": {
        "coordinates": [
          [
            [
              -73.9892685742081,
              40.74227230080671
            ],
            [
              -73.99186684744794,
              40.743375099139726
            ]
          ]
        ],
        "type": "MultiLineString"
      },
      "id": "tvpp-9vvx|961168|2026-09-12T15:00:00",
      "properties": {
        "borough": "Manhattan",
        "certified_pin": false,
        "display_geometry_role": "route",
        "end_date_time": "2026-09-12T22:00:00.000",
        "endpoint_1_nearest_source_endpoint_m": 16.202,
        "endpoint_2_nearest_source_endpoint_m": 43.844,
        "endpoint_tolerance_m": 50.0,
        "exact_pin_eligible": false,
        "geometry_authority": "nyc_dcp_geosupport_plus_lion",
        "geometry_precision": "official_centerline",
        "geometry_sha256": "3f0227537e9ddafbd3c0977636b392decba55e7b4dea2bb0c1903f6dc64f73a9",
        "location": "WEST   24 STREET between 5 AVENUE and 6 AVENUE",
        "occurrence_id": "tvpp-9vvx|961168|2026-09-12T15:00:00",
        "publication_allowed": true,
        "source_dataset": "tvpp-9vvx",
        "source_event_id": "961168",
        "source_geometry_dataset_id": "2v4z-66xt",
        "source_geometry_dataset_name": "NYC DCP LION",
        "source_segment_id": "0294517",
        "start_date_time": "2026-09-12T15:00:00.000",
        "title": "The Cultivist Iron23 Event",
        "validation_state": "validated"
      },
      "type": "Feature"
    },
    {
      "geometry": {
        "coordinates": [
          [
            [
              -73.9892685742081,
              40.74227230080671
            ],
            [
              -73.99186684744794,
              40.743375099139726
            ]
          ]
        ],
        "type": "MultiLineString"
      },
      "id": "tvpp-9vvx|961168|2026-09-13T15:00:00",
      "properties": {
        "borough": "Manhattan",
        "certified_pin": false,
        "display_geometry_role": "route",
        "end_date_time": "2026-09-13T22:00:00.000",
        "endpoint_1_nearest_source_endpoint_m": 16.202,
        "endpoint_2_nearest_source_endpoint_m": 43.844,
        "endpoint_tolerance_m": 50.0,
        "exact_pin_eligible": false,
        "geometry_authority": "nyc_dcp_geosupport_plus_lion",
        "geometry_precision": "official_centerline",
        "geometry_sha256": "3f0227537e9ddafbd3c0977636b392decba55e7b4dea2bb0c1903f6dc64f73a9",
        "location": "WEST   24 STREET between 5 AVENUE and 6 AVENUE",
        "occurrence_id": "tvpp-9vvx|961168|2026-09-13T15:00:00",
        "publication_allowed": true,
        "source_dataset": "tvpp-9vvx",
        "source_event_id": "961168",
        "source_geometry_dataset_id": "2v4z-66xt",
        "source_geometry_dataset_name": "NYC DCP LION",
        "source_segment_id": "0294517",
        "start_date_time": "2026-09-13T15:00:00.000",
        "title": "The Cultivist Iron23 Event",
        "validation_state": "validated"
      },
      "type": "Feature"
    },
    {
      "geometry": {
        "coordinates": [
          [
            [
              -74.00562918194188,
              40.750787187219196
            ],
            [
              -74.0078294197806,
              40.75171391318994
            ]
          ]
        ],
        "type": "MultiLineString"
      },
      "id": "tvpp-9vvx|948235|2026-09-15T09:00:00",
      "properties": {
        "borough": "Manhattan",
        "certified_pin": false,
        "display_geometry_role": "route",
        "end_date_time": "2026-09-20T17:00:00.000",
        "endpoint_1_nearest_source_endpoint_m": 0.114,
        "endpoint_2_nearest_source_endpoint_m": 9.172,
        "endpoint_tolerance_m": 50.0,
        "exact_pin_eligible": false,
        "geometry_authority": "nyc_dcp_geosupport_plus_lion",
        "geometry_precision": "official_centerline",
        "geometry_sha256": "9066cdbf35df77d4f1eeb8cadd1aacbbb7bd663c46d63287d257e111aae7824c",
        "location": "WEST   26 STREET between 11 AVENUE and 12 AVENUE",
        "occurrence_id": "tvpp-9vvx|948235|2026-09-15T09:00:00",
        "publication_allowed": true,
        "source_dataset": "tvpp-9vvx",
        "source_event_id": "948235",
        "source_geometry_dataset_id": "2v4z-66xt",
        "source_geometry_dataset_name": "NYC DCP LION",
        "source_segment_id": "0164556",
        "start_date_time": "2026-09-15T09:00:00.000",
        "title": "Affordable Art Fair Fall 2026",
        "validation_state": "validated"
      },
      "type": "Feature"
    },
    {
      "geometry": {
        "coordinates": [
          [
            [
              -73.99335902199928,
              40.74723522219733
            ],
            [
              -73.99619655481843,
              40.74843932771393
            ]
          ]
        ],
        "type": "MultiLineString"
      },
      "id": "tvpp-9vvx|971699|2026-09-09T00:30:00",
      "properties": {
        "borough": "Manhattan",
        "certified_pin": false,
        "display_geometry_role": "route",
        "end_date_time": "2026-09-10T23:30:00.000",
        "endpoint_1_nearest_source_endpoint_m": 0.059,
        "endpoint_2_nearest_source_endpoint_m": 0.087,
        "endpoint_tolerance_m": 50.0,
        "exact_pin_eligible": false,
        "geometry_authority": "nyc_dcp_geosupport_plus_lion",
        "geometry_precision": "official_centerline",
        "geometry_sha256": "e174f4e62a0ad23f6ed1537d9887e64458396094fa2f67026a4d83909c22d89e",
        "location": "WEST   28 STREET between 8 AVENUE and 7 AVENUE",
        "occurrence_id": "tvpp-9vvx|971699|2026-09-09T00:30:00",
        "publication_allowed": true,
        "source_dataset": "tvpp-9vvx",
        "source_event_id": "971699",
        "source_geometry_dataset_id": "2v4z-66xt",
        "source_geometry_dataset_name": "NYC DCP LION",
        "source_segment_id": "0033799",
        "start_date_time": "2026-09-09T00:30:00.000",
        "title": "Baby2Baby Production Parking",
        "validation_state": "validated"
      },
      "type": "Feature"
    },
    {
      "geometry": {
        "coordinates": [
          [
            [
              -73.98317416277132,
              40.7503422092214
            ],
            [
              -73.98639930870723,
              40.75169998580679
            ]
          ]
        ],
        "type": "MultiLineString"
      },
      "id": "tvpp-9vvx|966850|2026-09-10T17:00:00",
      "properties": {
        "borough": "Manhattan",
        "certified_pin": false,
        "display_geometry_role": "route",
        "end_date_time": "2026-09-10T22:00:00.000",
        "endpoint_1_nearest_source_endpoint_m": 0.089,
        "endpoint_2_nearest_source_endpoint_m": 0.231,
        "endpoint_tolerance_m": 50.0,
        "exact_pin_eligible": false,
        "geometry_authority": "nyc_dcp_geosupport_plus_lion",
        "geometry_precision": "official_centerline",
        "geometry_sha256": "3bfe423322760529aab0de422dc26a3ec0eda28c89b64209506987b2db5a7448",
        "location": "WEST   37 STREET between 5 AVENUE and 6 AVENUE",
        "occurrence_id": "tvpp-9vvx|966850|2026-09-10T17:00:00",
        "publication_allowed": true,
        "source_dataset": "tvpp-9vvx",
        "source_event_id": "966850",
        "source_geometry_dataset_id": "2v4z-66xt",
        "source_geometry_dataset_name": "NYC DCP LION",
        "source_segment_id": "0034042",
        "start_date_time": "2026-09-10T17:00:00.000",
        "title": "Moncler Private Shuttles - W. 37th St.",
        "validation_state": "validated"
      },
      "type": "Feature"
    },
    {
      "geometry": {
        "coordinates": [
          [
            [
              -73.98833572536,
              40.75413029340587
            ],
            [
              -73.99117738156957,
              40.755329848022036
            ]
          ]
        ],
        "type": "MultiLineString"
      },
      "id": "tvpp-9vvx|966795|2026-09-11T08:00:00",
      "properties": {
        "borough": "Manhattan",
        "certified_pin": false,
        "display_geometry_role": "route",
        "end_date_time": "2026-09-11T20:00:00.000",
        "endpoint_1_nearest_source_endpoint_m": 0.165,
        "endpoint_2_nearest_source_endpoint_m": 0.187,
        "endpoint_tolerance_m": 50.0,
        "exact_pin_eligible": false,
        "geometry_authority": "nyc_dcp_geosupport_plus_lion",
        "geometry_precision": "official_centerline",
        "geometry_sha256": "bd332d57ad5eee786e6630301b8372f4daa6a7db8b3ad2b423835c5c28beeb93",
        "location": "WEST   39 STREET between 7 AVENUE and 8 AVENUE",
        "occurrence_id": "tvpp-9vvx|966795|2026-09-11T08:00:00",
        "publication_allowed": true,
        "source_dataset": "tvpp-9vvx",
        "source_event_id": "966795",
        "source_geometry_dataset_id": "2v4z-66xt",
        "source_geometry_dataset_name": "NYC DCP LION",
        "source_segment_id": "0033940",
        "start_date_time": "2026-09-11T08:00:00.000",
        "title": "Production Truck Staging",
        "validation_state": "validated"
      },
      "type": "Feature"
    },
    {
      "geometry": {
        "coordinates": [
          [
            [
              -73.98088709903642,
              40.75348098869405
            ],
            [
              -73.98411754820472,
              40.754842052845476
            ]
          ]
        ],
        "type": "MultiLineString"
      },
      "id": "tvpp-9vvx|964786|2026-09-02T14:00:00",
      "properties": {
        "borough": "Manhattan",
        "certified_pin": false,
        "display_geometry_role": "route",
        "end_date_time": "2026-09-02T18:00:00.000",
        "endpoint_1_nearest_source_endpoint_m": 0.196,
        "endpoint_2_nearest_source_endpoint_m": 0.169,
        "endpoint_tolerance_m": 50.0,
        "exact_pin_eligible": false,
        "geometry_authority": "nyc_dcp_geosupport_plus_lion",
        "geometry_precision": "official_centerline",
        "geometry_sha256": "94fcb442cb81200a49b1fcd8fa9dc5e3dbad4d8ecb68a1e016bed41526c8bd96",
        "location": "WEST   42 STREET between 5 AVENUE and 6 AVENUE",
        "occurrence_id": "tvpp-9vvx|964786|2026-09-02T14:00:00",
        "publication_allowed": true,
        "source_dataset": "tvpp-9vvx",
        "source_event_id": "964786",
        "source_geometry_dataset_id": "2v4z-66xt",
        "source_geometry_dataset_name": "NYC DCP LION",
        "source_segment_id": "0034178",
        "start_date_time": "2026-09-02T14:00:00.000",
        "title": "Pure Leaf",
        "validation_state": "validated"
      },
      "type": "Feature"
    },
    {
      "geometry": {
        "coordinates": [
          [
            [
              -73.98510382888607,
              40.75940435074272
            ],
            [
              -73.98747524684819,
              40.760404786907635
            ]
          ]
        ],
        "type": "MultiLineString"
      },
      "id": "tvpp-9vvx|961159|2026-09-12T09:00:00",
      "properties": {
        "borough": "Manhattan",
        "certified_pin": false,
        "display_geometry_role": "route",
        "end_date_time": "2026-09-12T16:00:00.000",
        "endpoint_1_nearest_source_endpoint_m": 0.196,
        "endpoint_2_nearest_source_endpoint_m": 0.108,
        "endpoint_tolerance_m": 50.0,
        "exact_pin_eligible": false,
        "geometry_authority": "nyc_dcp_geosupport_plus_lion",
        "geometry_precision": "official_centerline",
        "geometry_sha256": "3ed8b10105541458688958a84dc413dcbda3a2b5f3c01b28005d8cc39da23076",
        "location": "WEST   47 STREET between BROADWAY and 8 AVENUE",
        "occurrence_id": "tvpp-9vvx|961159|2026-09-12T09:00:00",
        "publication_allowed": true,
        "source_dataset": "tvpp-9vvx",
        "source_event_id": "961159",
        "source_geometry_dataset_id": "2v4z-66xt",
        "source_geometry_dataset_name": "NYC DCP LION",
        "source_segment_id": "0034078",
        "start_date_time": "2026-09-12T09:00:00.000",
        "title": "NYC BUDDY WALK",
        "validation_state": "validated"
      },
      "type": "Feature"
    },
    {
      "geometry": {
        "coordinates": [
          [
            [
              -73.97720026532613,
              40.758537933169485
            ],
            [
              -73.97844980504838,
              40.75906501393291
            ]
          ]
        ],
        "type": "MultiLineString"
      },
      "id": "tvpp-9vvx|964622|2026-09-02T07:00:00",
      "properties": {
        "borough": "Manhattan",
        "certified_pin": false,
        "display_geometry_role": "route",
        "end_date_time": "2026-09-02T18:00:00.000",
        "endpoint_1_nearest_source_endpoint_m": 0.016,
        "endpoint_2_nearest_source_endpoint_m": 0.179,
        "endpoint_tolerance_m": 50.0,
        "exact_pin_eligible": false,
        "geometry_authority": "nyc_dcp_geosupport_plus_lion",
        "geometry_precision": "official_centerline",
        "geometry_sha256": "96ef34b8fed723cb8c001024645d9799471a6522d9b2be44ecaef14f13bfc4d3",
        "location": "WEST   50 STREET between ROCKEFELLER PLAZA and 5 AVENUE",
        "occurrence_id": "tvpp-9vvx|964622|2026-09-02T07:00:00",
        "publication_allowed": true,
        "source_dataset": "tvpp-9vvx",
        "source_event_id": "964622",
        "source_geometry_dataset_id": "2v4z-66xt",
        "source_geometry_dataset_name": "NYC DCP LION",
        "source_segment_id": "0035842",
        "start_date_time": "2026-09-02T07:00:00.000",
        "title": "2-Council on the Environment-Greenmarket at Rockefeller Center",
        "validation_state": "validated"
      },
      "type": "Feature"
    },
    {
      "geometry": {
        "coordinates": [
          [
            [
              -73.97720026532613,
              40.758537933169485
            ],
            [
              -73.97844980504838,
              40.75906501393291
            ]
          ]
        ],
        "type": "MultiLineString"
      },
      "id": "tvpp-9vvx|964622|2026-09-09T07:00:00",
      "properties": {
        "borough": "Manhattan",
        "certified_pin": false,
        "display_geometry_role": "route",
        "end_date_time": "2026-09-09T18:00:00.000",
        "endpoint_1_nearest_source_endpoint_m": 0.016,
        "endpoint_2_nearest_source_endpoint_m": 0.179,
        "endpoint_tolerance_m": 50.0,
        "exact_pin_eligible": false,
        "geometry_authority": "nyc_dcp_geosupport_plus_lion",
        "geometry_precision": "official_centerline",
        "geometry_sha256": "96ef34b8fed723cb8c001024645d9799471a6522d9b2be44ecaef14f13bfc4d3",
        "location": "WEST   50 STREET between ROCKEFELLER PLAZA and 5 AVENUE",
        "occurrence_id": "tvpp-9vvx|964622|2026-09-09T07:00:00",
        "publication_allowed": true,
        "source_dataset": "tvpp-9vvx",
        "source_event_id": "964622",
        "source_geometry_dataset_id": "2v4z-66xt",
        "source_geometry_dataset_name": "NYC DCP LION",
        "source_segment_id": "0035842",
        "start_date_time": "2026-09-09T07:00:00.000",
        "title": "2-Council on the Environment-Greenmarket at Rockefeller Center",
        "validation_state": "validated"
      },
      "type": "Feature"
    },
    {
      "geometry": {
        "coordinates": [
          [
            [
              -73.97720026532613,
              40.758537933169485
            ],
            [
              -73.97844980504838,
              40.75906501393291
            ]
          ]
        ],
        "type": "MultiLineString"
      },
      "id": "tvpp-9vvx|964622|2026-09-16T07:00:00",
      "properties": {
        "borough": "Manhattan",
        "certified_pin": false,
        "display_geometry_role": "route",
        "end_date_time": "2026-09-16T18:00:00.000",
        "endpoint_1_nearest_source_endpoint_m": 0.016,
        "endpoint_2_nearest_source_endpoint_m": 0.179,
        "endpoint_tolerance_m": 50.0,
        "exact_pin_eligible": false,
        "geometry_authority": "nyc_dcp_geosupport_plus_lion",
        "geometry_precision": "official_centerline",
        "geometry_sha256": "96ef34b8fed723cb8c001024645d9799471a6522d9b2be44ecaef14f13bfc4d3",
        "location": "WEST   50 STREET between ROCKEFELLER PLAZA and 5 AVENUE",
        "occurrence_id": "tvpp-9vvx|964622|2026-09-16T07:00:00",
        "publication_allowed": true,
        "source_dataset": "tvpp-9vvx",
        "source_event_id": "964622",
        "source_geometry_dataset_id": "2v4z-66xt",
        "source_geometry_dataset_name": "NYC DCP LION",
        "source_segment_id": "0035842",
        "start_date_time": "2026-09-16T07:00:00.000",
        "title": "2-Council on the Environment-Greenmarket at Rockefeller Center",
        "validation_state": "validated"
      },
      "type": "Feature"
    },
    {
      "geometry": {
        "coordinates": [
          [
            [
              -73.97396798907644,
              40.76296658722336
            ],
            [
              -73.97719688695612,
              40.764323692000474
            ]
          ]
        ],
        "type": "MultiLineString"
      },
      "id": "tvpp-9vvx|965077|2026-09-15T00:01:00",
      "properties": {
        "borough": "Manhattan",
        "certified_pin": false,
        "display_geometry_role": "route",
        "end_date_time": "2026-09-15T23:30:00.000",
        "endpoint_1_nearest_source_endpoint_m": 0.097,
        "endpoint_2_nearest_source_endpoint_m": 0.107,
        "endpoint_tolerance_m": 50.0,
        "exact_pin_eligible": false,
        "geometry_authority": "nyc_dcp_geosupport_plus_lion",
        "geometry_precision": "official_centerline",
        "geometry_sha256": "53401559ee1536fcc0245d1c4c2923051c6d6fdd954e6de6f6eaf2f3e6f49d1d",
        "location": "WEST   57 STREET between 5 AVENUE and 6 AVENUE",
        "occurrence_id": "tvpp-9vvx|965077|2026-09-15T00:01:00",
        "publication_allowed": true,
        "source_dataset": "tvpp-9vvx",
        "source_event_id": "965077",
        "source_geometry_dataset_id": "2v4z-66xt",
        "source_geometry_dataset_name": "NYC DCP LION",
        "source_segment_id": "0036012",
        "start_date_time": "2026-09-15T00:01:00.000",
        "title": "ANDYS ICE EVENT",
        "validation_state": "validated"
      },
      "type": "Feature"
    },
    {
      "geometry": {
        "coordinates": [
          [
            [
              -73.97396798907644,
              40.76296658722336
            ],
            [
              -73.97719688695612,
              40.764323692000474
            ]
          ]
        ],
        "type": "MultiLineString"
      },
      "id": "tvpp-9vvx|966736|2026-09-17T00:01:00",
      "properties": {
        "borough": "Manhattan",
        "certified_pin": false,
        "display_geometry_role": "route",
        "end_date_time": "2026-09-17T23:30:00.000",
        "endpoint_1_nearest_source_endpoint_m": 0.097,
        "endpoint_2_nearest_source_endpoint_m": 0.107,
        "endpoint_tolerance_m": 50.0,
        "exact_pin_eligible": false,
        "geometry_authority": "nyc_dcp_geosupport_plus_lion",
        "geometry_precision": "official_centerline",
        "geometry_sha256": "53401559ee1536fcc0245d1c4c2923051c6d6fdd954e6de6f6eaf2f3e6f49d1d",
        "location": "WEST   57 STREET between 5 AVENUE and 6 AVENUE",
        "occurrence_id": "tvpp-9vvx|966736|2026-09-17T00:01:00",
        "publication_allowed": true,
        "source_dataset": "tvpp-9vvx",
        "source_event_id": "966736",
        "source_geometry_dataset_id": "2v4z-66xt",
        "source_geometry_dataset_name": "NYC DCP LION",
        "source_segment_id": "0036012",
        "start_date_time": "2026-09-17T00:01:00.000",
        "title": "DGA/NOBU LOAD IN/OUT GUEST DROP OFF",
        "validation_state": "validated"
      },
      "type": "Feature"
    },
    {
      "geometry": {
        "coordinates": [
          [
            [
              -74.00193353201392,
              40.724551787551015
            ],
            [
              -74.00089769866895,
              40.725773106960176
            ]
          ]
        ],
        "type": "MultiLineString"
      },
      "id": "tvpp-9vvx|965020|2026-09-09T00:05:00",
      "properties": {
        "borough": "Manhattan",
        "certified_pin": false,
        "display_geometry_role": "route",
        "end_date_time": "2026-09-09T23:30:00.000",
        "endpoint_1_nearest_source_endpoint_m": 0.028,
        "endpoint_2_nearest_source_endpoint_m": 0.096,
        "endpoint_tolerance_m": 50.0,
        "exact_pin_eligible": false,
        "geometry_authority": "nyc_dcp_geosupport_plus_lion",
        "geometry_precision": "official_centerline",
        "geometry_sha256": "b90f71880dda93dd419cd49002b5de00a19b17d64863caa867e9e1bfb9c9debb",
        "location": "WEST BROADWAY between PRINCE STREET and SPRING STREET",
        "occurrence_id": "tvpp-9vvx|965020|2026-09-09T00:05:00",
        "publication_allowed": true,
        "source_dataset": "tvpp-9vvx",
        "source_event_id": "965020",
        "source_geometry_dataset_id": "2v4z-66xt",
        "source_geometry_dataset_name": "NYC DCP LION",
        "source_segment_id": "0032137",
        "start_date_time": "2026-09-09T00:05:00.000",
        "title": "Production Parking",
        "validation_state": "validated"
      },
      "type": "Feature"
    },
    {
      "geometry": {
        "coordinates": [
          [
            [
              -74.00453350102191,
              40.7162799125489
            ],
            [
              -74.00302949471978,
              40.715585065383806
            ]
          ]
        ],
        "type": "MultiLineString"
      },
      "id": "tvpp-9vvx|964225|2026-09-24T08:00:00",
      "properties": {
        "borough": "Manhattan",
        "certified_pin": false,
        "display_geometry_role": "route",
        "end_date_time": "2026-09-24T14:30:00.000",
        "endpoint_1_nearest_source_endpoint_m": 0.126,
        "endpoint_2_nearest_source_endpoint_m": 0.128,
        "endpoint_tolerance_m": 50.0,
        "exact_pin_eligible": false,
        "geometry_authority": "nyc_dcp_geosupport_plus_lion",
        "geometry_precision": "official_centerline",
        "geometry_sha256": "42d0e16beea89517c0b542be4d92cb1e746a8dd0c088f29ce5321d0616785649",
        "location": "WORTH STREET between LAFAYETTE STREET and BROADWAY",
        "occurrence_id": "tvpp-9vvx|964225|2026-09-24T08:00:00",
        "publication_allowed": true,
        "source_dataset": "tvpp-9vvx",
        "source_event_id": "964225",
        "source_geometry_dataset_id": "2v4z-66xt",
        "source_geometry_dataset_name": "NYC DCP LION",
        "source_segment_id": "0031782",
        "start_date_time": "2026-09-24T08:00:00.000",
        "title": "MetroPlus Gold Open Enrollment",
        "validation_state": "validated"
      },
      "type": "Feature"
    },
    {
      "geometry": {
        "coordinates": [
          [
            [
              -73.76013728732572,
              40.68319209092093
            ],
            [
              -73.75895989809085,
              40.683712902798405
            ]
          ]
        ],
        "type": "MultiLineString"
      },
      "id": "tvpp-9vvx|959471|2026-08-30T12:00:00",
      "properties": {
        "borough": "Queens",
        "certified_pin": false,
        "display_geometry_role": "route",
        "end_date_time": "2026-08-30T16:00:00.000",
        "endpoint_1_nearest_source_endpoint_m": 0.101,
        "endpoint_2_nearest_source_endpoint_m": 0.104,
        "endpoint_tolerance_m": 50.0,
        "exact_pin_eligible": false,
        "geometry_authority": "nyc_dcp_geosupport_plus_lion",
        "geometry_precision": "official_centerline",
        "geometry_sha256": "db8948b6c2d318f78a4b3cd4e6d80df56d331219f487755bc19a54f19a83f9be",
        "location": "122 AVENUE between MILBURN STREET and NELLIS STREET",
        "occurrence_id": "tvpp-9vvx|959471|2026-08-30T12:00:00",
        "publication_allowed": true,
        "source_dataset": "tvpp-9vvx",
        "source_event_id": "959471",
        "source_geometry_dataset_id": "2v4z-66xt",
        "source_geometry_dataset_name": "NYC DCP LION",
        "source_segment_id": "0062882",
        "start_date_time": "2026-08-30T12:00:00.000",
        "title": "Rock The Block",
        "validation_state": "validated"
      },
      "type": "Feature"
    },
    {
      "geometry": {
        "coordinates": [
          [
            [
              -73.72875514723248,
              40.68788431514357
            ],
            [
              -73.72960505855418,
              40.68624978643991
            ]
          ]
        ],
        "type": "MultiLineString"
      },
      "id": "tvpp-9vvx|954220|2026-09-05T11:00:00",
      "properties": {
        "borough": "Queens",
        "certified_pin": false,
        "display_geometry_role": "route",
        "end_date_time": "2026-09-05T18:00:00.000",
        "endpoint_1_nearest_source_endpoint_m": 0.125,
        "endpoint_2_nearest_source_endpoint_m": 0.123,
        "endpoint_tolerance_m": 50.0,
        "exact_pin_eligible": false,
        "geometry_authority": "nyc_dcp_geosupport_plus_lion",
        "geometry_precision": "official_centerline",
        "geometry_sha256": "977e35412a5bbc4e9f6d7b0c7f6b7eeae6b2e4f8753311356dc99bcfc56dcd38",
        "location": "235 STREET between 120 AVENUE and 119 AVENUE",
        "occurrence_id": "tvpp-9vvx|954220|2026-09-05T11:00:00",
        "publication_allowed": true,
        "source_dataset": "tvpp-9vvx",
        "source_event_id": "954220",
        "source_geometry_dataset_id": "2v4z-66xt",
        "source_geometry_dataset_name": "NYC DCP LION",
        "source_segment_id": "0065568",
        "start_date_time": "2026-09-05T11:00:00.000",
        "title": "We are one family pt6",
        "validation_state": "validated"
      },
      "type": "Feature"
    },
    {
      "geometry": {
        "coordinates": [
          [
            [
              -73.73222505455377,
              40.67297404754185
            ],
            [
              -73.73297217926894,
              40.67166307925152
            ]
          ]
        ],
        "type": "MultiLineString"
      },
      "id": "tvpp-9vvx|947984|2026-09-07T13:00:00",
      "properties": {
        "borough": "Queens",
        "certified_pin": false,
        "display_geometry_role": "route",
        "end_date_time": "2026-09-07T19:00:00.000",
        "endpoint_1_nearest_source_endpoint_m": 0.235,
        "endpoint_2_nearest_source_endpoint_m": 0.017,
        "endpoint_tolerance_m": 50.0,
        "exact_pin_eligible": false,
        "geometry_authority": "nyc_dcp_geosupport_plus_lion",
        "geometry_precision": "official_centerline",
        "geometry_sha256": "5f2f0bf2842d0ec221a2e5cdc4c6e667d7bc8494cd2f8f9b7ac230b62d5aa112",
        "location": "242 STREET between 134 AVENUE and 135 AVENUE",
        "occurrence_id": "tvpp-9vvx|947984|2026-09-07T13:00:00",
        "publication_allowed": true,
        "source_dataset": "tvpp-9vvx",
        "source_event_id": "947984",
        "source_geometry_dataset_id": "2v4z-66xt",
        "source_geometry_dataset_name": "NYC DCP LION",
        "source_segment_id": "0063949",
        "start_date_time": "2026-09-07T13:00:00.000",
        "title": "242 block party",
        "validation_state": "validated"
      },
      "type": "Feature"
    },
    {
      "geometry": {
        "coordinates": [
          [
            [
              -73.90846535633692,
              40.77796143740087
            ],
            [
              -73.91069834517572,
              40.7761323143248
            ]
          ]
        ],
        "type": "MultiLineString"
      },
      "id": "tvpp-9vvx|907884|2026-08-30T10:00:00",
      "properties": {
        "borough": "Queens",
        "certified_pin": false,
        "display_geometry_role": "route",
        "end_date_time": "2026-08-30T18:00:00.000",
        "endpoint_1_nearest_source_endpoint_m": 0.144,
        "endpoint_2_nearest_source_endpoint_m": 0.073,
        "endpoint_tolerance_m": 50.0,
        "exact_pin_eligible": false,
        "geometry_authority": "nyc_dcp_geosupport_plus_lion",
        "geometry_precision": "official_centerline",
        "geometry_sha256": "2ea752f97ab03abaea3b3ba47e8de2b6400abafe7781d2526e39e08ca9ed33c4",
        "location": "31 STREET between DITMARS BOULEVARD and 21 AVENUE",
        "occurrence_id": "tvpp-9vvx|907884|2026-08-30T10:00:00",
        "publication_allowed": true,
        "source_dataset": "tvpp-9vvx",
        "source_event_id": "907884",
        "source_geometry_dataset_id": "2v4z-66xt",
        "source_geometry_dataset_name": "NYC DCP LION",
        "source_segment_id": "0069020",
        "start_date_time": "2026-08-30T10:00:00.000",
        "title": "31st Street Festival",
        "validation_state": "validated"
      },
      "type": "Feature"
    },
    {
      "geometry": {
        "coordinates": [
          [
            [
              -73.88968438958717,
              40.75324292263667
            ],
            [
              -73.88875596043493,
              40.753340374100674
            ]
          ]
        ],
        "type": "MultiLineString"
      },
      "id": "tvpp-9vvx|934024|2026-08-31T07:00:00",
      "properties": {
        "borough": "Queens",
        "certified_pin": false,
        "display_geometry_role": "route",
        "end_date_time": "2026-08-31T12:00:00.000",
        "endpoint_1_nearest_source_endpoint_m": 0.124,
        "endpoint_2_nearest_source_endpoint_m": 0.176,
        "endpoint_tolerance_m": 50.0,
        "exact_pin_eligible": false,
        "geometry_authority": "nyc_dcp_geosupport_plus_lion",
        "geometry_precision": "official_centerline",
        "geometry_sha256": "941d284a6e8c0bf11d77135d054e956574de8228f034f0c2787df1fd98472229",
        "location": "34 AVENUE between 77 STREET and 78 STREET",
        "occurrence_id": "tvpp-9vvx|934024|2026-08-31T07:00:00",
        "publication_allowed": true,
        "source_dataset": "tvpp-9vvx",
        "source_event_id": "934024",
        "source_geometry_dataset_id": "2v4z-66xt",
        "source_geometry_dataset_name": "NYC DCP LION",
        "source_segment_id": "0076091",
        "start_date_time": "2026-08-31T07:00:00.000",
        "title": "Tienda de Pueblo",
        "validation_state": "validated"
      },
      "type": "Feature"
    },
    {
      "geometry": {
        "coordinates": [
          [
            [
              -73.88968438958717,
              40.75324292263667
            ],
            [
              -73.88875596043493,
              40.753340374100674
            ]
          ]
        ],
        "type": "MultiLineString"
      },
      "id": "tvpp-9vvx|934024|2026-09-07T07:00:00",
      "properties": {
        "borough": "Queens",
        "certified_pin": false,
        "display_geometry_role": "route",
        "end_date_time": "2026-09-07T12:00:00.000",
        "endpoint_1_nearest_source_endpoint_m": 0.124,
        "endpoint_2_nearest_source_endpoint_m": 0.176,
        "endpoint_tolerance_m": 50.0,
        "exact_pin_eligible": false,
        "geometry_authority": "nyc_dcp_geosupport_plus_lion",
        "geometry_precision": "official_centerline",
        "geometry_sha256": "941d284a6e8c0bf11d77135d054e956574de8228f034f0c2787df1fd98472229",
        "location": "34 AVENUE between 77 STREET and 78 STREET",
        "occurrence_id": "tvpp-9vvx|934024|2026-09-07T07:00:00",
        "publication_allowed": true,
        "source_dataset": "tvpp-9vvx",
        "source_event_id": "934024",
        "source_geometry_dataset_id": "2v4z-66xt",
        "source_geometry_dataset_name": "NYC DCP LION",
        "source_segment_id": "0076091",
        "start_date_time": "2026-09-07T07:00:00.000",
        "title": "Tienda de Pueblo",
        "validation_state": "validated"
      },
      "type": "Feature"
    },
    {
      "geometry": {
        "coordinates": [
          [
            [
              -73.88968438958717,
              40.75324292263667
            ],
            [
              -73.88875596043493,
              40.753340374100674
            ]
          ]
        ],
        "type": "MultiLineString"
      },
      "id": "tvpp-9vvx|934024|2026-09-14T07:00:00",
      "properties": {
        "borough": "Queens",
        "certified_pin": false,
        "display_geometry_role": "route",
        "end_date_time": "2026-09-14T12:00:00.000",
        "endpoint_1_nearest_source_endpoint_m": 0.124,
        "endpoint_2_nearest_source_endpoint_m": 0.176,
        "endpoint_tolerance_m": 50.0,
        "exact_pin_eligible": false,
        "geometry_authority": "nyc_dcp_geosupport_plus_lion",
        "geometry_precision": "official_centerline",
        "geometry_sha256": "941d284a6e8c0bf11d77135d054e956574de8228f034f0c2787df1fd98472229",
        "location": "34 AVENUE between 77 STREET and 78 STREET",
        "occurrence_id": "tvpp-9vvx|934024|2026-09-14T07:00:00",
        "publication_allowed": true,
        "source_dataset": "tvpp-9vvx",
        "source_event_id": "934024",
        "source_geometry_dataset_id": "2v4z-66xt",
        "source_geometry_dataset_name": "NYC DCP LION",
        "source_segment_id": "0076091",
        "start_date_time": "2026-09-14T07:00:00.000",
        "title": "Tienda de Pueblo",
        "validation_state": "validated"
      },
      "type": "Feature"
    },
    {
      "geometry": {
        "coordinates": [
          [
            [
              -73.88968438958717,
              40.75324292263667
            ],
            [
              -73.88875596043493,
              40.753340374100674
            ]
          ]
        ],
        "type": "MultiLineString"
      },
      "id": "tvpp-9vvx|934024|2026-09-21T07:00:00",
      "properties": {
        "borough": "Queens",
        "certified_pin": false,
        "display_geometry_role": "route",
        "end_date_time": "2026-09-21T12:00:00.000",
        "endpoint_1_nearest_source_endpoint_m": 0.124,
        "endpoint_2_nearest_source_endpoint_m": 0.176,
        "endpoint_tolerance_m": 50.0,
        "exact_pin_eligible": false,
        "geometry_authority": "nyc_dcp_geosupport_plus_lion",
        "geometry_precision": "official_centerline",
        "geometry_sha256": "941d284a6e8c0bf11d77135d054e956574de8228f034f0c2787df1fd98472229",
        "location": "34 AVENUE between 77 STREET and 78 STREET",
        "occurrence_id": "tvpp-9vvx|934024|2026-09-21T07:00:00",
        "publication_allowed": true,
        "source_dataset": "tvpp-9vvx",
        "source_event_id": "934024",
        "source_geometry_dataset_id": "2v4z-66xt",
        "source_geometry_dataset_name": "NYC DCP LION",
        "source_segment_id": "0076091",
        "start_date_time": "2026-09-21T07:00:00.000",
        "title": "Tienda de Pueblo",
        "validation_state": "validated"
      },
      "type": "Feature"
    },
    {
      "geometry": {
        "coordinates": [
          [
            [
              -73.88968438958717,
              40.75324292263667
            ],
            [
              -73.88875596043493,
              40.753340374100674
            ]
          ]
        ],
        "type": "MultiLineString"
      },
      "id": "tvpp-9vvx|934024|2026-09-28T07:00:00",
      "properties": {
        "borough": "Queens",
        "certified_pin": false,
        "display_geometry_role": "route",
        "end_date_time": "2026-09-28T12:00:00.000",
        "endpoint_1_nearest_source_endpoint_m": 0.124,
        "endpoint_2_nearest_source_endpoint_m": 0.176,
        "endpoint_tolerance_m": 50.0,
        "exact_pin_eligible": false,
        "geometry_authority": "nyc_dcp_geosupport_plus_lion",
        "geometry_precision": "official_centerline",
        "geometry_sha256": "941d284a6e8c0bf11d77135d054e956574de8228f034f0c2787df1fd98472229",
        "location": "34 AVENUE between 77 STREET and 78 STREET",
        "occurrence_id": "tvpp-9vvx|934024|2026-09-28T07:00:00",
        "publication_allowed": true,
        "source_dataset": "tvpp-9vvx",
        "source_event_id": "934024",
        "source_geometry_dataset_id": "2v4z-66xt",
        "source_geometry_dataset_name": "NYC DCP LION",
        "source_segment_id": "0076091",
        "start_date_time": "2026-09-28T07:00:00.000",
        "title": "Tienda de Pueblo",
        "validation_state": "validated"
      },
      "type": "Feature"
    },
    {
      "geometry": {
        "coordinates": [
          [
            [
              -73.87480912624686,
              40.75480631293461
            ],
            [
              -73.87387899589152,
              40.75490394897999
            ]
          ]
        ],
        "type": "MultiLineString"
      },
      "id": "tvpp-9vvx|934014|2026-08-30T08:00:00",
      "properties": {
        "borough": "Queens",
        "certified_pin": false,
        "display_geometry_role": "route",
        "end_date_time": "2026-08-30T20:00:00.000",
        "endpoint_1_nearest_source_endpoint_m": 0.175,
        "endpoint_2_nearest_source_endpoint_m": 0.117,
        "endpoint_tolerance_m": 50.0,
        "exact_pin_eligible": false,
        "geometry_authority": "nyc_dcp_geosupport_plus_lion",
        "geometry_precision": "official_centerline",
        "geometry_sha256": "2a71ed44fd59ab30d9f7ced84d98e584e232f9595b2e6c270b9f102b44a8ca41",
        "location": "34 AVENUE between 93 STREET and 94 STREET",
        "occurrence_id": "tvpp-9vvx|934014|2026-08-30T08:00:00",
        "publication_allowed": true,
        "source_dataset": "tvpp-9vvx",
        "source_event_id": "934014",
        "source_geometry_dataset_id": "2v4z-66xt",
        "source_geometry_dataset_name": "NYC DCP LION",
        "source_segment_id": "0076631",
        "start_date_time": "2026-08-30T08:00:00.000",
        "title": "Afterschool Fun",
        "validation_state": "validated"
      },
      "type": "Feature"
    },
    {
      "geometry": {
        "coordinates": [
          [
            [
              -73.87480912624686,
              40.75480631293461
            ],
            [
              -73.87387899589152,
              40.75490394897999
            ]
          ]
        ],
        "type": "MultiLineString"
      },
      "id": "tvpp-9vvx|934014|2026-08-31T08:00:00",
      "properties": {
        "borough": "Queens",
        "certified_pin": false,
        "display_geometry_role": "route",
        "end_date_time": "2026-08-31T20:00:00.000",
        "endpoint_1_nearest_source_endpoint_m": 0.175,
        "endpoint_2_nearest_source_endpoint_m": 0.117,
        "endpoint_tolerance_m": 50.0,
        "exact_pin_eligible": false,
        "geometry_authority": "nyc_dcp_geosupport_plus_lion",
        "geometry_precision": "official_centerline",
        "geometry_sha256": "2a71ed44fd59ab30d9f7ced84d98e584e232f9595b2e6c270b9f102b44a8ca41",
        "location": "34 AVENUE between 93 STREET and 94 STREET",
        "occurrence_id": "tvpp-9vvx|934014|2026-08-31T08:00:00",
        "publication_allowed": true,
        "source_dataset": "tvpp-9vvx",
        "source_event_id": "934014",
        "source_geometry_dataset_id": "2v4z-66xt",
        "source_geometry_dataset_name": "NYC DCP LION",
        "source_segment_id": "0076631",
        "start_date_time": "2026-08-31T08:00:00.000",
        "title": "Afterschool Fun",
        "validation_state": "validated"
      },
      "type": "Feature"
    },
    {
      "geometry": {
        "coordinates": [
          [
            [
              -73.87480912624686,
              40.75480631293461
            ],
            [
              -73.87387899589152,
              40.75490394897999
            ]
          ]
        ],
        "type": "MultiLineString"
      },
      "id": "tvpp-9vvx|934014|2026-09-01T08:00:00",
      "properties": {
        "borough": "Queens",
        "certified_pin": false,
        "display_geometry_role": "route",
        "end_date_time": "2026-09-01T20:00:00.000",
        "endpoint_1_nearest_source_endpoint_m": 0.175,
        "endpoint_2_nearest_source_endpoint_m": 0.117,
        "endpoint_tolerance_m": 50.0,
        "exact_pin_eligible": false,
        "geometry_authority": "nyc_dcp_geosupport_plus_lion",
        "geometry_precision": "official_centerline",
        "geometry_sha256": "2a71ed44fd59ab30d9f7ced84d98e584e232f9595b2e6c270b9f102b44a8ca41",
        "location": "34 AVENUE between 93 STREET and 94 STREET",
        "occurrence_id": "tvpp-9vvx|934014|2026-09-01T08:00:00",
        "publication_allowed": true,
        "source_dataset": "tvpp-9vvx",
        "source_event_id": "934014",
        "source_geometry_dataset_id": "2v4z-66xt",
        "source_geometry_dataset_name": "NYC DCP LION",
        "source_segment_id": "0076631",
        "start_date_time": "2026-09-01T08:00:00.000",
        "title": "Afterschool Fun",
        "validation_state": "validated"
      },
      "type": "Feature"
    },
    {
      "geometry": {
        "coordinates": [
          [
            [
              -73.87480912624686,
              40.75480631293461
            ],
            [
              -73.87387899589152,
              40.75490394897999
            ]
          ]
        ],
        "type": "MultiLineString"
      },
      "id": "tvpp-9vvx|934014|2026-09-02T08:00:00",
      "properties": {
        "borough": "Queens",
        "certified_pin": false,
        "display_geometry_role": "route",
        "end_date_time": "2026-09-02T20:00:00.000",
        "endpoint_1_nearest_source_endpoint_m": 0.175,
        "endpoint_2_nearest_source_endpoint_m": 0.117,
        "endpoint_tolerance_m": 50.0,
        "exact_pin_eligible": false,
        "geometry_authority": "nyc_dcp_geosupport_plus_lion",
        "geometry_precision": "official_centerline",
        "geometry_sha256": "2a71ed44fd59ab30d9f7ced84d98e584e232f9595b2e6c270b9f102b44a8ca41",
        "location": "34 AVENUE between 93 STREET and 94 STREET",
        "occurrence_id": "tvpp-9vvx|934014|2026-09-02T08:00:00",
        "publication_allowed": true,
        "source_dataset": "tvpp-9vvx",
        "source_event_id": "934014",
        "source_geometry_dataset_id": "2v4z-66xt",
        "source_geometry_dataset_name": "NYC DCP LION",
        "source_segment_id": "0076631",
        "start_date_time": "2026-09-02T08:00:00.000",
        "title": "Afterschool Fun",
        "validation_state": "validated"
      },
      "type": "Feature"
    },
    {
      "geometry": {
        "coordinates": [
          [
            [
              -73.87480912624686,
              40.75480631293461
            ],
            [
              -73.87387899589152,
              40.75490394897999
            ]
          ]
        ],
        "type": "MultiLineString"
      },
      "id": "tvpp-9vvx|934014|2026-09-03T08:00:00",
      "properties": {
        "borough": "Queens",
        "certified_pin": false,
        "display_geometry_role": "route",
        "end_date_time": "2026-09-03T20:00:00.000",
        "endpoint_1_nearest_source_endpoint_m": 0.175,
        "endpoint_2_nearest_source_endpoint_m": 0.117,
        "endpoint_tolerance_m": 50.0,
        "exact_pin_eligible": false,
        "geometry_authority": "nyc_dcp_geosupport_plus_lion",
        "geometry_precision": "official_centerline",
        "geometry_sha256": "2a71ed44fd59ab30d9f7ced84d98e584e232f9595b2e6c270b9f102b44a8ca41",
        "location": "34 AVENUE between 93 STREET and 94 STREET",
        "occurrence_id": "tvpp-9vvx|934014|2026-09-03T08:00:00",
        "publication_allowed": true,
        "source_dataset": "tvpp-9vvx",
        "source_event_id": "934014",
        "source_geometry_dataset_id": "2v4z-66xt",
        "source_geometry_dataset_name": "NYC DCP LION",
        "source_segment_id": "0076631",
        "start_date_time": "2026-09-03T08:00:00.000",
        "title": "Afterschool Fun",
        "validation_state": "validated"
      },
      "type": "Feature"
    },
    {
      "geometry": {
        "coordinates": [
          [
            [
              -73.87480912624686,
              40.75480631293461
            ],
            [
              -73.87387899589152,
              40.75490394897999
            ]
          ]
        ],
        "type": "MultiLineString"
      },
      "id": "tvpp-9vvx|934014|2026-09-04T08:00:00",
      "properties": {
        "borough": "Queens",
        "certified_pin": false,
        "display_geometry_role": "route",
        "end_date_time": "2026-09-04T20:00:00.000",
        "endpoint_1_nearest_source_endpoint_m": 0.175,
        "endpoint_2_nearest_source_endpoint_m": 0.117,
        "endpoint_tolerance_m": 50.0,
        "exact_pin_eligible": false,
        "geometry_authority": "nyc_dcp_geosupport_plus_lion",
        "geometry_precision": "official_centerline",
        "geometry_sha256": "2a71ed44fd59ab30d9f7ced84d98e584e232f9595b2e6c270b9f102b44a8ca41",
        "location": "34 AVENUE between 93 STREET and 94 STREET",
        "occurrence_id": "tvpp-9vvx|934014|2026-09-04T08:00:00",
        "publication_allowed": true,
        "source_dataset": "tvpp-9vvx",
        "source_event_id": "934014",
        "source_geometry_dataset_id": "2v4z-66xt",
        "source_geometry_dataset_name": "NYC DCP LION",
        "source_segment_id": "0076631",
        "start_date_time": "2026-09-04T08:00:00.000",
        "title": "Afterschool Fun",
        "validation_state": "validated"
      },
      "type": "Feature"
    },
    {
      "geometry": {
        "coordinates": [
          [
            [
              -73.87480912624686,
              40.75480631293461
            ],
            [
              -73.87387899589152,
              40.75490394897999
            ]
          ]
        ],
        "type": "MultiLineString"
      },
      "id": "tvpp-9vvx|934014|2026-09-05T08:00:00",
      "properties": {
        "borough": "Queens",
        "certified_pin": false,
        "display_geometry_role": "route",
        "end_date_time": "2026-09-05T20:00:00.000",
        "endpoint_1_nearest_source_endpoint_m": 0.175,
        "endpoint_2_nearest_source_endpoint_m": 0.117,
        "endpoint_tolerance_m": 50.0,
        "exact_pin_eligible": false,
        "geometry_authority": "nyc_dcp_geosupport_plus_lion",
        "geometry_precision": "official_centerline",
        "geometry_sha256": "2a71ed44fd59ab30d9f7ced84d98e584e232f9595b2e6c270b9f102b44a8ca41",
        "location": "34 AVENUE between 93 STREET and 94 STREET",
        "occurrence_id": "tvpp-9vvx|934014|2026-09-05T08:00:00",
        "publication_allowed": true,
        "source_dataset": "tvpp-9vvx",
        "source_event_id": "934014",
        "source_geometry_dataset_id": "2v4z-66xt",
        "source_geometry_dataset_name": "NYC DCP LION",
        "source_segment_id": "0076631",
        "start_date_time": "2026-09-05T08:00:00.000",
        "title": "Afterschool Fun",
        "validation_state": "validated"
      },
      "type": "Feature"
    },
    {
      "geometry": {
        "coordinates": [
          [
            [
              -73.87480912624686,
              40.75480631293461
            ],
            [
              -73.87387899589152,
              40.75490394897999
            ]
          ]
        ],
        "type": "MultiLineString"
      },
      "id": "tvpp-9vvx|934014|2026-09-06T08:00:00",
      "properties": {
        "borough": "Queens",
        "certified_pin": false,
        "display_geometry_role": "route",
        "end_date_time": "2026-09-06T20:00:00.000",
        "endpoint_1_nearest_source_endpoint_m": 0.175,
        "endpoint_2_nearest_source_endpoint_m": 0.117,
        "endpoint_tolerance_m": 50.0,
        "exact_pin_eligible": false,
        "geometry_authority": "nyc_dcp_geosupport_plus_lion",
        "geometry_precision": "official_centerline",
        "geometry_sha256": "2a71ed44fd59ab30d9f7ced84d98e584e232f9595b2e6c270b9f102b44a8ca41",
        "location": "34 AVENUE between 93 STREET and 94 STREET",
        "occurrence_id": "tvpp-9vvx|934014|2026-09-06T08:00:00",
        "publication_allowed": true,
        "source_dataset": "tvpp-9vvx",
        "source_event_id": "934014",
        "source_geometry_dataset_id": "2v4z-66xt",
        "source_geometry_dataset_name": "NYC DCP LION",
        "source_segment_id": "0076631",
        "start_date_time": "2026-09-06T08:00:00.000",
        "title": "Afterschool Fun",
        "validation_state": "validated"
      },
      "type": "Feature"
    },
    {
      "geometry": {
        "coordinates": [
          [
            [
              -73.87480912624686,
              40.75480631293461
            ],
            [
              -73.87387899589152,
              40.75490394897999
            ]
          ]
        ],
        "type": "MultiLineString"
      },
      "id": "tvpp-9vvx|934014|2026-09-07T08:00:00",
      "properties": {
        "borough": "Queens",
        "certified_pin": false,
        "display_geometry_role": "route",
        "end_date_time": "2026-09-07T20:00:00.000",
        "endpoint_1_nearest_source_endpoint_m": 0.175,
        "endpoint_2_nearest_source_endpoint_m": 0.117,
        "endpoint_tolerance_m": 50.0,
        "exact_pin_eligible": false,
        "geometry_authority": "nyc_dcp_geosupport_plus_lion",
        "geometry_precision": "official_centerline",
        "geometry_sha256": "2a71ed44fd59ab30d9f7ced84d98e584e232f9595b2e6c270b9f102b44a8ca41",
        "location": "34 AVENUE between 93 STREET and 94 STREET",
        "occurrence_id": "tvpp-9vvx|934014|2026-09-07T08:00:00",
        "publication_allowed": true,
        "source_dataset": "tvpp-9vvx",
        "source_event_id": "934014",
        "source_geometry_dataset_id": "2v4z-66xt",
        "source_geometry_dataset_name": "NYC DCP LION",
        "source_segment_id": "0076631",
        "start_date_time": "2026-09-07T08:00:00.000",
        "title": "Afterschool Fun",
        "validation_state": "validated"
      },
      "type": "Feature"
    },
    {
      "geometry": {
        "coordinates": [
          [
            [
              -73.87480912624686,
              40.75480631293461
            ],
            [
              -73.87387899589152,
              40.75490394897999
            ]
          ]
        ],
        "type": "MultiLineString"
      },
      "id": "tvpp-9vvx|934014|2026-09-08T08:00:00",
      "properties": {
        "borough": "Queens",
        "certified_pin": false,
        "display_geometry_role": "route",
        "end_date_time": "2026-09-08T20:00:00.000",
        "endpoint_1_nearest_source_endpoint_m": 0.175,
        "endpoint_2_nearest_source_endpoint_m": 0.117,
        "endpoint_tolerance_m": 50.0,
        "exact_pin_eligible": false,
        "geometry_authority": "nyc_dcp_geosupport_plus_lion",
        "geometry_precision": "official_centerline",
        "geometry_sha256": "2a71ed44fd59ab30d9f7ced84d98e584e232f9595b2e6c270b9f102b44a8ca41",
        "location": "34 AVENUE between 93 STREET and 94 STREET",
        "occurrence_id": "tvpp-9vvx|934014|2026-09-08T08:00:00",
        "publication_allowed": true,
        "source_dataset": "tvpp-9vvx",
        "source_event_id": "934014",
        "source_geometry_dataset_id": "2v4z-66xt",
        "source_geometry_dataset_name": "NYC DCP LION",
        "source_segment_id": "0076631",
        "start_date_time": "2026-09-08T08:00:00.000",
        "title": "Afterschool Fun",
        "validation_state": "validated"
      },
      "type": "Feature"
    },
    {
      "geometry": {
        "coordinates": [
          [
            [
              -73.87480912624686,
              40.75480631293461
            ],
            [
              -73.87387899589152,
              40.75490394897999
            ]
          ]
        ],
        "type": "MultiLineString"
      },
      "id": "tvpp-9vvx|934014|2026-09-09T08:00:00",
      "properties": {
        "borough": "Queens",
        "certified_pin": false,
        "display_geometry_role": "route",
        "end_date_time": "2026-09-09T20:00:00.000",
        "endpoint_1_nearest_source_endpoint_m": 0.175,
        "endpoint_2_nearest_source_endpoint_m": 0.117,
        "endpoint_tolerance_m": 50.0,
        "exact_pin_eligible": false,
        "geometry_authority": "nyc_dcp_geosupport_plus_lion",
        "geometry_precision": "official_centerline",
        "geometry_sha256": "2a71ed44fd59ab30d9f7ced84d98e584e232f9595b2e6c270b9f102b44a8ca41",
        "location": "34 AVENUE between 93 STREET and 94 STREET",
        "occurrence_id": "tvpp-9vvx|934014|2026-09-09T08:00:00",
        "publication_allowed": true,
        "source_dataset": "tvpp-9vvx",
        "source_event_id": "934014",
        "source_geometry_dataset_id": "2v4z-66xt",
        "source_geometry_dataset_name": "NYC DCP LION",
        "source_segment_id": "0076631",
        "start_date_time": "2026-09-09T08:00:00.000",
        "title": "Afterschool Fun",
        "validation_state": "validated"
      },
      "type": "Feature"
    },
    {
      "geometry": {
        "coordinates": [
          [
            [
              -73.87480912624686,
              40.75480631293461
            ],
            [
              -73.87387899589152,
              40.75490394897999
            ]
          ]
        ],
        "type": "MultiLineString"
      },
      "id": "tvpp-9vvx|934014|2026-09-10T08:00:00",
      "properties": {
        "borough": "Queens",
        "certified_pin": false,
        "display_geometry_role": "route",
        "end_date_time": "2026-09-10T20:00:00.000",
        "endpoint_1_nearest_source_endpoint_m": 0.175,
        "endpoint_2_nearest_source_endpoint_m": 0.117,
        "endpoint_tolerance_m": 50.0,
        "exact_pin_eligible": false,
        "geometry_authority": "nyc_dcp_geosupport_plus_lion",
        "geometry_precision": "official_centerline",
        "geometry_sha256": "2a71ed44fd59ab30d9f7ced84d98e584e232f9595b2e6c270b9f102b44a8ca41",
        "location": "34 AVENUE between 93 STREET and 94 STREET",
        "occurrence_id": "tvpp-9vvx|934014|2026-09-10T08:00:00",
        "publication_allowed": true,
        "source_dataset": "tvpp-9vvx",
        "source_event_id": "934014",
        "source_geometry_dataset_id": "2v4z-66xt",
        "source_geometry_dataset_name": "NYC DCP LION",
        "source_segment_id": "0076631",
        "start_date_time": "2026-09-10T08:00:00.000",
        "title": "Afterschool Fun",
        "validation_state": "validated"
      },
      "type": "Feature"
    },
    {
      "geometry": {
        "coordinates": [
          [
            [
              -73.87480912624686,
              40.75480631293461
            ],
            [
              -73.87387899589152,
              40.75490394897999
            ]
          ]
        ],
        "type": "MultiLineString"
      },
      "id": "tvpp-9vvx|934014|2026-09-11T08:00:00",
      "properties": {
        "borough": "Queens",
        "certified_pin": false,
        "display_geometry_role": "route",
        "end_date_time": "2026-09-11T20:00:00.000",
        "endpoint_1_nearest_source_endpoint_m": 0.175,
        "endpoint_2_nearest_source_endpoint_m": 0.117,
        "endpoint_tolerance_m": 50.0,
        "exact_pin_eligible": false,
        "geometry_authority": "nyc_dcp_geosupport_plus_lion",
        "geometry_precision": "official_centerline",
        "geometry_sha256": "2a71ed44fd59ab30d9f7ced84d98e584e232f9595b2e6c270b9f102b44a8ca41",
        "location": "34 AVENUE between 93 STREET and 94 STREET",
        "occurrence_id": "tvpp-9vvx|934014|2026-09-11T08:00:00",
        "publication_allowed": true,
        "source_dataset": "tvpp-9vvx",
        "source_event_id": "934014",
        "source_geometry_dataset_id": "2v4z-66xt",
        "source_geometry_dataset_name": "NYC DCP LION",
        "source_segment_id": "0076631",
        "start_date_time": "2026-09-11T08:00:00.000",
        "title": "Afterschool Fun",
        "validation_state": "validated"
      },
      "type": "Feature"
    },
    {
      "geometry": {
        "coordinates": [
          [
            [
              -73.87480912624686,
              40.75480631293461
            ],
            [
              -73.87387899589152,
              40.75490394897999
            ]
          ]
        ],
        "type": "MultiLineString"
      },
      "id": "tvpp-9vvx|934014|2026-09-12T08:00:00",
      "properties": {
        "borough": "Queens",
        "certified_pin": false,
        "display_geometry_role": "route",
        "end_date_time": "2026-09-12T20:00:00.000",
        "endpoint_1_nearest_source_endpoint_m": 0.175,
        "endpoint_2_nearest_source_endpoint_m": 0.117,
        "endpoint_tolerance_m": 50.0,
        "exact_pin_eligible": false,
        "geometry_authority": "nyc_dcp_geosupport_plus_lion",
        "geometry_precision": "official_centerline",
        "geometry_sha256": "2a71ed44fd59ab30d9f7ced84d98e584e232f9595b2e6c270b9f102b44a8ca41",
        "location": "34 AVENUE between 93 STREET and 94 STREET",
        "occurrence_id": "tvpp-9vvx|934014|2026-09-12T08:00:00",
        "publication_allowed": true,
        "source_dataset": "tvpp-9vvx",
        "source_event_id": "934014",
        "source_geometry_dataset_id": "2v4z-66xt",
        "source_geometry_dataset_name": "NYC DCP LION",
        "source_segment_id": "0076631",
        "start_date_time": "2026-09-12T08:00:00.000",
        "title": "Afterschool Fun",
        "validation_state": "validated"
      },
      "type": "Feature"
    },
    {
      "geometry": {
        "coordinates": [
          [
            [
              -73.87480912624686,
              40.75480631293461
            ],
            [
              -73.87387899589152,
              40.75490394897999
            ]
          ]
        ],
        "type": "MultiLineString"
      },
      "id": "tvpp-9vvx|934014|2026-09-13T08:00:00",
      "properties": {
        "borough": "Queens",
        "certified_pin": false,
        "display_geometry_role": "route",
        "end_date_time": "2026-09-13T20:00:00.000",
        "endpoint_1_nearest_source_endpoint_m": 0.175,
        "endpoint_2_nearest_source_endpoint_m": 0.117,
        "endpoint_tolerance_m": 50.0,
        "exact_pin_eligible": false,
        "geometry_authority": "nyc_dcp_geosupport_plus_lion",
        "geometry_precision": "official_centerline",
        "geometry_sha256": "2a71ed44fd59ab30d9f7ced84d98e584e232f9595b2e6c270b9f102b44a8ca41",
        "location": "34 AVENUE between 93 STREET and 94 STREET",
        "occurrence_id": "tvpp-9vvx|934014|2026-09-13T08:00:00",
        "publication_allowed": true,
        "source_dataset": "tvpp-9vvx",
        "source_event_id": "934014",
        "source_geometry_dataset_id": "2v4z-66xt",
        "source_geometry_dataset_name": "NYC DCP LION",
        "source_segment_id": "0076631",
        "start_date_time": "2026-09-13T08:00:00.000",
        "title": "Afterschool Fun",
        "validation_state": "validated"
      },
      "type": "Feature"
    },
    {
      "geometry": {
        "coordinates": [
          [
            [
              -73.87480912624686,
              40.75480631293461
            ],
            [
              -73.87387899589152,
              40.75490394897999
            ]
          ]
        ],
        "type": "MultiLineString"
      },
      "id": "tvpp-9vvx|934014|2026-09-14T08:00:00",
      "properties": {
        "borough": "Queens",
        "certified_pin": false,
        "display_geometry_role": "route",
        "end_date_time": "2026-09-14T20:00:00.000",
        "endpoint_1_nearest_source_endpoint_m": 0.175,
        "endpoint_2_nearest_source_endpoint_m": 0.117,
        "endpoint_tolerance_m": 50.0,
        "exact_pin_eligible": false,
        "geometry_authority": "nyc_dcp_geosupport_plus_lion",
        "geometry_precision": "official_centerline",
        "geometry_sha256": "2a71ed44fd59ab30d9f7ced84d98e584e232f9595b2e6c270b9f102b44a8ca41",
        "location": "34 AVENUE between 93 STREET and 94 STREET",
        "occurrence_id": "tvpp-9vvx|934014|2026-09-14T08:00:00",
        "publication_allowed": true,
        "source_dataset": "tvpp-9vvx",
        "source_event_id": "934014",
        "source_geometry_dataset_id": "2v4z-66xt",
        "source_geometry_dataset_name": "NYC DCP LION",
        "source_segment_id": "0076631",
        "start_date_time": "2026-09-14T08:00:00.000",
        "title": "Afterschool Fun",
        "validation_state": "validated"
      },
      "type": "Feature"
    },
    {
      "geometry": {
        "coordinates": [
          [
            [
              -73.87480912624686,
              40.75480631293461
            ],
            [
              -73.87387899589152,
              40.75490394897999
            ]
          ]
        ],
        "type": "MultiLineString"
      },
      "id": "tvpp-9vvx|934014|2026-09-15T08:00:00",
      "properties": {
        "borough": "Queens",
        "certified_pin": false,
        "display_geometry_role": "route",
        "end_date_time": "2026-09-15T20:00:00.000",
        "endpoint_1_nearest_source_endpoint_m": 0.175,
        "endpoint_2_nearest_source_endpoint_m": 0.117,
        "endpoint_tolerance_m": 50.0,
        "exact_pin_eligible": false,
        "geometry_authority": "nyc_dcp_geosupport_plus_lion",
        "geometry_precision": "official_centerline",
        "geometry_sha256": "2a71ed44fd59ab30d9f7ced84d98e584e232f9595b2e6c270b9f102b44a8ca41",
        "location": "34 AVENUE between 93 STREET and 94 STREET",
        "occurrence_id": "tvpp-9vvx|934014|2026-09-15T08:00:00",
        "publication_allowed": true,
        "source_dataset": "tvpp-9vvx",
        "source_event_id": "934014",
        "source_geometry_dataset_id": "2v4z-66xt",
        "source_geometry_dataset_name": "NYC DCP LION",
        "source_segment_id": "0076631",
        "start_date_time": "2026-09-15T08:00:00.000",
        "title": "Afterschool Fun",
        "validation_state": "validated"
      },
      "type": "Feature"
    },
    {
      "geometry": {
        "coordinates": [
          [
            [
              -73.87480912624686,
              40.75480631293461
            ],
            [
              -73.87387899589152,
              40.75490394897999
            ]
          ]
        ],
        "type": "MultiLineString"
      },
      "id": "tvpp-9vvx|934014|2026-09-16T08:00:00",
      "properties": {
        "borough": "Queens",
        "certified_pin": false,
        "display_geometry_role": "route",
        "end_date_time": "2026-09-16T20:00:00.000",
        "endpoint_1_nearest_source_endpoint_m": 0.175,
        "endpoint_2_nearest_source_endpoint_m": 0.117,
        "endpoint_tolerance_m": 50.0,
        "exact_pin_eligible": false,
        "geometry_authority": "nyc_dcp_geosupport_plus_lion",
        "geometry_precision": "official_centerline",
        "geometry_sha256": "2a71ed44fd59ab30d9f7ced84d98e584e232f9595b2e6c270b9f102b44a8ca41",
        "location": "34 AVENUE between 93 STREET and 94 STREET",
        "occurrence_id": "tvpp-9vvx|934014|2026-09-16T08:00:00",
        "publication_allowed": true,
        "source_dataset": "tvpp-9vvx",
        "source_event_id": "934014",
        "source_geometry_dataset_id": "2v4z-66xt",
        "source_geometry_dataset_name": "NYC DCP LION",
        "source_segment_id": "0076631",
        "start_date_time": "2026-09-16T08:00:00.000",
        "title": "Afterschool Fun",
        "validation_state": "validated"
      },
      "type": "Feature"
    },
    {
      "geometry": {
        "coordinates": [
          [
            [
              -73.87480912624686,
              40.75480631293461
            ],
            [
              -73.87387899589152,
              40.75490394897999
            ]
          ]
        ],
        "type": "MultiLineString"
      },
      "id": "tvpp-9vvx|934014|2026-09-17T08:00:00",
      "properties": {
        "borough": "Queens",
        "certified_pin": false,
        "display_geometry_role": "route",
        "end_date_time": "2026-09-17T20:00:00.000",
        "endpoint_1_nearest_source_endpoint_m": 0.175,
        "endpoint_2_nearest_source_endpoint_m": 0.117,
        "endpoint_tolerance_m": 50.0,
        "exact_pin_eligible": false,
        "geometry_authority": "nyc_dcp_geosupport_plus_lion",
        "geometry_precision": "official_centerline",
        "geometry_sha256": "2a71ed44fd59ab30d9f7ced84d98e584e232f9595b2e6c270b9f102b44a8ca41",
        "location": "34 AVENUE between 93 STREET and 94 STREET",
        "occurrence_id": "tvpp-9vvx|934014|2026-09-17T08:00:00",
        "publication_allowed": true,
        "source_dataset": "tvpp-9vvx",
        "source_event_id": "934014",
        "source_geometry_dataset_id": "2v4z-66xt",
        "source_geometry_dataset_name": "NYC DCP LION",
        "source_segment_id": "0076631",
        "start_date_time": "2026-09-17T08:00:00.000",
        "title": "Afterschool Fun",
        "validation_state": "validated"
      },
      "type": "Feature"
    },
    {
      "geometry": {
        "coordinates": [
          [
            [
              -73.87480912624686,
              40.75480631293461
            ],
            [
              -73.87387899589152,
              40.75490394897999
            ]
          ]
        ],
        "type": "MultiLineString"
      },
      "id": "tvpp-9vvx|934014|2026-09-18T08:00:00",
      "properties": {
        "borough": "Queens",
        "certified_pin": false,
        "display_geometry_role": "route",
        "end_date_time": "2026-09-18T20:00:00.000",
        "endpoint_1_nearest_source_endpoint_m": 0.175,
        "endpoint_2_nearest_source_endpoint_m": 0.117,
        "endpoint_tolerance_m": 50.0,
        "exact_pin_eligible": false,
        "geometry_authority": "nyc_dcp_geosupport_plus_lion",
        "geometry_precision": "official_centerline",
        "geometry_sha256": "2a71ed44fd59ab30d9f7ced84d98e584e232f9595b2e6c270b9f102b44a8ca41",
        "location": "34 AVENUE between 93 STREET and 94 STREET",
        "occurrence_id": "tvpp-9vvx|934014|2026-09-18T08:00:00",
        "publication_allowed": true,
        "source_dataset": "tvpp-9vvx",
        "source_event_id": "934014",
        "source_geometry_dataset_id": "2v4z-66xt",
        "source_geometry_dataset_name": "NYC DCP LION",
        "source_segment_id": "0076631",
        "start_date_time": "2026-09-18T08:00:00.000",
        "title": "Afterschool Fun",
        "validation_state": "validated"
      },
      "type": "Feature"
    },
    {
      "geometry": {
        "coordinates": [
          [
            [
              -73.87480912624686,
              40.75480631293461
            ],
            [
              -73.87387899589152,
              40.75490394897999
            ]
          ]
        ],
        "type": "MultiLineString"
      },
      "id": "tvpp-9vvx|934014|2026-09-19T08:00:00",
      "properties": {
        "borough": "Queens",
        "certified_pin": false,
        "display_geometry_role": "route",
        "end_date_time": "2026-09-19T20:00:00.000",
        "endpoint_1_nearest_source_endpoint_m": 0.175,
        "endpoint_2_nearest_source_endpoint_m": 0.117,
        "endpoint_tolerance_m": 50.0,
        "exact_pin_eligible": false,
        "geometry_authority": "nyc_dcp_geosupport_plus_lion",
        "geometry_precision": "official_centerline",
        "geometry_sha256": "2a71ed44fd59ab30d9f7ced84d98e584e232f9595b2e6c270b9f102b44a8ca41",
        "location": "34 AVENUE between 93 STREET and 94 STREET",
        "occurrence_id": "tvpp-9vvx|934014|2026-09-19T08:00:00",
        "publication_allowed": true,
        "source_dataset": "tvpp-9vvx",
        "source_event_id": "934014",
        "source_geometry_dataset_id": "2v4z-66xt",
        "source_geometry_dataset_name": "NYC DCP LION",
        "source_segment_id": "0076631",
        "start_date_time": "2026-09-19T08:00:00.000",
        "title": "Afterschool Fun",
        "validation_state": "validated"
      },
      "type": "Feature"
    },
    {
      "geometry": {
        "coordinates": [
          [
            [
              -73.87480912624686,
              40.75480631293461
            ],
            [
              -73.87387899589152,
              40.75490394897999
            ]
          ]
        ],
        "type": "MultiLineString"
      },
      "id": "tvpp-9vvx|934014|2026-09-20T08:00:00",
      "properties": {
        "borough": "Queens",
        "certified_pin": false,
        "display_geometry_role": "route",
        "end_date_time": "2026-09-20T20:00:00.000",
        "endpoint_1_nearest_source_endpoint_m": 0.175,
        "endpoint_2_nearest_source_endpoint_m": 0.117,
        "endpoint_tolerance_m": 50.0,
        "exact_pin_eligible": false,
        "geometry_authority": "nyc_dcp_geosupport_plus_lion",
        "geometry_precision": "official_centerline",
        "geometry_sha256": "2a71ed44fd59ab30d9f7ced84d98e584e232f9595b2e6c270b9f102b44a8ca41",
        "location": "34 AVENUE between 93 STREET and 94 STREET",
        "occurrence_id": "tvpp-9vvx|934014|2026-09-20T08:00:00",
        "publication_allowed": true,
        "source_dataset": "tvpp-9vvx",
        "source_event_id": "934014",
        "source_geometry_dataset_id": "2v4z-66xt",
        "source_geometry_dataset_name": "NYC DCP LION",
        "source_segment_id": "0076631",
        "start_date_time": "2026-09-20T08:00:00.000",
        "title": "Afterschool Fun",
        "validation_state": "validated"
      },
      "type": "Feature"
    },
    {
      "geometry": {
        "coordinates": [
          [
            [
              -73.87480912624686,
              40.75480631293461
            ],
            [
              -73.87387899589152,
              40.75490394897999
            ]
          ]
        ],
        "type": "MultiLineString"
      },
      "id": "tvpp-9vvx|934014|2026-09-21T08:00:00",
      "properties": {
        "borough": "Queens",
        "certified_pin": false,
        "display_geometry_role": "route",
        "end_date_time": "2026-09-21T20:00:00.000",
        "endpoint_1_nearest_source_endpoint_m": 0.175,
        "endpoint_2_nearest_source_endpoint_m": 0.117,
        "endpoint_tolerance_m": 50.0,
        "exact_pin_eligible": false,
        "geometry_authority": "nyc_dcp_geosupport_plus_lion",
        "geometry_precision": "official_centerline",
        "geometry_sha256": "2a71ed44fd59ab30d9f7ced84d98e584e232f9595b2e6c270b9f102b44a8ca41",
        "location": "34 AVENUE between 93 STREET and 94 STREET",
        "occurrence_id": "tvpp-9vvx|934014|2026-09-21T08:00:00",
        "publication_allowed": true,
        "source_dataset": "tvpp-9vvx",
        "source_event_id": "934014",
        "source_geometry_dataset_id": "2v4z-66xt",
        "source_geometry_dataset_name": "NYC DCP LION",
        "source_segment_id": "0076631",
        "start_date_time": "2026-09-21T08:00:00.000",
        "title": "Afterschool Fun",
        "validation_state": "validated"
      },
      "type": "Feature"
    },
    {
      "geometry": {
        "coordinates": [
          [
            [
              -73.87480912624686,
              40.75480631293461
            ],
            [
              -73.87387899589152,
              40.75490394897999
            ]
          ]
        ],
        "type": "MultiLineString"
      },
      "id": "tvpp-9vvx|934014|2026-09-22T08:00:00",
      "properties": {
        "borough": "Queens",
        "certified_pin": false,
        "display_geometry_role": "route",
        "end_date_time": "2026-09-22T20:00:00.000",
        "endpoint_1_nearest_source_endpoint_m": 0.175,
        "endpoint_2_nearest_source_endpoint_m": 0.117,
        "endpoint_tolerance_m": 50.0,
        "exact_pin_eligible": false,
        "geometry_authority": "nyc_dcp_geosupport_plus_lion",
        "geometry_precision": "official_centerline",
        "geometry_sha256": "2a71ed44fd59ab30d9f7ced84d98e584e232f9595b2e6c270b9f102b44a8ca41",
        "location": "34 AVENUE between 93 STREET and 94 STREET",
        "occurrence_id": "tvpp-9vvx|934014|2026-09-22T08:00:00",
        "publication_allowed": true,
        "source_dataset": "tvpp-9vvx",
        "source_event_id": "934014",
        "source_geometry_dataset_id": "2v4z-66xt",
        "source_geometry_dataset_name": "NYC DCP LION",
        "source_segment_id": "0076631",
        "start_date_time": "2026-09-22T08:00:00.000",
        "title": "Afterschool Fun",
        "validation_state": "validated"
      },
      "type": "Feature"
    },
    {
      "geometry": {
        "coordinates": [
          [
            [
              -73.87480912624686,
              40.75480631293461
            ],
            [
              -73.87387899589152,
              40.75490394897999
            ]
          ]
        ],
        "type": "MultiLineString"
      },
      "id": "tvpp-9vvx|934014|2026-09-23T08:00:00",
      "properties": {
        "borough": "Queens",
        "certified_pin": false,
        "display_geometry_role": "route",
        "end_date_time": "2026-09-23T20:00:00.000",
        "endpoint_1_nearest_source_endpoint_m": 0.175,
        "endpoint_2_nearest_source_endpoint_m": 0.117,
        "endpoint_tolerance_m": 50.0,
        "exact_pin_eligible": false,
        "geometry_authority": "nyc_dcp_geosupport_plus_lion",
        "geometry_precision": "official_centerline",
        "geometry_sha256": "2a71ed44fd59ab30d9f7ced84d98e584e232f9595b2e6c270b9f102b44a8ca41",
        "location": "34 AVENUE between 93 STREET and 94 STREET",
        "occurrence_id": "tvpp-9vvx|934014|2026-09-23T08:00:00",
        "publication_allowed": true,
        "source_dataset": "tvpp-9vvx",
        "source_event_id": "934014",
        "source_geometry_dataset_id": "2v4z-66xt",
        "source_geometry_dataset_name": "NYC DCP LION",
        "source_segment_id": "0076631",
        "start_date_time": "2026-09-23T08:00:00.000",
        "title": "Afterschool Fun",
        "validation_state": "validated"
      },
      "type": "Feature"
    },
    {
      "geometry": {
        "coordinates": [
          [
            [
              -73.87480912624686,
              40.75480631293461
            ],
            [
              -73.87387899589152,
              40.75490394897999
            ]
          ]
        ],
        "type": "MultiLineString"
      },
      "id": "tvpp-9vvx|934014|2026-09-24T08:00:00",
      "properties": {
        "borough": "Queens",
        "certified_pin": false,
        "display_geometry_role": "route",
        "end_date_time": "2026-09-24T20:00:00.000",
        "endpoint_1_nearest_source_endpoint_m": 0.175,
        "endpoint_2_nearest_source_endpoint_m": 0.117,
        "endpoint_tolerance_m": 50.0,
        "exact_pin_eligible": false,
        "geometry_authority": "nyc_dcp_geosupport_plus_lion",
        "geometry_precision": "official_centerline",
        "geometry_sha256": "2a71ed44fd59ab30d9f7ced84d98e584e232f9595b2e6c270b9f102b44a8ca41",
        "location": "34 AVENUE between 93 STREET and 94 STREET",
        "occurrence_id": "tvpp-9vvx|934014|2026-09-24T08:00:00",
        "publication_allowed": true,
        "source_dataset": "tvpp-9vvx",
        "source_event_id": "934014",
        "source_geometry_dataset_id": "2v4z-66xt",
        "source_geometry_dataset_name": "NYC DCP LION",
        "source_segment_id": "0076631",
        "start_date_time": "2026-09-24T08:00:00.000",
        "title": "Afterschool Fun",
        "validation_state": "validated"
      },
      "type": "Feature"
    },
    {
      "geometry": {
        "coordinates": [
          [
            [
              -73.87480912624686,
              40.75480631293461
            ],
            [
              -73.87387899589152,
              40.75490394897999
            ]
          ]
        ],
        "type": "MultiLineString"
      },
      "id": "tvpp-9vvx|934014|2026-09-25T08:00:00",
      "properties": {
        "borough": "Queens",
        "certified_pin": false,
        "display_geometry_role": "route",
        "end_date_time": "2026-09-25T20:00:00.000",
        "endpoint_1_nearest_source_endpoint_m": 0.175,
        "endpoint_2_nearest_source_endpoint_m": 0.117,
        "endpoint_tolerance_m": 50.0,
        "exact_pin_eligible": false,
        "geometry_authority": "nyc_dcp_geosupport_plus_lion",
        "geometry_precision": "official_centerline",
        "geometry_sha256": "2a71ed44fd59ab30d9f7ced84d98e584e232f9595b2e6c270b9f102b44a8ca41",
        "location": "34 AVENUE between 93 STREET and 94 STREET",
        "occurrence_id": "tvpp-9vvx|934014|2026-09-25T08:00:00",
        "publication_allowed": true,
        "source_dataset": "tvpp-9vvx",
        "source_event_id": "934014",
        "source_geometry_dataset_id": "2v4z-66xt",
        "source_geometry_dataset_name": "NYC DCP LION",
        "source_segment_id": "0076631",
        "start_date_time": "2026-09-25T08:00:00.000",
        "title": "Afterschool Fun",
        "validation_state": "validated"
      },
      "type": "Feature"
    },
    {
      "geometry": {
        "coordinates": [
          [
            [
              -73.87480912624686,
              40.75480631293461
            ],
            [
              -73.87387899589152,
              40.75490394897999
            ]
          ]
        ],
        "type": "MultiLineString"
      },
      "id": "tvpp-9vvx|934014|2026-09-26T08:00:00",
      "properties": {
        "borough": "Queens",
        "certified_pin": false,
        "display_geometry_role": "route",
        "end_date_time": "2026-09-26T20:00:00.000",
        "endpoint_1_nearest_source_endpoint_m": 0.175,
        "endpoint_2_nearest_source_endpoint_m": 0.117,
        "endpoint_tolerance_m": 50.0,
        "exact_pin_eligible": false,
        "geometry_authority": "nyc_dcp_geosupport_plus_lion",
        "geometry_precision": "official_centerline",
        "geometry_sha256": "2a71ed44fd59ab30d9f7ced84d98e584e232f9595b2e6c270b9f102b44a8ca41",
        "location": "34 AVENUE between 93 STREET and 94 STREET",
        "occurrence_id": "tvpp-9vvx|934014|2026-09-26T08:00:00",
        "publication_allowed": true,
        "source_dataset": "tvpp-9vvx",
        "source_event_id": "934014",
        "source_geometry_dataset_id": "2v4z-66xt",
        "source_geometry_dataset_name": "NYC DCP LION",
        "source_segment_id": "0076631",
        "start_date_time": "2026-09-26T08:00:00.000",
        "title": "Afterschool Fun",
        "validation_state": "validated"
      },
      "type": "Feature"
    },
    {
      "geometry": {
        "coordinates": [
          [
            [
              -73.87480912624686,
              40.75480631293461
            ],
            [
              -73.87387899589152,
              40.75490394897999
            ]
          ]
        ],
        "type": "MultiLineString"
      },
      "id": "tvpp-9vvx|934014|2026-09-27T08:00:00",
      "properties": {
        "borough": "Queens",
        "certified_pin": false,
        "display_geometry_role": "route",
        "end_date_time": "2026-09-27T20:00:00.000",
        "endpoint_1_nearest_source_endpoint_m": 0.175,
        "endpoint_2_nearest_source_endpoint_m": 0.117,
        "endpoint_tolerance_m": 50.0,
        "exact_pin_eligible": false,
        "geometry_authority": "nyc_dcp_geosupport_plus_lion",
        "geometry_precision": "official_centerline",
        "geometry_sha256": "2a71ed44fd59ab30d9f7ced84d98e584e232f9595b2e6c270b9f102b44a8ca41",
        "location": "34 AVENUE between 93 STREET and 94 STREET",
        "occurrence_id": "tvpp-9vvx|934014|2026-09-27T08:00:00",
        "publication_allowed": true,
        "source_dataset": "tvpp-9vvx",
        "source_event_id": "934014",
        "source_geometry_dataset_id": "2v4z-66xt",
        "source_geometry_dataset_name": "NYC DCP LION",
        "source_segment_id": "0076631",
        "start_date_time": "2026-09-27T08:00:00.000",
        "title": "Afterschool Fun",
        "validation_state": "validated"
      },
      "type": "Feature"
    },
    {
      "geometry": {
        "coordinates": [
          [
            [
              -73.87480912624686,
              40.75480631293461
            ],
            [
              -73.87387899589152,
              40.75490394897999
            ]
          ]
        ],
        "type": "MultiLineString"
      },
      "id": "tvpp-9vvx|934014|2026-09-28T08:00:00",
      "properties": {
        "borough": "Queens",
        "certified_pin": false,
        "display_geometry_role": "route",
        "end_date_time": "2026-09-28T20:00:00.000",
        "endpoint_1_nearest_source_endpoint_m": 0.175,
        "endpoint_2_nearest_source_endpoint_m": 0.117,
        "endpoint_tolerance_m": 50.0,
        "exact_pin_eligible": false,
        "geometry_authority": "nyc_dcp_geosupport_plus_lion",
        "geometry_precision": "official_centerline",
        "geometry_sha256": "2a71ed44fd59ab30d9f7ced84d98e584e232f9595b2e6c270b9f102b44a8ca41",
        "location": "34 AVENUE between 93 STREET and 94 STREET",
        "occurrence_id": "tvpp-9vvx|934014|2026-09-28T08:00:00",
        "publication_allowed": true,
        "source_dataset": "tvpp-9vvx",
        "source_event_id": "934014",
        "source_geometry_dataset_id": "2v4z-66xt",
        "source_geometry_dataset_name": "NYC DCP LION",
        "source_segment_id": "0076631",
        "start_date_time": "2026-09-28T08:00:00.000",
        "title": "Afterschool Fun",
        "validation_state": "validated"
      },
      "type": "Feature"
    },
    {
      "geometry": {
        "coordinates": [
          [
            [
              -73.87480912624686,
              40.75480631293461
            ],
            [
              -73.87387899589152,
              40.75490394897999
            ]
          ]
        ],
        "type": "MultiLineString"
      },
      "id": "tvpp-9vvx|934014|2026-09-29T08:00:00",
      "properties": {
        "borough": "Queens",
        "certified_pin": false,
        "display_geometry_role": "route",
        "end_date_time": "2026-09-29T20:00:00.000",
        "endpoint_1_nearest_source_endpoint_m": 0.175,
        "endpoint_2_nearest_source_endpoint_m": 0.117,
        "endpoint_tolerance_m": 50.0,
        "exact_pin_eligible": false,
        "geometry_authority": "nyc_dcp_geosupport_plus_lion",
        "geometry_precision": "official_centerline",
        "geometry_sha256": "2a71ed44fd59ab30d9f7ced84d98e584e232f9595b2e6c270b9f102b44a8ca41",
        "location": "34 AVENUE between 93 STREET and 94 STREET",
        "occurrence_id": "tvpp-9vvx|934014|2026-09-29T08:00:00",
        "publication_allowed": true,
        "source_dataset": "tvpp-9vvx",
        "source_event_id": "934014",
        "source_geometry_dataset_id": "2v4z-66xt",
        "source_geometry_dataset_name": "NYC DCP LION",
        "source_segment_id": "0076631",
        "start_date_time": "2026-09-29T08:00:00.000",
        "title": "Afterschool Fun",
        "validation_state": "validated"
      },
      "type": "Feature"
    },
    {
      "geometry": {
        "coordinates": [
          [
            [
              -73.88561275289564,
              40.751689531096
            ],
            [
              -73.88468367564356,
              40.75178781369612
            ]
          ]
        ],
        "type": "MultiLineString"
      },
      "id": "tvpp-9vvx|917781|2026-09-05T09:00:00",
      "properties": {
        "borough": "Queens",
        "certified_pin": false,
        "display_geometry_role": "route",
        "end_date_time": "2026-09-05T17:00:00.000",
        "endpoint_1_nearest_source_endpoint_m": 0.095,
        "endpoint_2_nearest_source_endpoint_m": 0.082,
        "endpoint_tolerance_m": 50.0,
        "exact_pin_eligible": false,
        "geometry_authority": "nyc_dcp_geosupport_plus_lion",
        "geometry_precision": "official_centerline",
        "geometry_sha256": "fc952e5e398a5c906885e4df42be893f112372e53c5b10a4e9c4247b3bacfb80",
        "location": "35 AVENUE between 82 STREET and 81 STREET",
        "occurrence_id": "tvpp-9vvx|917781|2026-09-05T09:00:00",
        "publication_allowed": true,
        "source_dataset": "tvpp-9vvx",
        "source_event_id": "917781",
        "source_geometry_dataset_id": "2v4z-66xt",
        "source_geometry_dataset_name": "NYC DCP LION",
        "source_segment_id": "0076233",
        "start_date_time": "2026-09-05T09:00:00.000",
        "title": "Methodist Flea market",
        "validation_state": "validated"
      },
      "type": "Feature"
    },
    {
      "geometry": {
        "coordinates": [
          [
            [
              -73.88561275289564,
              40.751689531096
            ],
            [
              -73.88468367564356,
              40.75178781369612
            ]
          ]
        ],
        "type": "MultiLineString"
      },
      "id": "tvpp-9vvx|917781|2026-09-12T09:00:00",
      "properties": {
        "borough": "Queens",
        "certified_pin": false,
        "display_geometry_role": "route",
        "end_date_time": "2026-09-12T17:00:00.000",
        "endpoint_1_nearest_source_endpoint_m": 0.095,
        "endpoint_2_nearest_source_endpoint_m": 0.082,
        "endpoint_tolerance_m": 50.0,
        "exact_pin_eligible": false,
        "geometry_authority": "nyc_dcp_geosupport_plus_lion",
        "geometry_precision": "official_centerline",
        "geometry_sha256": "fc952e5e398a5c906885e4df42be893f112372e53c5b10a4e9c4247b3bacfb80",
        "location": "35 AVENUE between 82 STREET and 81 STREET",
        "occurrence_id": "tvpp-9vvx|917781|2026-09-12T09:00:00",
        "publication_allowed": true,
        "source_dataset": "tvpp-9vvx",
        "source_event_id": "917781",
        "source_geometry_dataset_id": "2v4z-66xt",
        "source_geometry_dataset_name": "NYC DCP LION",
        "source_segment_id": "0076233",
        "start_date_time": "2026-09-12T09:00:00.000",
        "title": "Methodist Flea market",
        "validation_state": "validated"
      },
      "type": "Feature"
    },
    {
      "geometry": {
        "coordinates": [
          [
            [
              -73.88561275289564,
              40.751689531096
            ],
            [
              -73.88468367564356,
              40.75178781369612
            ]
          ]
        ],
        "type": "MultiLineString"
      },
      "id": "tvpp-9vvx|917781|2026-09-19T09:00:00",
      "properties": {
        "borough": "Queens",
        "certified_pin": false,
        "display_geometry_role": "route",
        "end_date_time": "2026-09-19T17:00:00.000",
        "endpoint_1_nearest_source_endpoint_m": 0.095,
        "endpoint_2_nearest_source_endpoint_m": 0.082,
        "endpoint_tolerance_m": 50.0,
        "exact_pin_eligible": false,
        "geometry_authority": "nyc_dcp_geosupport_plus_lion",
        "geometry_precision": "official_centerline",
        "geometry_sha256": "fc952e5e398a5c906885e4df42be893f112372e53c5b10a4e9c4247b3bacfb80",
        "location": "35 AVENUE between 82 STREET and 81 STREET",
        "occurrence_id": "tvpp-9vvx|917781|2026-09-19T09:00:00",
        "publication_allowed": true,
        "source_dataset": "tvpp-9vvx",
        "source_event_id": "917781",
        "source_geometry_dataset_id": "2v4z-66xt",
        "source_geometry_dataset_name": "NYC DCP LION",
        "source_segment_id": "0076233",
        "start_date_time": "2026-09-19T09:00:00.000",
        "title": "Methodist Flea market",
        "validation_state": "validated"
      },
      "type": "Feature"
    },
    {
      "geometry": {
        "coordinates": [
          [
            [
              -73.88561275289564,
              40.751689531096
            ],
            [
              -73.88468367564356,
              40.75178781369612
            ]
          ]
        ],
        "type": "MultiLineString"
      },
      "id": "tvpp-9vvx|917781|2026-09-26T09:00:00",
      "properties": {
        "borough": "Queens",
        "certified_pin": false,
        "display_geometry_role": "route",
        "end_date_time": "2026-09-26T17:00:00.000",
        "endpoint_1_nearest_source_endpoint_m": 0.095,
        "endpoint_2_nearest_source_endpoint_m": 0.082,
        "endpoint_tolerance_m": 50.0,
        "exact_pin_eligible": false,
        "geometry_authority": "nyc_dcp_geosupport_plus_lion",
        "geometry_precision": "official_centerline",
        "geometry_sha256": "fc952e5e398a5c906885e4df42be893f112372e53c5b10a4e9c4247b3bacfb80",
        "location": "35 AVENUE between 82 STREET and 81 STREET",
        "occurrence_id": "tvpp-9vvx|917781|2026-09-26T09:00:00",
        "publication_allowed": true,
        "source_dataset": "tvpp-9vvx",
        "source_event_id": "917781",
        "source_geometry_dataset_id": "2v4z-66xt",
        "source_geometry_dataset_name": "NYC DCP LION",
        "source_segment_id": "0076233",
        "start_date_time": "2026-09-26T09:00:00.000",
        "title": "Methodist Flea market",
        "validation_state": "validated"
      },
      "type": "Feature"
    },
    {
      "geometry": {
        "coordinates": [
          [
            [
              -73.88548775700649,
              40.74579223931936
            ],
            [
              -73.8845595077286,
              40.745890341960944
            ]
          ]
        ],
        "type": "MultiLineString"
      },
      "id": "tvpp-9vvx|911520|2026-09-01T08:00:00",
      "properties": {
        "borough": "Queens",
        "certified_pin": false,
        "display_geometry_role": "route",
        "end_date_time": "2026-09-01T17:00:00.000",
        "endpoint_1_nearest_source_endpoint_m": 0.222,
        "endpoint_2_nearest_source_endpoint_m": 0.223,
        "endpoint_tolerance_m": 50.0,
        "exact_pin_eligible": false,
        "geometry_authority": "nyc_dcp_geosupport_plus_lion",
        "geometry_precision": "official_centerline",
        "geometry_sha256": "85d537c24a1ea099ac966e1253d26f0cb044e5a8f6f8c90591b775dca3bcf907",
        "location": "41 AVENUE between 80 STREET and 81 STREET",
        "occurrence_id": "tvpp-9vvx|911520|2026-09-01T08:00:00",
        "publication_allowed": true,
        "source_dataset": "tvpp-9vvx",
        "source_event_id": "911520",
        "source_geometry_dataset_id": "2v4z-66xt",
        "source_geometry_dataset_name": "NYC DCP LION",
        "source_segment_id": "0076211",
        "start_date_time": "2026-09-01T08:00:00.000",
        "title": "Elmhurst Greenmarket Tuesday",
        "validation_state": "validated"
      },
      "type": "Feature"
    },
    {
      "geometry": {
        "coordinates": [
          [
            [
              -73.88548775700649,
              40.74579223931936
            ],
            [
              -73.8845595077286,
              40.745890341960944
            ]
          ]
        ],
        "type": "MultiLineString"
      },
      "id": "tvpp-9vvx|911520|2026-09-08T08:00:00",
      "properties": {
        "borough": "Queens",
        "certified_pin": false,
        "display_geometry_role": "route",
        "end_date_time": "2026-09-08T17:00:00.000",
        "endpoint_1_nearest_source_endpoint_m": 0.222,
        "endpoint_2_nearest_source_endpoint_m": 0.223,
        "endpoint_tolerance_m": 50.0,
        "exact_pin_eligible": false,
        "geometry_authority": "nyc_dcp_geosupport_plus_lion",
        "geometry_precision": "official_centerline",
        "geometry_sha256": "85d537c24a1ea099ac966e1253d26f0cb044e5a8f6f8c90591b775dca3bcf907",
        "location": "41 AVENUE between 80 STREET and 81 STREET",
        "occurrence_id": "tvpp-9vvx|911520|2026-09-08T08:00:00",
        "publication_allowed": true,
        "source_dataset": "tvpp-9vvx",
        "source_event_id": "911520",
        "source_geometry_dataset_id": "2v4z-66xt",
        "source_geometry_dataset_name": "NYC DCP LION",
        "source_segment_id": "0076211",
        "start_date_time": "2026-09-08T08:00:00.000",
        "title": "Elmhurst Greenmarket Tuesday",
        "validation_state": "validated"
      },
      "type": "Feature"
    },
    {
      "geometry": {
        "coordinates": [
          [
            [
              -73.88548775700649,
              40.74579223931936
            ],
            [
              -73.8845595077286,
              40.745890341960944
            ]
          ]
        ],
        "type": "MultiLineString"
      },
      "id": "tvpp-9vvx|911520|2026-09-15T08:00:00",
      "properties": {
        "borough": "Queens",
        "certified_pin": false,
        "display_geometry_role": "route",
        "end_date_time": "2026-09-15T17:00:00.000",
        "endpoint_1_nearest_source_endpoint_m": 0.222,
        "endpoint_2_nearest_source_endpoint_m": 0.223,
        "endpoint_tolerance_m": 50.0,
        "exact_pin_eligible": false,
        "geometry_authority": "nyc_dcp_geosupport_plus_lion",
        "geometry_precision": "official_centerline",
        "geometry_sha256": "85d537c24a1ea099ac966e1253d26f0cb044e5a8f6f8c90591b775dca3bcf907",
        "location": "41 AVENUE between 80 STREET and 81 STREET",
        "occurrence_id": "tvpp-9vvx|911520|2026-09-15T08:00:00",
        "publication_allowed": true,
        "source_dataset": "tvpp-9vvx",
        "source_event_id": "911520",
        "source_geometry_dataset_id": "2v4z-66xt",
        "source_geometry_dataset_name": "NYC DCP LION",
        "source_segment_id": "0076211",
        "start_date_time": "2026-09-15T08:00:00.000",
        "title": "Elmhurst Greenmarket Tuesday",
        "validation_state": "validated"
      },
      "type": "Feature"
    },
    {
      "geometry": {
        "coordinates": [
          [
            [
              -73.88548775700649,
              40.74579223931936
            ],
            [
              -73.8845595077286,
              40.745890341960944
            ]
          ]
        ],
        "type": "MultiLineString"
      },
      "id": "tvpp-9vvx|911520|2026-09-22T08:00:00",
      "properties": {
        "borough": "Queens",
        "certified_pin": false,
        "display_geometry_role": "route",
        "end_date_time": "2026-09-22T17:00:00.000",
        "endpoint_1_nearest_source_endpoint_m": 0.222,
        "endpoint_2_nearest_source_endpoint_m": 0.223,
        "endpoint_tolerance_m": 50.0,
        "exact_pin_eligible": false,
        "geometry_authority": "nyc_dcp_geosupport_plus_lion",
        "geometry_precision": "official_centerline",
        "geometry_sha256": "85d537c24a1ea099ac966e1253d26f0cb044e5a8f6f8c90591b775dca3bcf907",
        "location": "41 AVENUE between 80 STREET and 81 STREET",
        "occurrence_id": "tvpp-9vvx|911520|2026-09-22T08:00:00",
        "publication_allowed": true,
        "source_dataset": "tvpp-9vvx",
        "source_event_id": "911520",
        "source_geometry_dataset_id": "2v4z-66xt",
        "source_geometry_dataset_name": "NYC DCP LION",
        "source_segment_id": "0076211",
        "start_date_time": "2026-09-22T08:00:00.000",
        "title": "Elmhurst Greenmarket Tuesday",
        "validation_state": "validated"
      },
      "type": "Feature"
    },
    {
      "geometry": {
        "coordinates": [
          [
            [
              -73.88548775700649,
              40.74579223931936
            ],
            [
              -73.8845595077286,
              40.745890341960944
            ]
          ]
        ],
        "type": "MultiLineString"
      },
      "id": "tvpp-9vvx|911520|2026-09-29T08:00:00",
      "properties": {
        "borough": "Queens",
        "certified_pin": false,
        "display_geometry_role": "route",
        "end_date_time": "2026-09-29T17:00:00.000",
        "endpoint_1_nearest_source_endpoint_m": 0.222,
        "endpoint_2_nearest_source_endpoint_m": 0.223,
        "endpoint_tolerance_m": 50.0,
        "exact_pin_eligible": false,
        "geometry_authority": "nyc_dcp_geosupport_plus_lion",
        "geometry_precision": "official_centerline",
        "geometry_sha256": "85d537c24a1ea099ac966e1253d26f0cb044e5a8f6f8c90591b775dca3bcf907",
        "location": "41 AVENUE between 80 STREET and 81 STREET",
        "occurrence_id": "tvpp-9vvx|911520|2026-09-29T08:00:00",
        "publication_allowed": true,
        "source_dataset": "tvpp-9vvx",
        "source_event_id": "911520",
        "source_geometry_dataset_id": "2v4z-66xt",
        "source_geometry_dataset_name": "NYC DCP LION",
        "source_segment_id": "0076211",
        "start_date_time": "2026-09-29T08:00:00.000",
        "title": "Elmhurst Greenmarket Tuesday",
        "validation_state": "validated"
      },
      "type": "Feature"
    },
    {
      "geometry": {
        "coordinates": [
          [
            [
              -73.90465289865219,
              40.73711968416739
            ],
            [
              -73.90470297570334,
              40.73567990305087
            ]
          ]
        ],
        "type": "MultiLineString"
      },
      "id": "tvpp-9vvx|946175|2026-09-12T14:00:00",
      "properties": {
        "borough": "Queens",
        "certified_pin": false,
        "display_geometry_role": "route",
        "end_date_time": "2026-09-12T20:30:00.000",
        "endpoint_1_nearest_source_endpoint_m": 0.173,
        "endpoint_2_nearest_source_endpoint_m": 0.011,
        "endpoint_tolerance_m": 50.0,
        "exact_pin_eligible": false,
        "geometry_authority": "nyc_dcp_geosupport_plus_lion",
        "geometry_precision": "official_centerline",
        "geometry_sha256": "4388db032a9efdafedb8b52290d9e7712321f5e7a736074f8caa86a3233b3c26",
        "location": "60 STREET between 50 AVENUE and TYLER AVENUE",
        "occurrence_id": "tvpp-9vvx|946175|2026-09-12T14:00:00",
        "publication_allowed": true,
        "source_dataset": "tvpp-9vvx",
        "source_event_id": "946175",
        "source_geometry_dataset_id": "2v4z-66xt",
        "source_geometry_dataset_name": "NYC DCP LION",
        "source_segment_id": "0073689",
        "start_date_time": "2026-09-12T14:00:00.000",
        "title": "Neighbors of 60th Street Block Party",
        "validation_state": "validated"
      },
      "type": "Feature"
    },
    {
      "geometry": {
        "coordinates": [
          [
            [
              -73.87921471728521,
              40.71202548957766
            ],
            [
              -73.87754317521939,
              40.712195316427284
            ]
          ]
        ],
        "type": "MultiLineString"
      },
      "id": "tvpp-9vvx|959498|2026-09-12T12:00:00",
      "properties": {
        "borough": "Queens",
        "certified_pin": false,
        "display_geometry_role": "route",
        "end_date_time": "2026-09-12T21:00:00.000",
        "endpoint_1_nearest_source_endpoint_m": 0.2,
        "endpoint_2_nearest_source_endpoint_m": 0.105,
        "endpoint_tolerance_m": 50.0,
        "exact_pin_eligible": false,
        "geometry_authority": "nyc_dcp_geosupport_plus_lion",
        "geometry_precision": "official_centerline",
        "geometry_sha256": "74fffbdca78ac8886cb767da8173b09a277065edb6a2ac690a82a6bd09a9b0c8",
        "location": "67 ROAD between 73 PLACE and 75 STREET",
        "occurrence_id": "tvpp-9vvx|959498|2026-09-12T12:00:00",
        "publication_allowed": true,
        "source_dataset": "tvpp-9vvx",
        "source_event_id": "959498",
        "source_geometry_dataset_id": "2v4z-66xt",
        "source_geometry_dataset_name": "NYC DCP LION",
        "source_segment_id": "0049442",
        "start_date_time": "2026-09-12T12:00:00.000",
        "title": "2026 67 Rd Block Party",
        "validation_state": "validated"
      },
      "type": "Feature"
    },
    {
      "geometry": {
        "coordinates": [
          [
            [
              -73.85329874862066,
              40.70892838943272
            ],
            [
              -73.85289128812539,
              40.71042972572808
            ]
          ]
        ],
        "type": "MultiLineString"
      },
      "id": "tvpp-9vvx|961554|2026-09-26T13:00:00",
      "properties": {
        "borough": "Queens",
        "certified_pin": false,
        "display_geometry_role": "route",
        "end_date_time": "2026-09-26T20:00:00.000",
        "endpoint_1_nearest_source_endpoint_m": 38.829,
        "endpoint_2_nearest_source_endpoint_m": 0.048,
        "endpoint_tolerance_m": 50.0,
        "exact_pin_eligible": false,
        "geometry_authority": "nyc_dcp_geosupport_plus_lion",
        "geometry_precision": "official_centerline",
        "geometry_sha256": "ef8697572aae64f0623362e05a28beab2afcdface04eeba4fe4d77e0a68ad036",
        "location": "70 ROAD between METROPOLITAN AVENUE and SYBILLA STREET",
        "occurrence_id": "tvpp-9vvx|961554|2026-09-26T13:00:00",
        "publication_allowed": true,
        "source_dataset": "tvpp-9vvx",
        "source_event_id": "961554",
        "source_geometry_dataset_id": "2v4z-66xt",
        "source_geometry_dataset_name": "NYC DCP LION",
        "source_segment_id": "0128979",
        "start_date_time": "2026-09-26T13:00:00.000",
        "title": "70th Road Block Road Party",
        "validation_state": "validated"
      },
      "type": "Feature"
    },
    {
      "geometry": {
        "coordinates": [
          [
            [
              -73.87321451867248,
              40.706519331813574
            ],
            [
              -73.87244314918625,
              40.704627854461506
            ]
          ]
        ],
        "type": "MultiLineString"
      },
      "id": "tvpp-9vvx|947923|2026-09-12T13:00:00",
      "properties": {
        "borough": "Queens",
        "certified_pin": false,
        "display_geometry_role": "route",
        "end_date_time": "2026-09-12T21:00:00.000",
        "endpoint_1_nearest_source_endpoint_m": 0.098,
        "endpoint_2_nearest_source_endpoint_m": 0.086,
        "endpoint_tolerance_m": 50.0,
        "exact_pin_eligible": false,
        "geometry_authority": "nyc_dcp_geosupport_plus_lion",
        "geometry_precision": "official_centerline",
        "geometry_sha256": "3753095d6d5ef3abb8f79e58e0dcce0fdc5b30d843601826914a76b67f1b990f",
        "location": "78 STREET between 78 AVENUE and 77 AVENUE",
        "occurrence_id": "tvpp-9vvx|947923|2026-09-12T13:00:00",
        "publication_allowed": true,
        "source_dataset": "tvpp-9vvx",
        "source_event_id": "947923",
        "source_geometry_dataset_id": "2v4z-66xt",
        "source_geometry_dataset_name": "NYC DCP LION",
        "source_segment_id": "0049597",
        "start_date_time": "2026-09-12T13:00:00.000",
        "title": "78th Street Block Party 2026",
        "validation_state": "validated"
      },
      "type": "Feature"
    },
    {
      "geometry": {
        "coordinates": [
          [
            [
              -73.88182559254855,
              40.72686364288696
            ],
            [
              -73.88064998562534,
              40.72539464438516
            ]
          ]
        ],
        "type": "MultiLineString"
      },
      "id": "tvpp-9vvx|958443|2026-09-12T13:00:00",
      "properties": {
        "borough": "Queens",
        "certified_pin": false,
        "display_geometry_role": "route",
        "end_date_time": "2026-09-12T21:00:00.000",
        "endpoint_1_nearest_source_endpoint_m": 0.192,
        "endpoint_2_nearest_source_endpoint_m": 0.092,
        "endpoint_tolerance_m": 50.0,
        "exact_pin_eligible": false,
        "geometry_authority": "nyc_dcp_geosupport_plus_lion",
        "geometry_precision": "official_centerline",
        "geometry_sha256": "a9248d979843cccbb415158d6f3a014192bc117de1ea00b4e99ae731b829bbe0",
        "location": "79 STREET between 58 AVENUE and CALDWELL AVENUE",
        "occurrence_id": "tvpp-9vvx|958443|2026-09-12T13:00:00",
        "publication_allowed": true,
        "source_dataset": "tvpp-9vvx",
        "source_event_id": "958443",
        "source_geometry_dataset_id": "2v4z-66xt",
        "source_geometry_dataset_name": "NYC DCP LION",
        "source_segment_id": "0074832",
        "start_date_time": "2026-09-12T13:00:00.000",
        "title": "79th Street Block Party",
        "validation_state": "validated"
      },
      "type": "Feature"
    },
    {
      "geometry": {
        "coordinates": [
          [
            [
              -73.88815673779743,
              40.75526581422689
            ],
            [
              -73.88782926791711,
              40.75346760853156
            ]
          ]
        ],
        "type": "MultiLineString"
      },
      "id": "tvpp-9vvx|898910|2026-08-30T08:00:00",
      "properties": {
        "borough": "Queens",
        "certified_pin": false,
        "display_geometry_role": "route",
        "end_date_time": "2026-08-30T17:00:00.000",
        "endpoint_1_nearest_source_endpoint_m": 0.108,
        "endpoint_2_nearest_source_endpoint_m": 3.677,
        "endpoint_tolerance_m": 50.0,
        "exact_pin_eligible": false,
        "geometry_authority": "nyc_dcp_geosupport_plus_lion",
        "geometry_precision": "official_centerline",
        "geometry_sha256": "ddca235ba0271dc31518f142b888538060240c6689b496063b748d46fe596415",
        "location": "79 STREET between NORTHERN BOULEVARD and 34 AVENUE",
        "occurrence_id": "tvpp-9vvx|898910|2026-08-30T08:00:00",
        "publication_allowed": true,
        "source_dataset": "tvpp-9vvx",
        "source_event_id": "898910",
        "source_geometry_dataset_id": "2v4z-66xt",
        "source_geometry_dataset_name": "NYC DCP LION",
        "source_segment_id": "0175327",
        "start_date_time": "2026-08-30T08:00:00.000",
        "title": "Jackson Heights Greenmarket Sunday",
        "validation_state": "validated"
      },
      "type": "Feature"
    },
    {
      "geometry": {
        "coordinates": [
          [
            [
              -73.88815673779743,
              40.75526581422689
            ],
            [
              -73.88782926791711,
              40.75346760853156
            ]
          ]
        ],
        "type": "MultiLineString"
      },
      "id": "tvpp-9vvx|898910|2026-09-06T08:00:00",
      "properties": {
        "borough": "Queens",
        "certified_pin": false,
        "display_geometry_role": "route",
        "end_date_time": "2026-09-06T17:00:00.000",
        "endpoint_1_nearest_source_endpoint_m": 0.108,
        "endpoint_2_nearest_source_endpoint_m": 3.677,
        "endpoint_tolerance_m": 50.0,
        "exact_pin_eligible": false,
        "geometry_authority": "nyc_dcp_geosupport_plus_lion",
        "geometry_precision": "official_centerline",
        "geometry_sha256": "ddca235ba0271dc31518f142b888538060240c6689b496063b748d46fe596415",
        "location": "79 STREET between NORTHERN BOULEVARD and 34 AVENUE",
        "occurrence_id": "tvpp-9vvx|898910|2026-09-06T08:00:00",
        "publication_allowed": true,
        "source_dataset": "tvpp-9vvx",
        "source_event_id": "898910",
        "source_geometry_dataset_id": "2v4z-66xt",
        "source_geometry_dataset_name": "NYC DCP LION",
        "source_segment_id": "0175327",
        "start_date_time": "2026-09-06T08:00:00.000",
        "title": "Jackson Heights Greenmarket Sunday",
        "validation_state": "validated"
      },
      "type": "Feature"
    },
    {
      "geometry": {
        "coordinates": [
          [
            [
              -73.88815673779743,
              40.75526581422689
            ],
            [
              -73.88782926791711,
              40.75346760853156
            ]
          ]
        ],
        "type": "MultiLineString"
      },
      "id": "tvpp-9vvx|898910|2026-09-13T08:00:00",
      "properties": {
        "borough": "Queens",
        "certified_pin": false,
        "display_geometry_role": "route",
        "end_date_time": "2026-09-13T17:00:00.000",
        "endpoint_1_nearest_source_endpoint_m": 0.108,
        "endpoint_2_nearest_source_endpoint_m": 3.677,
        "endpoint_tolerance_m": 50.0,
        "exact_pin_eligible": false,
        "geometry_authority": "nyc_dcp_geosupport_plus_lion",
        "geometry_precision": "official_centerline",
        "geometry_sha256": "ddca235ba0271dc31518f142b888538060240c6689b496063b748d46fe596415",
        "location": "79 STREET between NORTHERN BOULEVARD and 34 AVENUE",
        "occurrence_id": "tvpp-9vvx|898910|2026-09-13T08:00:00",
        "publication_allowed": true,
        "source_dataset": "tvpp-9vvx",
        "source_event_id": "898910",
        "source_geometry_dataset_id": "2v4z-66xt",
        "source_geometry_dataset_name": "NYC DCP LION",
        "source_segment_id": "0175327",
        "start_date_time": "2026-09-13T08:00:00.000",
        "title": "Jackson Heights Greenmarket Sunday",
        "validation_state": "validated"
      },
      "type": "Feature"
    },
    {
      "geometry": {
        "coordinates": [
          [
            [
              -73.88815673779743,
              40.75526581422689
            ],
            [
              -73.88782926791711,
              40.75346760853156
            ]
          ]
        ],
        "type": "MultiLineString"
      },
      "id": "tvpp-9vvx|898910|2026-09-20T08:00:00",
      "properties": {
        "borough": "Queens",
        "certified_pin": false,
        "display_geometry_role": "route",
        "end_date_time": "2026-09-20T17:00:00.000",
        "endpoint_1_nearest_source_endpoint_m": 0.108,
        "endpoint_2_nearest_source_endpoint_m": 3.677,
        "endpoint_tolerance_m": 50.0,
        "exact_pin_eligible": false,
        "geometry_authority": "nyc_dcp_geosupport_plus_lion",
        "geometry_precision": "official_centerline",
        "geometry_sha256": "ddca235ba0271dc31518f142b888538060240c6689b496063b748d46fe596415",
        "location": "79 STREET between NORTHERN BOULEVARD and 34 AVENUE",
        "occurrence_id": "tvpp-9vvx|898910|2026-09-20T08:00:00",
        "publication_allowed": true,
        "source_dataset": "tvpp-9vvx",
        "source_event_id": "898910",
        "source_geometry_dataset_id": "2v4z-66xt",
        "source_geometry_dataset_name": "NYC DCP LION",
        "source_segment_id": "0175327",
        "start_date_time": "2026-09-20T08:00:00.000",
        "title": "Jackson Heights Greenmarket Sunday",
        "validation_state": "validated"
      },
      "type": "Feature"
    },
    {
      "geometry": {
        "coordinates": [
          [
            [
              -73.88815673779743,
              40.75526581422689
            ],
            [
              -73.88782926791711,
              40.75346760853156
            ]
          ]
        ],
        "type": "MultiLineString"
      },
      "id": "tvpp-9vvx|898910|2026-09-27T08:00:00",
      "properties": {
        "borough": "Queens",
        "certified_pin": false,
        "display_geometry_role": "route",
        "end_date_time": "2026-09-27T17:00:00.000",
        "endpoint_1_nearest_source_endpoint_m": 0.108,
        "endpoint_2_nearest_source_endpoint_m": 3.677,
        "endpoint_tolerance_m": 50.0,
        "exact_pin_eligible": false,
        "geometry_authority": "nyc_dcp_geosupport_plus_lion",
        "geometry_precision": "official_centerline",
        "geometry_sha256": "ddca235ba0271dc31518f142b888538060240c6689b496063b748d46fe596415",
        "location": "79 STREET between NORTHERN BOULEVARD and 34 AVENUE",
        "occurrence_id": "tvpp-9vvx|898910|2026-09-27T08:00:00",
        "publication_allowed": true,
        "source_dataset": "tvpp-9vvx",
        "source_event_id": "898910",
        "source_geometry_dataset_id": "2v4z-66xt",
        "source_geometry_dataset_name": "NYC DCP LION",
        "source_segment_id": "0175327",
        "start_date_time": "2026-09-27T08:00:00.000",
        "title": "Jackson Heights Greenmarket Sunday",
        "validation_state": "validated"
      },
      "type": "Feature"
    },
    {
      "geometry": {
        "coordinates": [
          [
            [
              -73.84478856561094,
              40.72016435086825
            ],
            [
              -73.84367923185357,
              40.719761906472584
            ]
          ]
        ],
        "type": "MultiLineString"
      },
      "id": "tvpp-9vvx|966525|2026-08-30T09:00:00",
      "properties": {
        "borough": "Queens",
        "certified_pin": false,
        "display_geometry_role": "route",
        "end_date_time": "2026-08-30T19:00:00.000",
        "endpoint_1_nearest_source_endpoint_m": 0.081,
        "endpoint_2_nearest_source_endpoint_m": 0.123,
        "endpoint_tolerance_m": 50.0,
        "exact_pin_eligible": false,
        "geometry_authority": "nyc_dcp_geosupport_plus_lion",
        "geometry_precision": "official_centerline",
        "geometry_sha256": "a5e24783e250407b0b7d175038e4435599f97bd2af19cd59d668bbb0fd5d74ac",
        "location": "AUSTIN STREET between 71 AVENUE and 71 ROAD",
        "occurrence_id": "tvpp-9vvx|966525|2026-08-30T09:00:00",
        "publication_allowed": true,
        "source_dataset": "tvpp-9vvx",
        "source_event_id": "966525",
        "source_geometry_dataset_id": "2v4z-66xt",
        "source_geometry_dataset_name": "NYC DCP LION",
        "source_segment_id": "0082570",
        "start_date_time": "2026-08-30T09:00:00.000",
        "title": "Austin Street Open Street",
        "validation_state": "validated"
      },
      "type": "Feature"
    },
    {
      "geometry": {
        "coordinates": [
          [
            [
              -73.84478856561094,
              40.72016435086825
            ],
            [
              -73.84367923185357,
              40.719761906472584
            ]
          ]
        ],
        "type": "MultiLineString"
      },
      "id": "tvpp-9vvx|966525|2026-09-06T09:00:00",
      "properties": {
        "borough": "Queens",
        "certified_pin": false,
        "display_geometry_role": "route",
        "end_date_time": "2026-09-06T19:00:00.000",
        "endpoint_1_nearest_source_endpoint_m": 0.081,
        "endpoint_2_nearest_source_endpoint_m": 0.123,
        "endpoint_tolerance_m": 50.0,
        "exact_pin_eligible": false,
        "geometry_authority": "nyc_dcp_geosupport_plus_lion",
        "geometry_precision": "official_centerline",
        "geometry_sha256": "a5e24783e250407b0b7d175038e4435599f97bd2af19cd59d668bbb0fd5d74ac",
        "location": "AUSTIN STREET between 71 AVENUE and 71 ROAD",
        "occurrence_id": "tvpp-9vvx|966525|2026-09-06T09:00:00",
        "publication_allowed": true,
        "source_dataset": "tvpp-9vvx",
        "source_event_id": "966525",
        "source_geometry_dataset_id": "2v4z-66xt",
        "source_geometry_dataset_name": "NYC DCP LION",
        "source_segment_id": "0082570",
        "start_date_time": "2026-09-06T09:00:00.000",
        "title": "Austin Street Open Street",
        "validation_state": "validated"
      },
      "type": "Feature"
    },
    {
      "geometry": {
        "coordinates": [
          [
            [
              -73.84478856561094,
              40.72016435086825
            ],
            [
              -73.84367923185357,
              40.719761906472584
            ]
          ]
        ],
        "type": "MultiLineString"
      },
      "id": "tvpp-9vvx|966525|2026-09-13T09:00:00",
      "properties": {
        "borough": "Queens",
        "certified_pin": false,
        "display_geometry_role": "route",
        "end_date_time": "2026-09-13T19:00:00.000",
        "endpoint_1_nearest_source_endpoint_m": 0.081,
        "endpoint_2_nearest_source_endpoint_m": 0.123,
        "endpoint_tolerance_m": 50.0,
        "exact_pin_eligible": false,
        "geometry_authority": "nyc_dcp_geosupport_plus_lion",
        "geometry_precision": "official_centerline",
        "geometry_sha256": "a5e24783e250407b0b7d175038e4435599f97bd2af19cd59d668bbb0fd5d74ac",
        "location": "AUSTIN STREET between 71 AVENUE and 71 ROAD",
        "occurrence_id": "tvpp-9vvx|966525|2026-09-13T09:00:00",
        "publication_allowed": true,
        "source_dataset": "tvpp-9vvx",
        "source_event_id": "966525",
        "source_geometry_dataset_id": "2v4z-66xt",
        "source_geometry_dataset_name": "NYC DCP LION",
        "source_segment_id": "0082570",
        "start_date_time": "2026-09-13T09:00:00.000",
        "title": "Austin Street Open Street",
        "validation_state": "validated"
      },
      "type": "Feature"
    },
    {
      "geometry": {
        "coordinates": [
          [
            [
              -73.84478856561094,
              40.72016435086825
            ],
            [
              -73.84367923185357,
              40.719761906472584
            ]
          ]
        ],
        "type": "MultiLineString"
      },
      "id": "tvpp-9vvx|966525|2026-09-20T09:00:00",
      "properties": {
        "borough": "Queens",
        "certified_pin": false,
        "display_geometry_role": "route",
        "end_date_time": "2026-09-20T19:00:00.000",
        "endpoint_1_nearest_source_endpoint_m": 0.081,
        "endpoint_2_nearest_source_endpoint_m": 0.123,
        "endpoint_tolerance_m": 50.0,
        "exact_pin_eligible": false,
        "geometry_authority": "nyc_dcp_geosupport_plus_lion",
        "geometry_precision": "official_centerline",
        "geometry_sha256": "a5e24783e250407b0b7d175038e4435599f97bd2af19cd59d668bbb0fd5d74ac",
        "location": "AUSTIN STREET between 71 AVENUE and 71 ROAD",
        "occurrence_id": "tvpp-9vvx|966525|2026-09-20T09:00:00",
        "publication_allowed": true,
        "source_dataset": "tvpp-9vvx",
        "source_event_id": "966525",
        "source_geometry_dataset_id": "2v4z-66xt",
        "source_geometry_dataset_name": "NYC DCP LION",
        "source_segment_id": "0082570",
        "start_date_time": "2026-09-20T09:00:00.000",
        "title": "Austin Street Open Street",
        "validation_state": "validated"
      },
      "type": "Feature"
    },
    {
      "geometry": {
        "coordinates": [
          [
            [
              -73.76355564166022,
              40.69917815230359
            ],
            [
              -73.76291264705199,
              40.69888671078825
            ]
          ]
        ],
        "type": "MultiLineString"
      },
      "id": "tvpp-9vvx|954589|2026-08-30T10:00:00",
      "properties": {
        "borough": "Queens",
        "certified_pin": false,
        "display_geometry_role": "route",
        "end_date_time": "2026-08-30T18:00:00.000",
        "endpoint_1_nearest_source_endpoint_m": 17.672,
        "endpoint_2_nearest_source_endpoint_m": 0.132,
        "endpoint_tolerance_m": 50.0,
        "exact_pin_eligible": false,
        "geometry_authority": "nyc_dcp_geosupport_plus_lion",
        "geometry_precision": "official_centerline",
        "geometry_sha256": "605b43585539599a1d376611c60f4be2cfd13334058f79619ddf72a7961c94b6",
        "location": "HANNIBAL STREET between FARMERS BOULEVARD and 113 AVENUE",
        "occurrence_id": "tvpp-9vvx|954589|2026-08-30T10:00:00",
        "publication_allowed": true,
        "source_dataset": "tvpp-9vvx",
        "source_event_id": "954589",
        "source_geometry_dataset_id": "2v4z-66xt",
        "source_geometry_dataset_name": "NYC DCP LION",
        "source_segment_id": "0115981",
        "start_date_time": "2026-08-30T10:00:00.000",
        "title": "BACK TO SCHOOL GIVEAWAY",
        "validation_state": "validated"
      },
      "type": "Feature"
    },
    {
      "geometry": {
        "coordinates": [
          [
            [
              -73.76435656566156,
              40.69954997000041
            ],
            [
              -73.76377350925979,
              40.70025903813446
            ]
          ]
        ],
        "type": "MultiLineString"
      },
      "id": "tvpp-9vvx|955190|2026-08-31T11:00:00",
      "properties": {
        "borough": "Queens",
        "certified_pin": false,
        "display_geometry_role": "route",
        "end_date_time": "2026-08-31T16:00:00.000",
        "endpoint_1_nearest_source_endpoint_m": 0.043,
        "endpoint_2_nearest_source_endpoint_m": 0.048,
        "endpoint_tolerance_m": 50.0,
        "exact_pin_eligible": false,
        "geometry_authority": "nyc_dcp_geosupport_plus_lion",
        "geometry_precision": "official_centerline",
        "geometry_sha256": "590f34c7018b3158352398081bbcbefd37f15d0db4dbe3f9487d144af4b11da8",
        "location": "LEWISTON AVENUE between FARMERS BOULEVARD and HANNIBAL STREET",
        "occurrence_id": "tvpp-9vvx|955190|2026-08-31T11:00:00",
        "publication_allowed": true,
        "source_dataset": "tvpp-9vvx",
        "source_event_id": "955190",
        "source_geometry_dataset_id": "2v4z-66xt",
        "source_geometry_dataset_name": "NYC DCP LION",
        "source_segment_id": "0061420",
        "start_date_time": "2026-08-31T11:00:00.000",
        "title": "Community Day of Information / FAITH BASED COMMUNITY OUTREACH STREET EVENT",
        "validation_state": "validated"
      },
      "type": "Feature"
    },
    {
      "geometry": {
        "coordinates": [
          [
            [
              -73.80020147415199,
              40.703341285177764
            ],
            [
              -73.79995063103057,
              40.7024794432311
            ]
          ]
        ],
        "type": "MultiLineString"
      },
      "id": "tvpp-9vvx|964160|2026-08-30T12:00:00",
      "properties": {
        "borough": "Queens",
        "certified_pin": false,
        "display_geometry_role": "route",
        "end_date_time": "2026-08-30T12:00:00.000",
        "endpoint_1_nearest_source_endpoint_m": 0.151,
        "endpoint_2_nearest_source_endpoint_m": 0.082,
        "endpoint_tolerance_m": 50.0,
        "exact_pin_eligible": false,
        "geometry_authority": "nyc_dcp_geosupport_plus_lion",
        "geometry_precision": "official_centerline",
        "geometry_sha256": "3cc669ce7088391d612e67991b001e380f5740ab0ab45a5e37b81cb97049c3dd",
        "location": "PARSONS BOULEVARD between JAMAICA AVENUE and ARCHER AVENUE",
        "occurrence_id": "tvpp-9vvx|964160|2026-08-30T12:00:00",
        "publication_allowed": true,
        "source_dataset": "tvpp-9vvx",
        "source_event_id": "964160",
        "source_geometry_dataset_id": "2v4z-66xt",
        "source_geometry_dataset_name": "NYC DCP LION",
        "source_segment_id": "0057432",
        "start_date_time": "2026-08-30T12:00:00.000",
        "title": "Boombox in Jamaica",
        "validation_state": "validated"
      },
      "type": "Feature"
    },
    {
      "geometry": {
        "coordinates": [
          [
            [
              -73.80020147415199,
              40.703341285177764
            ],
            [
              -73.79995063103057,
              40.7024794432311
            ]
          ]
        ],
        "type": "MultiLineString"
      },
      "id": "tvpp-9vvx|964160|2026-08-31T12:00:00",
      "properties": {
        "borough": "Queens",
        "certified_pin": false,
        "display_geometry_role": "route",
        "end_date_time": "2026-08-31T12:00:00.000",
        "endpoint_1_nearest_source_endpoint_m": 0.151,
        "endpoint_2_nearest_source_endpoint_m": 0.082,
        "endpoint_tolerance_m": 50.0,
        "exact_pin_eligible": false,
        "geometry_authority": "nyc_dcp_geosupport_plus_lion",
        "geometry_precision": "official_centerline",
        "geometry_sha256": "3cc669ce7088391d612e67991b001e380f5740ab0ab45a5e37b81cb97049c3dd",
        "location": "PARSONS BOULEVARD between JAMAICA AVENUE and ARCHER AVENUE",
        "occurrence_id": "tvpp-9vvx|964160|2026-08-31T12:00:00",
        "publication_allowed": true,
        "source_dataset": "tvpp-9vvx",
        "source_event_id": "964160",
        "source_geometry_dataset_id": "2v4z-66xt",
        "source_geometry_dataset_name": "NYC DCP LION",
        "source_segment_id": "0057432",
        "start_date_time": "2026-08-31T12:00:00.000",
        "title": "Boombox in Jamaica",
        "validation_state": "validated"
      },
      "type": "Feature"
    },
    {
      "geometry": {
        "coordinates": [
          [
            [
              -73.80020147415199,
              40.703341285177764
            ],
            [
              -73.79995063103057,
              40.7024794432311
            ]
          ]
        ],
        "type": "MultiLineString"
      },
      "id": "tvpp-9vvx|964160|2026-09-01T12:00:00",
      "properties": {
        "borough": "Queens",
        "certified_pin": false,
        "display_geometry_role": "route",
        "end_date_time": "2026-09-01T12:00:00.000",
        "endpoint_1_nearest_source_endpoint_m": 0.151,
        "endpoint_2_nearest_source_endpoint_m": 0.082,
        "endpoint_tolerance_m": 50.0,
        "exact_pin_eligible": false,
        "geometry_authority": "nyc_dcp_geosupport_plus_lion",
        "geometry_precision": "official_centerline",
        "geometry_sha256": "3cc669ce7088391d612e67991b001e380f5740ab0ab45a5e37b81cb97049c3dd",
        "location": "PARSONS BOULEVARD between JAMAICA AVENUE and ARCHER AVENUE",
        "occurrence_id": "tvpp-9vvx|964160|2026-09-01T12:00:00",
        "publication_allowed": true,
        "source_dataset": "tvpp-9vvx",
        "source_event_id": "964160",
        "source_geometry_dataset_id": "2v4z-66xt",
        "source_geometry_dataset_name": "NYC DCP LION",
        "source_segment_id": "0057432",
        "start_date_time": "2026-09-01T12:00:00.000",
        "title": "Boombox in Jamaica",
        "validation_state": "validated"
      },
      "type": "Feature"
    },
    {
      "geometry": {
        "coordinates": [
          [
            [
              -73.80020147415199,
              40.703341285177764
            ],
            [
              -73.79995063103057,
              40.7024794432311
            ]
          ]
        ],
        "type": "MultiLineString"
      },
      "id": "tvpp-9vvx|964160|2026-09-02T12:00:00",
      "properties": {
        "borough": "Queens",
        "certified_pin": false,
        "display_geometry_role": "route",
        "end_date_time": "2026-09-02T12:00:00.000",
        "endpoint_1_nearest_source_endpoint_m": 0.151,
        "endpoint_2_nearest_source_endpoint_m": 0.082,
        "endpoint_tolerance_m": 50.0,
        "exact_pin_eligible": false,
        "geometry_authority": "nyc_dcp_geosupport_plus_lion",
        "geometry_precision": "official_centerline",
        "geometry_sha256": "3cc669ce7088391d612e67991b001e380f5740ab0ab45a5e37b81cb97049c3dd",
        "location": "PARSONS BOULEVARD between JAMAICA AVENUE and ARCHER AVENUE",
        "occurrence_id": "tvpp-9vvx|964160|2026-09-02T12:00:00",
        "publication_allowed": true,
        "source_dataset": "tvpp-9vvx",
        "source_event_id": "964160",
        "source_geometry_dataset_id": "2v4z-66xt",
        "source_geometry_dataset_name": "NYC DCP LION",
        "source_segment_id": "0057432",
        "start_date_time": "2026-09-02T12:00:00.000",
        "title": "Boombox in Jamaica",
        "validation_state": "validated"
      },
      "type": "Feature"
    },
    {
      "geometry": {
        "coordinates": [
          [
            [
              -73.80020147415199,
              40.703341285177764
            ],
            [
              -73.79995063103057,
              40.7024794432311
            ]
          ]
        ],
        "type": "MultiLineString"
      },
      "id": "tvpp-9vvx|964160|2026-09-03T12:00:00",
      "properties": {
        "borough": "Queens",
        "certified_pin": false,
        "display_geometry_role": "route",
        "end_date_time": "2026-09-03T12:00:00.000",
        "endpoint_1_nearest_source_endpoint_m": 0.151,
        "endpoint_2_nearest_source_endpoint_m": 0.082,
        "endpoint_tolerance_m": 50.0,
        "exact_pin_eligible": false,
        "geometry_authority": "nyc_dcp_geosupport_plus_lion",
        "geometry_precision": "official_centerline",
        "geometry_sha256": "3cc669ce7088391d612e67991b001e380f5740ab0ab45a5e37b81cb97049c3dd",
        "location": "PARSONS BOULEVARD between JAMAICA AVENUE and ARCHER AVENUE",
        "occurrence_id": "tvpp-9vvx|964160|2026-09-03T12:00:00",
        "publication_allowed": true,
        "source_dataset": "tvpp-9vvx",
        "source_event_id": "964160",
        "source_geometry_dataset_id": "2v4z-66xt",
        "source_geometry_dataset_name": "NYC DCP LION",
        "source_segment_id": "0057432",
        "start_date_time": "2026-09-03T12:00:00.000",
        "title": "Boombox in Jamaica",
        "validation_state": "validated"
      },
      "type": "Feature"
    },
    {
      "geometry": {
        "coordinates": [
          [
            [
              -73.80020147415199,
              40.703341285177764
            ],
            [
              -73.79995063103057,
              40.7024794432311
            ]
          ]
        ],
        "type": "MultiLineString"
      },
      "id": "tvpp-9vvx|964160|2026-09-04T12:00:00",
      "properties": {
        "borough": "Queens",
        "certified_pin": false,
        "display_geometry_role": "route",
        "end_date_time": "2026-09-04T12:00:00.000",
        "endpoint_1_nearest_source_endpoint_m": 0.151,
        "endpoint_2_nearest_source_endpoint_m": 0.082,
        "endpoint_tolerance_m": 50.0,
        "exact_pin_eligible": false,
        "geometry_authority": "nyc_dcp_geosupport_plus_lion",
        "geometry_precision": "official_centerline",
        "geometry_sha256": "3cc669ce7088391d612e67991b001e380f5740ab0ab45a5e37b81cb97049c3dd",
        "location": "PARSONS BOULEVARD between JAMAICA AVENUE and ARCHER AVENUE",
        "occurrence_id": "tvpp-9vvx|964160|2026-09-04T12:00:00",
        "publication_allowed": true,
        "source_dataset": "tvpp-9vvx",
        "source_event_id": "964160",
        "source_geometry_dataset_id": "2v4z-66xt",
        "source_geometry_dataset_name": "NYC DCP LION",
        "source_segment_id": "0057432",
        "start_date_time": "2026-09-04T12:00:00.000",
        "title": "Boombox in Jamaica",
        "validation_state": "validated"
      },
      "type": "Feature"
    },
    {
      "geometry": {
        "coordinates": [
          [
            [
              -73.80020147415199,
              40.703341285177764
            ],
            [
              -73.79995063103057,
              40.7024794432311
            ]
          ]
        ],
        "type": "MultiLineString"
      },
      "id": "tvpp-9vvx|964160|2026-09-05T12:00:00",
      "properties": {
        "borough": "Queens",
        "certified_pin": false,
        "display_geometry_role": "route",
        "end_date_time": "2026-09-05T12:00:00.000",
        "endpoint_1_nearest_source_endpoint_m": 0.151,
        "endpoint_2_nearest_source_endpoint_m": 0.082,
        "endpoint_tolerance_m": 50.0,
        "exact_pin_eligible": false,
        "geometry_authority": "nyc_dcp_geosupport_plus_lion",
        "geometry_precision": "official_centerline",
        "geometry_sha256": "3cc669ce7088391d612e67991b001e380f5740ab0ab45a5e37b81cb97049c3dd",
        "location": "PARSONS BOULEVARD between JAMAICA AVENUE and ARCHER AVENUE",
        "occurrence_id": "tvpp-9vvx|964160|2026-09-05T12:00:00",
        "publication_allowed": true,
        "source_dataset": "tvpp-9vvx",
        "source_event_id": "964160",
        "source_geometry_dataset_id": "2v4z-66xt",
        "source_geometry_dataset_name": "NYC DCP LION",
        "source_segment_id": "0057432",
        "start_date_time": "2026-09-05T12:00:00.000",
        "title": "Boombox in Jamaica",
        "validation_state": "validated"
      },
      "type": "Feature"
    },
    {
      "geometry": {
        "coordinates": [
          [
            [
              -73.80020147415199,
              40.703341285177764
            ],
            [
              -73.79995063103057,
              40.7024794432311
            ]
          ]
        ],
        "type": "MultiLineString"
      },
      "id": "tvpp-9vvx|964160|2026-09-06T12:00:00",
      "properties": {
        "borough": "Queens",
        "certified_pin": false,
        "display_geometry_role": "route",
        "end_date_time": "2026-09-06T12:00:00.000",
        "endpoint_1_nearest_source_endpoint_m": 0.151,
        "endpoint_2_nearest_source_endpoint_m": 0.082,
        "endpoint_tolerance_m": 50.0,
        "exact_pin_eligible": false,
        "geometry_authority": "nyc_dcp_geosupport_plus_lion",
        "geometry_precision": "official_centerline",
        "geometry_sha256": "3cc669ce7088391d612e67991b001e380f5740ab0ab45a5e37b81cb97049c3dd",
        "location": "PARSONS BOULEVARD between JAMAICA AVENUE and ARCHER AVENUE",
        "occurrence_id": "tvpp-9vvx|964160|2026-09-06T12:00:00",
        "publication_allowed": true,
        "source_dataset": "tvpp-9vvx",
        "source_event_id": "964160",
        "source_geometry_dataset_id": "2v4z-66xt",
        "source_geometry_dataset_name": "NYC DCP LION",
        "source_segment_id": "0057432",
        "start_date_time": "2026-09-06T12:00:00.000",
        "title": "Boombox in Jamaica",
        "validation_state": "validated"
      },
      "type": "Feature"
    },
    {
      "geometry": {
        "coordinates": [
          [
            [
              -73.80020147415199,
              40.703341285177764
            ],
            [
              -73.79995063103057,
              40.7024794432311
            ]
          ]
        ],
        "type": "MultiLineString"
      },
      "id": "tvpp-9vvx|964160|2026-09-07T12:00:00",
      "properties": {
        "borough": "Queens",
        "certified_pin": false,
        "display_geometry_role": "route",
        "end_date_time": "2026-09-07T12:00:00.000",
        "endpoint_1_nearest_source_endpoint_m": 0.151,
        "endpoint_2_nearest_source_endpoint_m": 0.082,
        "endpoint_tolerance_m": 50.0,
        "exact_pin_eligible": false,
        "geometry_authority": "nyc_dcp_geosupport_plus_lion",
        "geometry_precision": "official_centerline",
        "geometry_sha256": "3cc669ce7088391d612e67991b001e380f5740ab0ab45a5e37b81cb97049c3dd",
        "location": "PARSONS BOULEVARD between JAMAICA AVENUE and ARCHER AVENUE",
        "occurrence_id": "tvpp-9vvx|964160|2026-09-07T12:00:00",
        "publication_allowed": true,
        "source_dataset": "tvpp-9vvx",
        "source_event_id": "964160",
        "source_geometry_dataset_id": "2v4z-66xt",
        "source_geometry_dataset_name": "NYC DCP LION",
        "source_segment_id": "0057432",
        "start_date_time": "2026-09-07T12:00:00.000",
        "title": "Boombox in Jamaica",
        "validation_state": "validated"
      },
      "type": "Feature"
    },
    {
      "geometry": {
        "coordinates": [
          [
            [
              -73.80020147415199,
              40.703341285177764
            ],
            [
              -73.79995063103057,
              40.7024794432311
            ]
          ]
        ],
        "type": "MultiLineString"
      },
      "id": "tvpp-9vvx|964160|2026-09-08T12:00:00",
      "properties": {
        "borough": "Queens",
        "certified_pin": false,
        "display_geometry_role": "route",
        "end_date_time": "2026-09-08T12:00:00.000",
        "endpoint_1_nearest_source_endpoint_m": 0.151,
        "endpoint_2_nearest_source_endpoint_m": 0.082,
        "endpoint_tolerance_m": 50.0,
        "exact_pin_eligible": false,
        "geometry_authority": "nyc_dcp_geosupport_plus_lion",
        "geometry_precision": "official_centerline",
        "geometry_sha256": "3cc669ce7088391d612e67991b001e380f5740ab0ab45a5e37b81cb97049c3dd",
        "location": "PARSONS BOULEVARD between JAMAICA AVENUE and ARCHER AVENUE",
        "occurrence_id": "tvpp-9vvx|964160|2026-09-08T12:00:00",
        "publication_allowed": true,
        "source_dataset": "tvpp-9vvx",
        "source_event_id": "964160",
        "source_geometry_dataset_id": "2v4z-66xt",
        "source_geometry_dataset_name": "NYC DCP LION",
        "source_segment_id": "0057432",
        "start_date_time": "2026-09-08T12:00:00.000",
        "title": "Boombox in Jamaica",
        "validation_state": "validated"
      },
      "type": "Feature"
    },
    {
      "geometry": {
        "coordinates": [
          [
            [
              -73.80020147415199,
              40.703341285177764
            ],
            [
              -73.79995063103057,
              40.7024794432311
            ]
          ]
        ],
        "type": "MultiLineString"
      },
      "id": "tvpp-9vvx|964160|2026-09-09T12:00:00",
      "properties": {
        "borough": "Queens",
        "certified_pin": false,
        "display_geometry_role": "route",
        "end_date_time": "2026-09-09T12:00:00.000",
        "endpoint_1_nearest_source_endpoint_m": 0.151,
        "endpoint_2_nearest_source_endpoint_m": 0.082,
        "endpoint_tolerance_m": 50.0,
        "exact_pin_eligible": false,
        "geometry_authority": "nyc_dcp_geosupport_plus_lion",
        "geometry_precision": "official_centerline",
        "geometry_sha256": "3cc669ce7088391d612e67991b001e380f5740ab0ab45a5e37b81cb97049c3dd",
        "location": "PARSONS BOULEVARD between JAMAICA AVENUE and ARCHER AVENUE",
        "occurrence_id": "tvpp-9vvx|964160|2026-09-09T12:00:00",
        "publication_allowed": true,
        "source_dataset": "tvpp-9vvx",
        "source_event_id": "964160",
        "source_geometry_dataset_id": "2v4z-66xt",
        "source_geometry_dataset_name": "NYC DCP LION",
        "source_segment_id": "0057432",
        "start_date_time": "2026-09-09T12:00:00.000",
        "title": "Boombox in Jamaica",
        "validation_state": "validated"
      },
      "type": "Feature"
    },
    {
      "geometry": {
        "coordinates": [
          [
            [
              -73.80020147415199,
              40.703341285177764
            ],
            [
              -73.79995063103057,
              40.7024794432311
            ]
          ]
        ],
        "type": "MultiLineString"
      },
      "id": "tvpp-9vvx|964160|2026-09-10T12:00:00",
      "properties": {
        "borough": "Queens",
        "certified_pin": false,
        "display_geometry_role": "route",
        "end_date_time": "2026-09-10T12:00:00.000",
        "endpoint_1_nearest_source_endpoint_m": 0.151,
        "endpoint_2_nearest_source_endpoint_m": 0.082,
        "endpoint_tolerance_m": 50.0,
        "exact_pin_eligible": false,
        "geometry_authority": "nyc_dcp_geosupport_plus_lion",
        "geometry_precision": "official_centerline",
        "geometry_sha256": "3cc669ce7088391d612e67991b001e380f5740ab0ab45a5e37b81cb97049c3dd",
        "location": "PARSONS BOULEVARD between JAMAICA AVENUE and ARCHER AVENUE",
        "occurrence_id": "tvpp-9vvx|964160|2026-09-10T12:00:00",
        "publication_allowed": true,
        "source_dataset": "tvpp-9vvx",
        "source_event_id": "964160",
        "source_geometry_dataset_id": "2v4z-66xt",
        "source_geometry_dataset_name": "NYC DCP LION",
        "source_segment_id": "0057432",
        "start_date_time": "2026-09-10T12:00:00.000",
        "title": "Boombox in Jamaica",
        "validation_state": "validated"
      },
      "type": "Feature"
    },
    {
      "geometry": {
        "coordinates": [
          [
            [
              -73.80020147415199,
              40.703341285177764
            ],
            [
              -73.79995063103057,
              40.7024794432311
            ]
          ]
        ],
        "type": "MultiLineString"
      },
      "id": "tvpp-9vvx|964160|2026-09-11T12:00:00",
      "properties": {
        "borough": "Queens",
        "certified_pin": false,
        "display_geometry_role": "route",
        "end_date_time": "2026-09-11T12:00:00.000",
        "endpoint_1_nearest_source_endpoint_m": 0.151,
        "endpoint_2_nearest_source_endpoint_m": 0.082,
        "endpoint_tolerance_m": 50.0,
        "exact_pin_eligible": false,
        "geometry_authority": "nyc_dcp_geosupport_plus_lion",
        "geometry_precision": "official_centerline",
        "geometry_sha256": "3cc669ce7088391d612e67991b001e380f5740ab0ab45a5e37b81cb97049c3dd",
        "location": "PARSONS BOULEVARD between JAMAICA AVENUE and ARCHER AVENUE",
        "occurrence_id": "tvpp-9vvx|964160|2026-09-11T12:00:00",
        "publication_allowed": true,
        "source_dataset": "tvpp-9vvx",
        "source_event_id": "964160",
        "source_geometry_dataset_id": "2v4z-66xt",
        "source_geometry_dataset_name": "NYC DCP LION",
        "source_segment_id": "0057432",
        "start_date_time": "2026-09-11T12:00:00.000",
        "title": "Boombox in Jamaica",
        "validation_state": "validated"
      },
      "type": "Feature"
    },
    {
      "geometry": {
        "coordinates": [
          [
            [
              -73.80020147415199,
              40.703341285177764
            ],
            [
              -73.79995063103057,
              40.7024794432311
            ]
          ]
        ],
        "type": "MultiLineString"
      },
      "id": "tvpp-9vvx|964160|2026-09-12T12:00:00",
      "properties": {
        "borough": "Queens",
        "certified_pin": false,
        "display_geometry_role": "route",
        "end_date_time": "2026-09-12T12:00:00.000",
        "endpoint_1_nearest_source_endpoint_m": 0.151,
        "endpoint_2_nearest_source_endpoint_m": 0.082,
        "endpoint_tolerance_m": 50.0,
        "exact_pin_eligible": false,
        "geometry_authority": "nyc_dcp_geosupport_plus_lion",
        "geometry_precision": "official_centerline",
        "geometry_sha256": "3cc669ce7088391d612e67991b001e380f5740ab0ab45a5e37b81cb97049c3dd",
        "location": "PARSONS BOULEVARD between JAMAICA AVENUE and ARCHER AVENUE",
        "occurrence_id": "tvpp-9vvx|964160|2026-09-12T12:00:00",
        "publication_allowed": true,
        "source_dataset": "tvpp-9vvx",
        "source_event_id": "964160",
        "source_geometry_dataset_id": "2v4z-66xt",
        "source_geometry_dataset_name": "NYC DCP LION",
        "source_segment_id": "0057432",
        "start_date_time": "2026-09-12T12:00:00.000",
        "title": "Boombox in Jamaica",
        "validation_state": "validated"
      },
      "type": "Feature"
    },
    {
      "geometry": {
        "coordinates": [
          [
            [
              -73.80020147415199,
              40.703341285177764
            ],
            [
              -73.79995063103057,
              40.7024794432311
            ]
          ]
        ],
        "type": "MultiLineString"
      },
      "id": "tvpp-9vvx|964160|2026-09-13T12:00:00",
      "properties": {
        "borough": "Queens",
        "certified_pin": false,
        "display_geometry_role": "route",
        "end_date_time": "2026-09-13T12:00:00.000",
        "endpoint_1_nearest_source_endpoint_m": 0.151,
        "endpoint_2_nearest_source_endpoint_m": 0.082,
        "endpoint_tolerance_m": 50.0,
        "exact_pin_eligible": false,
        "geometry_authority": "nyc_dcp_geosupport_plus_lion",
        "geometry_precision": "official_centerline",
        "geometry_sha256": "3cc669ce7088391d612e67991b001e380f5740ab0ab45a5e37b81cb97049c3dd",
        "location": "PARSONS BOULEVARD between JAMAICA AVENUE and ARCHER AVENUE",
        "occurrence_id": "tvpp-9vvx|964160|2026-09-13T12:00:00",
        "publication_allowed": true,
        "source_dataset": "tvpp-9vvx",
        "source_event_id": "964160",
        "source_geometry_dataset_id": "2v4z-66xt",
        "source_geometry_dataset_name": "NYC DCP LION",
        "source_segment_id": "0057432",
        "start_date_time": "2026-09-13T12:00:00.000",
        "title": "Boombox in Jamaica",
        "validation_state": "validated"
      },
      "type": "Feature"
    },
    {
      "geometry": {
        "coordinates": [
          [
            [
              -73.80020147415199,
              40.703341285177764
            ],
            [
              -73.79995063103057,
              40.7024794432311
            ]
          ]
        ],
        "type": "MultiLineString"
      },
      "id": "tvpp-9vvx|964160|2026-09-14T12:00:00",
      "properties": {
        "borough": "Queens",
        "certified_pin": false,
        "display_geometry_role": "route",
        "end_date_time": "2026-09-14T12:00:00.000",
        "endpoint_1_nearest_source_endpoint_m": 0.151,
        "endpoint_2_nearest_source_endpoint_m": 0.082,
        "endpoint_tolerance_m": 50.0,
        "exact_pin_eligible": false,
        "geometry_authority": "nyc_dcp_geosupport_plus_lion",
        "geometry_precision": "official_centerline",
        "geometry_sha256": "3cc669ce7088391d612e67991b001e380f5740ab0ab45a5e37b81cb97049c3dd",
        "location": "PARSONS BOULEVARD between JAMAICA AVENUE and ARCHER AVENUE",
        "occurrence_id": "tvpp-9vvx|964160|2026-09-14T12:00:00",
        "publication_allowed": true,
        "source_dataset": "tvpp-9vvx",
        "source_event_id": "964160",
        "source_geometry_dataset_id": "2v4z-66xt",
        "source_geometry_dataset_name": "NYC DCP LION",
        "source_segment_id": "0057432",
        "start_date_time": "2026-09-14T12:00:00.000",
        "title": "Boombox in Jamaica",
        "validation_state": "validated"
      },
      "type": "Feature"
    },
    {
      "geometry": {
        "coordinates": [
          [
            [
              -73.80020147415199,
              40.703341285177764
            ],
            [
              -73.79995063103057,
              40.7024794432311
            ]
          ]
        ],
        "type": "MultiLineString"
      },
      "id": "tvpp-9vvx|964160|2026-09-15T12:00:00",
      "properties": {
        "borough": "Queens",
        "certified_pin": false,
        "display_geometry_role": "route",
        "end_date_time": "2026-09-15T12:00:00.000",
        "endpoint_1_nearest_source_endpoint_m": 0.151,
        "endpoint_2_nearest_source_endpoint_m": 0.082,
        "endpoint_tolerance_m": 50.0,
        "exact_pin_eligible": false,
        "geometry_authority": "nyc_dcp_geosupport_plus_lion",
        "geometry_precision": "official_centerline",
        "geometry_sha256": "3cc669ce7088391d612e67991b001e380f5740ab0ab45a5e37b81cb97049c3dd",
        "location": "PARSONS BOULEVARD between JAMAICA AVENUE and ARCHER AVENUE",
        "occurrence_id": "tvpp-9vvx|964160|2026-09-15T12:00:00",
        "publication_allowed": true,
        "source_dataset": "tvpp-9vvx",
        "source_event_id": "964160",
        "source_geometry_dataset_id": "2v4z-66xt",
        "source_geometry_dataset_name": "NYC DCP LION",
        "source_segment_id": "0057432",
        "start_date_time": "2026-09-15T12:00:00.000",
        "title": "Boombox in Jamaica",
        "validation_state": "validated"
      },
      "type": "Feature"
    },
    {
      "geometry": {
        "coordinates": [
          [
            [
              -73.80020147415199,
              40.703341285177764
            ],
            [
              -73.79995063103057,
              40.7024794432311
            ]
          ]
        ],
        "type": "MultiLineString"
      },
      "id": "tvpp-9vvx|964160|2026-09-16T12:00:00",
      "properties": {
        "borough": "Queens",
        "certified_pin": false,
        "display_geometry_role": "route",
        "end_date_time": "2026-09-16T12:00:00.000",
        "endpoint_1_nearest_source_endpoint_m": 0.151,
        "endpoint_2_nearest_source_endpoint_m": 0.082,
        "endpoint_tolerance_m": 50.0,
        "exact_pin_eligible": false,
        "geometry_authority": "nyc_dcp_geosupport_plus_lion",
        "geometry_precision": "official_centerline",
        "geometry_sha256": "3cc669ce7088391d612e67991b001e380f5740ab0ab45a5e37b81cb97049c3dd",
        "location": "PARSONS BOULEVARD between JAMAICA AVENUE and ARCHER AVENUE",
        "occurrence_id": "tvpp-9vvx|964160|2026-09-16T12:00:00",
        "publication_allowed": true,
        "source_dataset": "tvpp-9vvx",
        "source_event_id": "964160",
        "source_geometry_dataset_id": "2v4z-66xt",
        "source_geometry_dataset_name": "NYC DCP LION",
        "source_segment_id": "0057432",
        "start_date_time": "2026-09-16T12:00:00.000",
        "title": "Boombox in Jamaica",
        "validation_state": "validated"
      },
      "type": "Feature"
    },
    {
      "geometry": {
        "coordinates": [
          [
            [
              -73.80020147415199,
              40.703341285177764
            ],
            [
              -73.79995063103057,
              40.7024794432311
            ]
          ]
        ],
        "type": "MultiLineString"
      },
      "id": "tvpp-9vvx|964160|2026-09-17T12:00:00",
      "properties": {
        "borough": "Queens",
        "certified_pin": false,
        "display_geometry_role": "route",
        "end_date_time": "2026-09-17T12:00:00.000",
        "endpoint_1_nearest_source_endpoint_m": 0.151,
        "endpoint_2_nearest_source_endpoint_m": 0.082,
        "endpoint_tolerance_m": 50.0,
        "exact_pin_eligible": false,
        "geometry_authority": "nyc_dcp_geosupport_plus_lion",
        "geometry_precision": "official_centerline",
        "geometry_sha256": "3cc669ce7088391d612e67991b001e380f5740ab0ab45a5e37b81cb97049c3dd",
        "location": "PARSONS BOULEVARD between JAMAICA AVENUE and ARCHER AVENUE",
        "occurrence_id": "tvpp-9vvx|964160|2026-09-17T12:00:00",
        "publication_allowed": true,
        "source_dataset": "tvpp-9vvx",
        "source_event_id": "964160",
        "source_geometry_dataset_id": "2v4z-66xt",
        "source_geometry_dataset_name": "NYC DCP LION",
        "source_segment_id": "0057432",
        "start_date_time": "2026-09-17T12:00:00.000",
        "title": "Boombox in Jamaica",
        "validation_state": "validated"
      },
      "type": "Feature"
    },
    {
      "geometry": {
        "coordinates": [
          [
            [
              -73.80020147415199,
              40.703341285177764
            ],
            [
              -73.79995063103057,
              40.7024794432311
            ]
          ]
        ],
        "type": "MultiLineString"
      },
      "id": "tvpp-9vvx|964160|2026-09-18T12:00:00",
      "properties": {
        "borough": "Queens",
        "certified_pin": false,
        "display_geometry_role": "route",
        "end_date_time": "2026-09-18T12:00:00.000",
        "endpoint_1_nearest_source_endpoint_m": 0.151,
        "endpoint_2_nearest_source_endpoint_m": 0.082,
        "endpoint_tolerance_m": 50.0,
        "exact_pin_eligible": false,
        "geometry_authority": "nyc_dcp_geosupport_plus_lion",
        "geometry_precision": "official_centerline",
        "geometry_sha256": "3cc669ce7088391d612e67991b001e380f5740ab0ab45a5e37b81cb97049c3dd",
        "location": "PARSONS BOULEVARD between JAMAICA AVENUE and ARCHER AVENUE",
        "occurrence_id": "tvpp-9vvx|964160|2026-09-18T12:00:00",
        "publication_allowed": true,
        "source_dataset": "tvpp-9vvx",
        "source_event_id": "964160",
        "source_geometry_dataset_id": "2v4z-66xt",
        "source_geometry_dataset_name": "NYC DCP LION",
        "source_segment_id": "0057432",
        "start_date_time": "2026-09-18T12:00:00.000",
        "title": "Boombox in Jamaica",
        "validation_state": "validated"
      },
      "type": "Feature"
    },
    {
      "geometry": {
        "coordinates": [
          [
            [
              -73.80020147415199,
              40.703341285177764
            ],
            [
              -73.79995063103057,
              40.7024794432311
            ]
          ]
        ],
        "type": "MultiLineString"
      },
      "id": "tvpp-9vvx|964160|2026-09-19T12:00:00",
      "properties": {
        "borough": "Queens",
        "certified_pin": false,
        "display_geometry_role": "route",
        "end_date_time": "2026-09-19T12:00:00.000",
        "endpoint_1_nearest_source_endpoint_m": 0.151,
        "endpoint_2_nearest_source_endpoint_m": 0.082,
        "endpoint_tolerance_m": 50.0,
        "exact_pin_eligible": false,
        "geometry_authority": "nyc_dcp_geosupport_plus_lion",
        "geometry_precision": "official_centerline",
        "geometry_sha256": "3cc669ce7088391d612e67991b001e380f5740ab0ab45a5e37b81cb97049c3dd",
        "location": "PARSONS BOULEVARD between JAMAICA AVENUE and ARCHER AVENUE",
        "occurrence_id": "tvpp-9vvx|964160|2026-09-19T12:00:00",
        "publication_allowed": true,
        "source_dataset": "tvpp-9vvx",
        "source_event_id": "964160",
        "source_geometry_dataset_id": "2v4z-66xt",
        "source_geometry_dataset_name": "NYC DCP LION",
        "source_segment_id": "0057432",
        "start_date_time": "2026-09-19T12:00:00.000",
        "title": "Boombox in Jamaica",
        "validation_state": "validated"
      },
      "type": "Feature"
    },
    {
      "geometry": {
        "coordinates": [
          [
            [
              -73.80020147415199,
              40.703341285177764
            ],
            [
              -73.79995063103057,
              40.7024794432311
            ]
          ]
        ],
        "type": "MultiLineString"
      },
      "id": "tvpp-9vvx|964160|2026-09-20T12:00:00",
      "properties": {
        "borough": "Queens",
        "certified_pin": false,
        "display_geometry_role": "route",
        "end_date_time": "2026-09-20T12:00:00.000",
        "endpoint_1_nearest_source_endpoint_m": 0.151,
        "endpoint_2_nearest_source_endpoint_m": 0.082,
        "endpoint_tolerance_m": 50.0,
        "exact_pin_eligible": false,
        "geometry_authority": "nyc_dcp_geosupport_plus_lion",
        "geometry_precision": "official_centerline",
        "geometry_sha256": "3cc669ce7088391d612e67991b001e380f5740ab0ab45a5e37b81cb97049c3dd",
        "location": "PARSONS BOULEVARD between JAMAICA AVENUE and ARCHER AVENUE",
        "occurrence_id": "tvpp-9vvx|964160|2026-09-20T12:00:00",
        "publication_allowed": true,
        "source_dataset": "tvpp-9vvx",
        "source_event_id": "964160",
        "source_geometry_dataset_id": "2v4z-66xt",
        "source_geometry_dataset_name": "NYC DCP LION",
        "source_segment_id": "0057432",
        "start_date_time": "2026-09-20T12:00:00.000",
        "title": "Boombox in Jamaica",
        "validation_state": "validated"
      },
      "type": "Feature"
    },
    {
      "geometry": {
        "coordinates": [
          [
            [
              -73.80020147415199,
              40.703341285177764
            ],
            [
              -73.79995063103057,
              40.7024794432311
            ]
          ]
        ],
        "type": "MultiLineString"
      },
      "id": "tvpp-9vvx|964160|2026-09-21T12:00:00",
      "properties": {
        "borough": "Queens",
        "certified_pin": false,
        "display_geometry_role": "route",
        "end_date_time": "2026-09-21T12:00:00.000",
        "endpoint_1_nearest_source_endpoint_m": 0.151,
        "endpoint_2_nearest_source_endpoint_m": 0.082,
        "endpoint_tolerance_m": 50.0,
        "exact_pin_eligible": false,
        "geometry_authority": "nyc_dcp_geosupport_plus_lion",
        "geometry_precision": "official_centerline",
        "geometry_sha256": "3cc669ce7088391d612e67991b001e380f5740ab0ab45a5e37b81cb97049c3dd",
        "location": "PARSONS BOULEVARD between JAMAICA AVENUE and ARCHER AVENUE",
        "occurrence_id": "tvpp-9vvx|964160|2026-09-21T12:00:00",
        "publication_allowed": true,
        "source_dataset": "tvpp-9vvx",
        "source_event_id": "964160",
        "source_geometry_dataset_id": "2v4z-66xt",
        "source_geometry_dataset_name": "NYC DCP LION",
        "source_segment_id": "0057432",
        "start_date_time": "2026-09-21T12:00:00.000",
        "title": "Boombox in Jamaica",
        "validation_state": "validated"
      },
      "type": "Feature"
    },
    {
      "geometry": {
        "coordinates": [
          [
            [
              -73.80020147415199,
              40.703341285177764
            ],
            [
              -73.79995063103057,
              40.7024794432311
            ]
          ]
        ],
        "type": "MultiLineString"
      },
      "id": "tvpp-9vvx|964160|2026-09-22T12:00:00",
      "properties": {
        "borough": "Queens",
        "certified_pin": false,
        "display_geometry_role": "route",
        "end_date_time": "2026-09-22T12:00:00.000",
        "endpoint_1_nearest_source_endpoint_m": 0.151,
        "endpoint_2_nearest_source_endpoint_m": 0.082,
        "endpoint_tolerance_m": 50.0,
        "exact_pin_eligible": false,
        "geometry_authority": "nyc_dcp_geosupport_plus_lion",
        "geometry_precision": "official_centerline",
        "geometry_sha256": "3cc669ce7088391d612e67991b001e380f5740ab0ab45a5e37b81cb97049c3dd",
        "location": "PARSONS BOULEVARD between JAMAICA AVENUE and ARCHER AVENUE",
        "occurrence_id": "tvpp-9vvx|964160|2026-09-22T12:00:00",
        "publication_allowed": true,
        "source_dataset": "tvpp-9vvx",
        "source_event_id": "964160",
        "source_geometry_dataset_id": "2v4z-66xt",
        "source_geometry_dataset_name": "NYC DCP LION",
        "source_segment_id": "0057432",
        "start_date_time": "2026-09-22T12:00:00.000",
        "title": "Boombox in Jamaica",
        "validation_state": "validated"
      },
      "type": "Feature"
    },
    {
      "geometry": {
        "coordinates": [
          [
            [
              -73.80020147415199,
              40.703341285177764
            ],
            [
              -73.79995063103057,
              40.7024794432311
            ]
          ]
        ],
        "type": "MultiLineString"
      },
      "id": "tvpp-9vvx|964160|2026-09-23T12:00:00",
      "properties": {
        "borough": "Queens",
        "certified_pin": false,
        "display_geometry_role": "route",
        "end_date_time": "2026-09-23T12:00:00.000",
        "endpoint_1_nearest_source_endpoint_m": 0.151,
        "endpoint_2_nearest_source_endpoint_m": 0.082,
        "endpoint_tolerance_m": 50.0,
        "exact_pin_eligible": false,
        "geometry_authority": "nyc_dcp_geosupport_plus_lion",
        "geometry_precision": "official_centerline",
        "geometry_sha256": "3cc669ce7088391d612e67991b001e380f5740ab0ab45a5e37b81cb97049c3dd",
        "location": "PARSONS BOULEVARD between JAMAICA AVENUE and ARCHER AVENUE",
        "occurrence_id": "tvpp-9vvx|964160|2026-09-23T12:00:00",
        "publication_allowed": true,
        "source_dataset": "tvpp-9vvx",
        "source_event_id": "964160",
        "source_geometry_dataset_id": "2v4z-66xt",
        "source_geometry_dataset_name": "NYC DCP LION",
        "source_segment_id": "0057432",
        "start_date_time": "2026-09-23T12:00:00.000",
        "title": "Boombox in Jamaica",
        "validation_state": "validated"
      },
      "type": "Feature"
    },
    {
      "geometry": {
        "coordinates": [
          [
            [
              -73.80020147415199,
              40.703341285177764
            ],
            [
              -73.79995063103057,
              40.7024794432311
            ]
          ]
        ],
        "type": "MultiLineString"
      },
      "id": "tvpp-9vvx|964160|2026-09-24T12:00:00",
      "properties": {
        "borough": "Queens",
        "certified_pin": false,
        "display_geometry_role": "route",
        "end_date_time": "2026-09-24T12:00:00.000",
        "endpoint_1_nearest_source_endpoint_m": 0.151,
        "endpoint_2_nearest_source_endpoint_m": 0.082,
        "endpoint_tolerance_m": 50.0,
        "exact_pin_eligible": false,
        "geometry_authority": "nyc_dcp_geosupport_plus_lion",
        "geometry_precision": "official_centerline",
        "geometry_sha256": "3cc669ce7088391d612e67991b001e380f5740ab0ab45a5e37b81cb97049c3dd",
        "location": "PARSONS BOULEVARD between JAMAICA AVENUE and ARCHER AVENUE",
        "occurrence_id": "tvpp-9vvx|964160|2026-09-24T12:00:00",
        "publication_allowed": true,
        "source_dataset": "tvpp-9vvx",
        "source_event_id": "964160",
        "source_geometry_dataset_id": "2v4z-66xt",
        "source_geometry_dataset_name": "NYC DCP LION",
        "source_segment_id": "0057432",
        "start_date_time": "2026-09-24T12:00:00.000",
        "title": "Boombox in Jamaica",
        "validation_state": "validated"
      },
      "type": "Feature"
    },
    {
      "geometry": {
        "coordinates": [
          [
            [
              -73.80020147415199,
              40.703341285177764
            ],
            [
              -73.79995063103057,
              40.7024794432311
            ]
          ]
        ],
        "type": "MultiLineString"
      },
      "id": "tvpp-9vvx|964160|2026-09-25T12:00:00",
      "properties": {
        "borough": "Queens",
        "certified_pin": false,
        "display_geometry_role": "route",
        "end_date_time": "2026-09-25T12:00:00.000",
        "endpoint_1_nearest_source_endpoint_m": 0.151,
        "endpoint_2_nearest_source_endpoint_m": 0.082,
        "endpoint_tolerance_m": 50.0,
        "exact_pin_eligible": false,
        "geometry_authority": "nyc_dcp_geosupport_plus_lion",
        "geometry_precision": "official_centerline",
        "geometry_sha256": "3cc669ce7088391d612e67991b001e380f5740ab0ab45a5e37b81cb97049c3dd",
        "location": "PARSONS BOULEVARD between JAMAICA AVENUE and ARCHER AVENUE",
        "occurrence_id": "tvpp-9vvx|964160|2026-09-25T12:00:00",
        "publication_allowed": true,
        "source_dataset": "tvpp-9vvx",
        "source_event_id": "964160",
        "source_geometry_dataset_id": "2v4z-66xt",
        "source_geometry_dataset_name": "NYC DCP LION",
        "source_segment_id": "0057432",
        "start_date_time": "2026-09-25T12:00:00.000",
        "title": "Boombox in Jamaica",
        "validation_state": "validated"
      },
      "type": "Feature"
    },
    {
      "geometry": {
        "coordinates": [
          [
            [
              -73.80020147415199,
              40.703341285177764
            ],
            [
              -73.79995063103057,
              40.7024794432311
            ]
          ]
        ],
        "type": "MultiLineString"
      },
      "id": "tvpp-9vvx|964160|2026-09-26T12:00:00",
      "properties": {
        "borough": "Queens",
        "certified_pin": false,
        "display_geometry_role": "route",
        "end_date_time": "2026-09-26T12:00:00.000",
        "endpoint_1_nearest_source_endpoint_m": 0.151,
        "endpoint_2_nearest_source_endpoint_m": 0.082,
        "endpoint_tolerance_m": 50.0,
        "exact_pin_eligible": false,
        "geometry_authority": "nyc_dcp_geosupport_plus_lion",
        "geometry_precision": "official_centerline",
        "geometry_sha256": "3cc669ce7088391d612e67991b001e380f5740ab0ab45a5e37b81cb97049c3dd",
        "location": "PARSONS BOULEVARD between JAMAICA AVENUE and ARCHER AVENUE",
        "occurrence_id": "tvpp-9vvx|964160|2026-09-26T12:00:00",
        "publication_allowed": true,
        "source_dataset": "tvpp-9vvx",
        "source_event_id": "964160",
        "source_geometry_dataset_id": "2v4z-66xt",
        "source_geometry_dataset_name": "NYC DCP LION",
        "source_segment_id": "0057432",
        "start_date_time": "2026-09-26T12:00:00.000",
        "title": "Boombox in Jamaica",
        "validation_state": "validated"
      },
      "type": "Feature"
    },
    {
      "geometry": {
        "coordinates": [
          [
            [
              -73.80020147415199,
              40.703341285177764
            ],
            [
              -73.79995063103057,
              40.7024794432311
            ]
          ]
        ],
        "type": "MultiLineString"
      },
      "id": "tvpp-9vvx|964160|2026-09-27T12:00:00",
      "properties": {
        "borough": "Queens",
        "certified_pin": false,
        "display_geometry_role": "route",
        "end_date_time": "2026-09-27T12:00:00.000",
        "endpoint_1_nearest_source_endpoint_m": 0.151,
        "endpoint_2_nearest_source_endpoint_m": 0.082,
        "endpoint_tolerance_m": 50.0,
        "exact_pin_eligible": false,
        "geometry_authority": "nyc_dcp_geosupport_plus_lion",
        "geometry_precision": "official_centerline",
        "geometry_sha256": "3cc669ce7088391d612e67991b001e380f5740ab0ab45a5e37b81cb97049c3dd",
        "location": "PARSONS BOULEVARD between JAMAICA AVENUE and ARCHER AVENUE",
        "occurrence_id": "tvpp-9vvx|964160|2026-09-27T12:00:00",
        "publication_allowed": true,
        "source_dataset": "tvpp-9vvx",
        "source_event_id": "964160",
        "source_geometry_dataset_id": "2v4z-66xt",
        "source_geometry_dataset_name": "NYC DCP LION",
        "source_segment_id": "0057432",
        "start_date_time": "2026-09-27T12:00:00.000",
        "title": "Boombox in Jamaica",
        "validation_state": "validated"
      },
      "type": "Feature"
    },
    {
      "geometry": {
        "coordinates": [
          [
            [
              -73.80020147415199,
              40.703341285177764
            ],
            [
              -73.79995063103057,
              40.7024794432311
            ]
          ]
        ],
        "type": "MultiLineString"
      },
      "id": "tvpp-9vvx|964160|2026-09-28T12:00:00",
      "properties": {
        "borough": "Queens",
        "certified_pin": false,
        "display_geometry_role": "route",
        "end_date_time": "2026-09-28T12:00:00.000",
        "endpoint_1_nearest_source_endpoint_m": 0.151,
        "endpoint_2_nearest_source_endpoint_m": 0.082,
        "endpoint_tolerance_m": 50.0,
        "exact_pin_eligible": false,
        "geometry_authority": "nyc_dcp_geosupport_plus_lion",
        "geometry_precision": "official_centerline",
        "geometry_sha256": "3cc669ce7088391d612e67991b001e380f5740ab0ab45a5e37b81cb97049c3dd",
        "location": "PARSONS BOULEVARD between JAMAICA AVENUE and ARCHER AVENUE",
        "occurrence_id": "tvpp-9vvx|964160|2026-09-28T12:00:00",
        "publication_allowed": true,
        "source_dataset": "tvpp-9vvx",
        "source_event_id": "964160",
        "source_geometry_dataset_id": "2v4z-66xt",
        "source_geometry_dataset_name": "NYC DCP LION",
        "source_segment_id": "0057432",
        "start_date_time": "2026-09-28T12:00:00.000",
        "title": "Boombox in Jamaica",
        "validation_state": "validated"
      },
      "type": "Feature"
    },
    {
      "geometry": {
        "coordinates": [
          [
            [
              -73.80020147415199,
              40.703341285177764
            ],
            [
              -73.79995063103057,
              40.7024794432311
            ]
          ]
        ],
        "type": "MultiLineString"
      },
      "id": "tvpp-9vvx|964160|2026-09-29T12:00:00",
      "properties": {
        "borough": "Queens",
        "certified_pin": false,
        "display_geometry_role": "route",
        "end_date_time": "2026-09-29T12:00:00.000",
        "endpoint_1_nearest_source_endpoint_m": 0.151,
        "endpoint_2_nearest_source_endpoint_m": 0.082,
        "endpoint_tolerance_m": 50.0,
        "exact_pin_eligible": false,
        "geometry_authority": "nyc_dcp_geosupport_plus_lion",
        "geometry_precision": "official_centerline",
        "geometry_sha256": "3cc669ce7088391d612e67991b001e380f5740ab0ab45a5e37b81cb97049c3dd",
        "location": "PARSONS BOULEVARD between JAMAICA AVENUE and ARCHER AVENUE",
        "occurrence_id": "tvpp-9vvx|964160|2026-09-29T12:00:00",
        "publication_allowed": true,
        "source_dataset": "tvpp-9vvx",
        "source_event_id": "964160",
        "source_geometry_dataset_id": "2v4z-66xt",
        "source_geometry_dataset_name": "NYC DCP LION",
        "source_segment_id": "0057432",
        "start_date_time": "2026-09-29T12:00:00.000",
        "title": "Boombox in Jamaica",
        "validation_state": "validated"
      },
      "type": "Feature"
    },
    {
      "geometry": {
        "coordinates": [
          [
            [
              -73.86272633908168,
              40.7498679374068
            ],
            [
              -73.86175071446469,
              40.74996759130155
            ]
          ]
        ],
        "type": "MultiLineString"
      },
      "id": "tvpp-9vvx|911518|2026-09-04T08:00:00",
      "properties": {
        "borough": "Queens",
        "certified_pin": false,
        "display_geometry_role": "route",
        "end_date_time": "2026-09-04T17:00:00.000",
        "endpoint_1_nearest_source_endpoint_m": 0.122,
        "endpoint_2_nearest_source_endpoint_m": 0.07,
        "endpoint_tolerance_m": 50.0,
        "exact_pin_eligible": false,
        "geometry_authority": "nyc_dcp_geosupport_plus_lion",
        "geometry_precision": "official_centerline",
        "geometry_sha256": "585324cd17bf99c269f90aa884d6fc59f97481c1bcdf0321a54c798cd881ef15",
        "location": "ROOSEVELT AVENUE between 103 STREET and 104 STREET",
        "occurrence_id": "tvpp-9vvx|911518|2026-09-04T08:00:00",
        "publication_allowed": true,
        "source_dataset": "tvpp-9vvx",
        "source_event_id": "911518",
        "source_geometry_dataset_id": "2v4z-66xt",
        "source_geometry_dataset_name": "NYC DCP LION",
        "source_segment_id": "0083402",
        "start_date_time": "2026-09-04T08:00:00.000",
        "title": "Corona Greenmarket  Friday",
        "validation_state": "validated"
      },
      "type": "Feature"
    },
    {
      "geometry": {
        "coordinates": [
          [
            [
              -73.86272633908168,
              40.7498679374068
            ],
            [
              -73.86175071446469,
              40.74996759130155
            ]
          ]
        ],
        "type": "MultiLineString"
      },
      "id": "tvpp-9vvx|911518|2026-09-11T08:00:00",
      "properties": {
        "borough": "Queens",
        "certified_pin": false,
        "display_geometry_role": "route",
        "end_date_time": "2026-09-11T17:00:00.000",
        "endpoint_1_nearest_source_endpoint_m": 0.122,
        "endpoint_2_nearest_source_endpoint_m": 0.07,
        "endpoint_tolerance_m": 50.0,
        "exact_pin_eligible": false,
        "geometry_authority": "nyc_dcp_geosupport_plus_lion",
        "geometry_precision": "official_centerline",
        "geometry_sha256": "585324cd17bf99c269f90aa884d6fc59f97481c1bcdf0321a54c798cd881ef15",
        "location": "ROOSEVELT AVENUE between 103 STREET and 104 STREET",
        "occurrence_id": "tvpp-9vvx|911518|2026-09-11T08:00:00",
        "publication_allowed": true,
        "source_dataset": "tvpp-9vvx",
        "source_event_id": "911518",
        "source_geometry_dataset_id": "2v4z-66xt",
        "source_geometry_dataset_name": "NYC DCP LION",
        "source_segment_id": "0083402",
        "start_date_time": "2026-09-11T08:00:00.000",
        "title": "Corona Greenmarket  Friday",
        "validation_state": "validated"
      },
      "type": "Feature"
    },
    {
      "geometry": {
        "coordinates": [
          [
            [
              -73.86272633908168,
              40.7498679374068
            ],
            [
              -73.86175071446469,
              40.74996759130155
            ]
          ]
        ],
        "type": "MultiLineString"
      },
      "id": "tvpp-9vvx|911518|2026-09-18T08:00:00",
      "properties": {
        "borough": "Queens",
        "certified_pin": false,
        "display_geometry_role": "route",
        "end_date_time": "2026-09-18T17:00:00.000",
        "endpoint_1_nearest_source_endpoint_m": 0.122,
        "endpoint_2_nearest_source_endpoint_m": 0.07,
        "endpoint_tolerance_m": 50.0,
        "exact_pin_eligible": false,
        "geometry_authority": "nyc_dcp_geosupport_plus_lion",
        "geometry_precision": "official_centerline",
        "geometry_sha256": "585324cd17bf99c269f90aa884d6fc59f97481c1bcdf0321a54c798cd881ef15",
        "location": "ROOSEVELT AVENUE between 103 STREET and 104 STREET",
        "occurrence_id": "tvpp-9vvx|911518|2026-09-18T08:00:00",
        "publication_allowed": true,
        "source_dataset": "tvpp-9vvx",
        "source_event_id": "911518",
        "source_geometry_dataset_id": "2v4z-66xt",
        "source_geometry_dataset_name": "NYC DCP LION",
        "source_segment_id": "0083402",
        "start_date_time": "2026-09-18T08:00:00.000",
        "title": "Corona Greenmarket  Friday",
        "validation_state": "validated"
      },
      "type": "Feature"
    },
    {
      "geometry": {
        "coordinates": [
          [
            [
              -73.86272633908168,
              40.7498679374068
            ],
            [
              -73.86175071446469,
              40.74996759130155
            ]
          ]
        ],
        "type": "MultiLineString"
      },
      "id": "tvpp-9vvx|911518|2026-09-25T08:00:00",
      "properties": {
        "borough": "Queens",
        "certified_pin": false,
        "display_geometry_role": "route",
        "end_date_time": "2026-09-25T17:00:00.000",
        "endpoint_1_nearest_source_endpoint_m": 0.122,
        "endpoint_2_nearest_source_endpoint_m": 0.07,
        "endpoint_tolerance_m": 50.0,
        "exact_pin_eligible": false,
        "geometry_authority": "nyc_dcp_geosupport_plus_lion",
        "geometry_precision": "official_centerline",
        "geometry_sha256": "585324cd17bf99c269f90aa884d6fc59f97481c1bcdf0321a54c798cd881ef15",
        "location": "ROOSEVELT AVENUE between 103 STREET and 104 STREET",
        "occurrence_id": "tvpp-9vvx|911518|2026-09-25T08:00:00",
        "publication_allowed": true,
        "source_dataset": "tvpp-9vvx",
        "source_event_id": "911518",
        "source_geometry_dataset_id": "2v4z-66xt",
        "source_geometry_dataset_name": "NYC DCP LION",
        "source_segment_id": "0083402",
        "start_date_time": "2026-09-25T08:00:00.000",
        "title": "Corona Greenmarket  Friday",
        "validation_state": "validated"
      },
      "type": "Feature"
    },
    {
      "geometry": {
        "coordinates": [
          [
            [
              -74.1388156494489,
              40.60573115358505
            ],
            [
              -74.13870946000753,
              40.604563213677196
            ]
          ]
        ],
        "type": "MultiLineString"
      },
      "id": "tvpp-9vvx|962373|2026-09-06T15:00:00",
      "properties": {
        "borough": "Staten Island",
        "certified_pin": false,
        "display_geometry_role": "route",
        "end_date_time": "2026-09-06T20:00:00.000",
        "endpoint_1_nearest_source_endpoint_m": 0.14,
        "endpoint_2_nearest_source_endpoint_m": 0.237,
        "endpoint_tolerance_m": 50.0,
        "exact_pin_eligible": false,
        "geometry_authority": "nyc_dcp_geosupport_plus_lion",
        "geometry_precision": "official_centerline",
        "geometry_sha256": "797055aa79d2381f96a756bf2375429aa00eea27cfd22b3450ff535fd0ce3506",
        "location": "ARDMORE AVENUE between WESTWOOD AVENUE and DAWSON STREET",
        "occurrence_id": "tvpp-9vvx|962373|2026-09-06T15:00:00",
        "publication_allowed": true,
        "source_dataset": "tvpp-9vvx",
        "source_event_id": "962373",
        "source_geometry_dataset_id": "2v4z-66xt",
        "source_geometry_dataset_name": "NYC DCP LION",
        "source_segment_id": "0007992",
        "start_date_time": "2026-09-06T15:00:00.000",
        "title": "Community wide meet and greet",
        "validation_state": "validated"
      },
      "type": "Feature"
    },
    {
      "geometry": {
        "coordinates": [
          [
            [
              -74.15580182972475,
              40.55661494333596
            ],
            [
              -74.15670558795668,
              40.558671985270095
            ]
          ]
        ],
        "type": "MultiLineString"
      },
      "id": "tvpp-9vvx|959817|2026-09-12T12:00:00",
      "properties": {
        "borough": "Staten Island",
        "certified_pin": false,
        "display_geometry_role": "route",
        "end_date_time": "2026-09-12T21:00:00.000",
        "endpoint_1_nearest_source_endpoint_m": 0.164,
        "endpoint_2_nearest_source_endpoint_m": 0.154,
        "endpoint_tolerance_m": 50.0,
        "exact_pin_eligible": false,
        "geometry_authority": "nyc_dcp_geosupport_plus_lion",
        "geometry_precision": "official_centerline",
        "geometry_sha256": "c72078be231debec6307a015bf2df7a8699ae894eca137a82ae833f4072aa66b",
        "location": "DOANE AVENUE between BARLOW AVENUE and LEVERETT AVENUE",
        "occurrence_id": "tvpp-9vvx|959817|2026-09-12T12:00:00",
        "publication_allowed": true,
        "source_dataset": "tvpp-9vvx",
        "source_event_id": "959817",
        "source_geometry_dataset_id": "2v4z-66xt",
        "source_geometry_dataset_name": "NYC DCP LION",
        "source_segment_id": "0006406",
        "start_date_time": "2026-09-12T12:00:00.000",
        "title": "2026 Block Party",
        "validation_state": "validated"
      },
      "type": "Feature"
    },
    {
      "geometry": {
        "coordinates": [
          [
            [
              -74.10613354488171,
              40.62777493880777
            ],
            [
              -74.10579030939053,
              40.62609661284367
            ]
          ]
        ],
        "type": "MultiLineString"
      },
      "id": "tvpp-9vvx|955729|2026-09-12T13:00:00",
      "properties": {
        "borough": "Staten Island",
        "certified_pin": false,
        "display_geometry_role": "route",
        "end_date_time": "2026-09-12T20:30:00.000",
        "endpoint_1_nearest_source_endpoint_m": 0.05,
        "endpoint_2_nearest_source_endpoint_m": 0.17,
        "endpoint_tolerance_m": 50.0,
        "exact_pin_eligible": false,
        "geometry_authority": "nyc_dcp_geosupport_plus_lion",
        "geometry_precision": "official_centerline",
        "geometry_sha256": "9aaac19cfe23158ee5a80de1bf22f46bd7bb319148597be6feaa66173f7c5567",
        "location": "HART AVENUE between MATTHEWS AVENUE and HARVEST AVENUE",
        "occurrence_id": "tvpp-9vvx|955729|2026-09-12T13:00:00",
        "publication_allowed": true,
        "source_dataset": "tvpp-9vvx",
        "source_event_id": "955729",
        "source_geometry_dataset_id": "2v4z-66xt",
        "source_geometry_dataset_name": "NYC DCP LION",
        "source_segment_id": "0012904",
        "start_date_time": "2026-09-12T13:00:00.000",
        "title": "2026 Hart Avenue Block Party",
        "validation_state": "validated"
      },
      "type": "Feature"
    },
    {
      "geometry": {
        "coordinates": [
          [
            [
              -74.17968222978473,
              40.53812010790472
            ],
            [
              -74.18064811159734,
              40.53710248847352
            ]
          ]
        ],
        "type": "MultiLineString"
      },
      "id": "tvpp-9vvx|946907|2026-09-05T13:00:00",
      "properties": {
        "borough": "Staten Island",
        "certified_pin": false,
        "display_geometry_role": "route",
        "end_date_time": "2026-09-05T21:00:00.000",
        "endpoint_1_nearest_source_endpoint_m": 0.161,
        "endpoint_2_nearest_source_endpoint_m": 0.169,
        "endpoint_tolerance_m": 50.0,
        "exact_pin_eligible": false,
        "geometry_authority": "nyc_dcp_geosupport_plus_lion",
        "geometry_precision": "official_centerline",
        "geometry_sha256": "6a535bf058a2372d58f29082c040ef29c2ed1c8e7c5bb5ff7e00a60bcbca293c",
        "location": "TENAFLY PLACE between ELY COURT and HODA PLACE",
        "occurrence_id": "tvpp-9vvx|946907|2026-09-05T13:00:00",
        "publication_allowed": true,
        "source_dataset": "tvpp-9vvx",
        "source_event_id": "946907",
        "source_geometry_dataset_id": "2v4z-66xt",
        "source_geometry_dataset_name": "NYC DCP LION",
        "source_segment_id": "0110106",
        "start_date_time": "2026-09-05T13:00:00.000",
        "title": "Tenafly place block party/birthday party",
        "validation_state": "validated"
      },
      "type": "Feature"
    }
  ],
  "metadata": {
    "generated_at_utc": "2026-08-31T01:24:42.741316Z",
    "geometry_roles": [
      "route"
    ],
    "point_geometry_allowed": false,
    "schema_version": "NYCIF_STREET_SEGMENT_ROUTE_READER_V1",
    "source_dataset_id": "2v4z-66xt"
  },
  "type": "FeatureCollection"
}
